0.000796749844573357,1031.42132660777,0.000332902604997435,0.000333259305284472,0.000333465644795101,0.000333705778251383,2.310985867133e-10,2
0.0015934996888625,2062.84265020004,0.000665805209897032,0.000666518610670254,0.00066693128953732,0.000667411556557118,1.15574636392444e-10,2
0.00239024953315165,3094.2639737923,0.000998707814796629,0.000999777916056035,0.00100039693427954,0.00100111733486286,7.70024504775771e-11,2
0.00318699937744079,4125.68529738457,0.00133161041969623,0.00133303722144181,0.00133386257902175,0.00133482311316859,5.77822495638042e-11,2
0.00396378709511882,5120.51373012347,0.00166357328034813,0.00166704612979763,0.00166803874674282,0.00166800850977808,4.04713263605771e-10,5
0.00472028662907853,6078.79573678093,0.00199674463541713,0.00200050251049919,0.00200167746736318,0.0020010753867205,3.23096604285631e-07,4
0.00546921583546128,7023.09256129234,0.00232978309306327,0.00233426383861079,0.0023362594095714,0.00233302699208788,1.03886999324748e-07,5
0.00619013527293716,7915.80312739535,0.00266284550721662,0.00267000639530573,0.00266989198741991,0.00266392277672441,3.79982636239053e-09,5
0.00688714527968043,8765.47099892541,0.00299484272370913,0.00300239289709027,0.00300486332042839,0.00299790105877222,8.95983281762526e-13,6
0.00755654981221247,9565.52527895794,0.00332801734116173,0.00333200013064605,0.00334120554231863,0.00333211031920693,3.99850562400015e-08,5
0.00820012030209639,10319.1234719993,0.00365919556558505,0.00366662969242206,0.00367448211021728,0.00366635929844228,6.39360810773754e-10,5
0.00881673124877585,11024.4590969504,0.00399237087672077,0.00400198289836202,0.00400744747674791,0.0039981987481693,4.79230323952755e-07,5
0.00940493160438121,11679.0001403661,0.00432562227635387,0.00433550112141498,0.00434113840446414,0.00433107153110035,1.61088721258179e-07,5
0.0099713582159037,12294.5479581314,0.00465952213830669,0.00466906981853644,0.00467481970765837,0.00466325500216517,2.68204519940924e-09,6
0.0105080016113459,12856.4901517143,0.00499083748225164,0.0050009719755305,0.0050109275971591,0.00499726294505877,2.63709901483152e-07,6
0.0110226691776566,13378.6781000089,0.00532385551170619,0.00533198538349263,0.00534855500519153,0.00532893743294297,7.98544167823292e-09,6
0.011514149729541,13858.3552972371,0.00565547358168501,0.00566382753731454,0.00568567664759945,0.00566168890006768,1.14594322346802e-07,6
0.0119839873364889,14297.5385344044,0.00598751244716491,0.00599234055530747,0.00602361737254926,0.00599652962497835,7.6785933788891e-08,6
0.0124347313503436,14700.3931954798,0.00631820492787782,0.00632211915991902,0.00636203580414913,0.00633097344138737,8.70810183359702e-13,7
0.0128655649254047,15063.9289400155,0.0066499211649791,0.00665161654791049,0.00670062349871751,0.00666450545505957,8.67465243157507e-08,6
0.0132777647811343,15389.1963741327,0.00698071434247699,0.00698003271439039,0.00704023139461771,0.00699902154851492,1.32600421994324e-08,7
0.0136740238972725,15680.6943705319,0.00731116502142539,0.0073121352434082,0.00737739480524492,0.00733263826325482,4.45182577124644e-12,7
0.0140551869665936,15937.9058838133,0.00764122334879792,0.00764367885790345,0.00771436197501935,0.00766740248494594,7.9699467074911e-12,8
0.0144219950253554,16160.6053145038,0.00797034110108151,0.00797459494008574,0.0080513646938095,0.00800369926502325,1.2710665360681e-11,7
0.0146001293725978,16258.4623406619,0.00813512329931474,0.00814067456675007,0.0082188765280758,0.00817199227252607,3.81060793785045e-10,7
0.0146440460870991,16281.2557037901,0.00817651129875312,0.00818223146628992,0.00826069609692458,0.00821389447136572,3.28819005784697e-10,9
0.0146877682661644,16303.5094955929,0.00821780343898893,0.00822369589664551,0.00830254455688094,0.00825595610748461,7.860760076139e-12,8
0.0147312511076365,16325.0829466688,0.00825908384298859,0.0082651239469153,0.00834447487744953,0.00829798399931325,2.12353958011756e-10,56
0.0147745472319051,16346.1383101492,0.0083002323876613,0.00830663556040653,0.00838641885041366,0.00834004653485184,1.22893307387228e-07,8
0.0148605431159667,16386.5591295555,0.00838218638069999,0.00838982132975364,0.00847031026578014,0.00842434869043291,7.09251776430799e-09,8
0.0149457325267078,16424.6676364872,0.0084638281608749,0.00847307337561556,0.00855400984405685,0.0085090886194527,1.22275504330309e-11,8
0.01511367680832,16493.4684306924,0.00862735097917328,0.00863959765687984,0.0087211294671717,0.00867858856344184,1.84753587466579e-08,8
0.0152782586933696,16551.4861877948,0.0087911015565295,0.00880657332954004,0.0088875582284583,0.00884810021880551,1.17014497947184e-08,8
0.0154390266032496,16596.4458510699,0.00895443931832328,0.00897359644917961,0.00905364712903182,0.00901831710346528,3.32867598233408e-08,13
0.0157488450218245,16641.5363498946,0.00928019707602974,0.00930925976282226,0.00938339414603617,0.00936048234844516,1.10321134649074e-08,84
0.0158895388668957,16600.9222340977,0.00943748172351279,0.00948353615695652,0.00954190271818722,0.00953707940134348,8.98895213196407e-13,8
0.0160228695329092,16524.8587000594,0.0095953701296502,0.009657386472187,0.00969997123268404,0.00971393883214542,2.70740473387753e-14,8
0.0162857554998881,16351.4779157372,0.00991270886557524,0.0100033530517501,0.0100173113806707,0.010066626702004,3.54067886198675e-08,8
0.0165463504447745,16164.4448726216,0.0102320715146302,0.0103475580303296,0.010336171977808,0.0104175318105655,9.61371570173024e-13,9
0.0168058742432453,15970.6299105752,0.0105536422314945,0.0106899410573943,0.0106572349751332,0.0107658484026447,7.12374824553382e-08,8
0.0170648560686487,15773.1040084547,0.0108771211761271,0.0110305899674414,0.0109806806101575,0.011111608246274,2.61735436697885e-08,8
0.0173236155318856,15573.5557620477,0.0112021675892008,0.0113697859484507,0.0113062002601522,0.0114551795355296,1.70808596861331e-09,9
0.0175822802634117,15372.6464448068,0.0115288088152229,0.0117077306847883,0.0116335159322514,0.0117966112344042,3.18841133235658e-10,9
0.0178409787776045,15171.0243223469,0.0118566613289796,0.0120446347896081,0.0119624743692989,0.0121362295121133,3.77921544732208e-08,8
0.0180998668774466,14969.4001251841,0.0121854870342904,0.0123805527585475,0.0122929447247979,0.0124743488156976,1.59838506938243e-11,7
0.0183591656074242,14768.5473952102,0.012514865275717,0.0127158853880258,0.0126244656990179,0.012811450303906,3.52668499135307e-10,8
0.0186189728041568,14568.971043756,0.0128449832865866,0.0130505877570837,0.012956765415047,0.0131476635412827,4.58462118528438e-07,8
0.0188793809565825,14371.0507666108,0.0131756318005163,0.0133848851496016,0.0132896470569946,0.0134831693262209,1.48140177021627e-09,10
0.0191405024621779,14175.1500665802,0.0135066378713922,0.0137188894836313,0.0136230623134598,0.0138180769981833,1.88252926811587e-09,8
0.0194023315015315,13981.3287013874,0.0138380330051777,0.0140528284032679,0.0139568306415565,0.0141523079499979,4.67566081204125e-08,8
0.0196649194799508,13789.7195060626,0.0141697949471961,0.0143867646845165,0.0142908201858627,0.0144859535157581,1.24832301910668e-12,9
0.0199281897956003,13600.0105379138,0.0145017882945465,0.0147207950813862,0.0146246534282465,0.0148194298624875,6.60264190344735e-11,9
0.0201921829990517,13412.3490621736,0.0148339413246243,0.015054805905516,0.0149585343422252,0.0151527184276346,2.63976229430694e-08,8
0.020456954051701,13226.9029424143,0.0151663170318521,0.0153887446913719,0.015292499876066,0.0154857717340433,7.79349544950698e-10,7
0.020722527722028,13043.7938336166,0.0154989339925501,0.0157226627057175,0.0156264800727461,0.015818589895653,9.47164353410525e-09,7
0.0209888773411673,12862.9771111926,0.0158317424570165,0.0160565023238824,0.0159604912386889,0.0161512639804122,6.99716972502101e-10,7
0.0212560341896819,12684.5587214844,0.0161647747502142,0.0163902105524825,0.0162945754458038,0.0164837725848328,1.29959431606729e-11,6
0.021524021308623,12508.5983231365,0.0164979880053481,0.0167238609499598,0.0166286813946975,0.0168161363166612,9.51786970351948e-11,6
0.0217928773819884,12335.1811953933,0.0168314231353821,0.0170573951409585,0.0169627835618874,0.017148398161772,3.41358161167061e-12,6
0.0220625903347034,12164.2826184592,0.0171650414117564,0.0173907983598652,0.0172969171557214,0.0174805764059904,1.47487719473933e-07,6
0.0223331654898143,11995.9224818785,0.0174987909664722,0.0177241521273572,0.0176310383120762,0.0178126852607611,7.57728910873023e-07,5
0.0226046420611259,11830.1607841396,0.017832613472823,0.0180574624742253,0.0179651547142839,0.0181447693386677,6.01392031348586e-09,6
0.0228769954890273,11666.9387584447,0.0181665033779802,0.0183906933356916,0.0182992979589564,0.0184768386607051,4.09865401119341e-07,5
0.0231501951382063,11506.2089340729,0.0185004834663644,0.0187238804873357,0.0186334308365607,0.0188088718764059,5.80961800570695e-08,6
0.0234242440492578,11347.9583334469,0.0188345576652315,0.0190569983532046,0.01896756946736,0.0191408745142039,2.20806238288836e-10,6
0.0236991303353105,11192.1618434891,0.0191687323022543,0.0193900671451243,0.0193016968597588,0.019472837026196,4.75731904304705e-09,6
0.0239748643769208,11038.8344026964,0.0195029222313278,0.0197231126540409,0.0196358240014046,0.0198048077798933,4.26242615554434e-08,5
0.0242514250417178,10887.9079729893,0.019837199010375,0.0200560976265935,0.0199699543948445,0.0201367489681869,4.94301459418024e-13,6
0.0245288060234999,10739.3497500058,0.0201715782280001,0.0203890046145574,0.0203040974069347,0.0204686530838411,1.59041352732924e-07,5
0.0248069945715389,10593.1137424211,0.020506030481016,0.020721872513215,0.020638228808439,0.0208005348639966,7.87713078729584e-10,5
0.02508598894327,10449.1769770138,0.0208405768968097,0.0210547047610063,0.0209723513456162,0.0211323669965679,1.4945666237192e-10,5
0.0253657788561856,10307.5032787598,0.0211751921351531,0.021387467023194,0.0213064819753932,0.021464192199593,5.37449902287991e-11,5
0.0256463373242643,10168.0262216187,0.0215098922730286,0.0217201857290088,0.0216405945861303,0.021795994078499,1.01695335268196e-07,5
0.0259276559859181,10030.7130272962,0.0218446640486283,0.0220528764473307,0.0219746779755823,0.0221277815284588,2.27137134487726e-07,5
0.0262097281821122,9895.53635615826,0.0221795015717949,0.0223855422036981,0.0223087364934759,0.0224595530643645,2.08389107434107e-12,6
0.0264925433865047,9762.45995025005,0.0225143823982662,0.0227181890972814,0.022642775144223,0.0227913200268961,2.39451963280992e-12,6
0.0267761104012435,9631.49483729415,0.0228492634245192,0.0230508287707514,0.0229767894874063,0.0231231183173231,8.91741364008742e-07,4
0.0270604097910775,9502.57956867189,0.0231841467630793,0.0233834714440025,0.0233107886949865,0.0234549264312651,3.67661090332599e-10,4
0.0273454232517569,9375.66485721453,0.0235190481888506,0.0237161067320487,0.0236447698804565,0.023786741865311,3.18817089090395e-10,4
0.0276311389769516,9250.71641649084,0.0238539719987475,0.0240487319949726,0.0239787323357685,0.0241185636705114,2.75980195464573e-10,4
0.0279175451406133,9127.69448119445,0.0241889177181509,0.0243813484380591,0.0243126758744054,0.0244503913027179,2.39374141887836e-10,4
0.0282046322837902,9006.56644727066,0.0245238818821002,0.0247139589395047,0.0246466011801385,0.0247822246649233,2.07259526361156e-10,4
0.0284923944752256,8887.31449215095,0.0248588579320435,0.0250465751867816,0.0249804905393498,0.0251140763418251,2.05445929438089e-10,4
0.028780822411838,8769.91108414952,0.0251938379641145,0.0253791958684689,0.0253143543334564,0.0254459451672935,1.47743726680298e-10,4
0.0290699104687997,8654.32390563421,0.0255288078369395,0.0257118336282768,0.0256481821894969,0.0257778430119536,8.96154269822817e-11,4
0.0293596526270155,8540.52071114648,0.0258637636480095,0.0260444950831176,0.025981970061381,0.0261097712074919,1.06096716385664e-10,4
0.0296500294807413,8428.45633269189,0.0261987222292611,0.026377164557232,0.0263157244998414,0.0264417220469988,9.19842609870647e-11,4
0.0299410274989256,8318.09540309831,0.0265336763251622,0.0267098353066842,0.0266494649725897,0.0267736900622306,7.93652524768787e-11,4
0.0302326375401876,8209.40855896381,0.0268686192770318,0.0270425115219964,0.0269831924199927,0.0271056767809792,6.91191330544892e-11,4
0.0305248518253382,8102.37259324274,0.0272035431842603,0.0273751999635593,0.0273169051396832,0.0274376850458305,6.04617374845634e-11,4
0.0308176582732604,7996.95192570877,0.0275384530203372,0.0277078957588639,0.0276506045502907,0.0277697133371748,1.007303468437e-10,4
0.0311110466440882,7893.11600449783,0.0278733524574142,0.0280405963389269,0.0279842913794721,0.0281017598241868,4.46840513488126e-11,4
0.0314050077878967,7790.83721682184,0.0282082404373279,0.0283733023167488,0.0283179664633833,0.0284338241158733,4.06045701729673e-11,4
0.0316995321318418,7690.08708178917,0.0285431153404797,0.0287060148817747,0.0286516293278458,0.0287659071165664,3.75750037722631e-11,4
0.0319946106544262,7590.838633618,0.0288779760222069,0.0290387345332865,0.028985280380513,0.0290980090639936,3.50821658423881e-11,4
0.0322902344641704,7493.06541887056,0.0292128214823155,0.0293714617070422,0.0293189200046629,0.0294301301393128,3.42148079824895e-11,4
0.0325863950113175,7396.74228968872,0.0295476499881961,0.0297041972282754,0.0296525484743492,0.029762270975846,3.16154207475716e-10,4
0.0328830848318348,7301.84669675356,0.0298824579527839,0.0300369416942043,0.0299861668731983,0.0300944334798135,3.08629515642473e-11,4
0.0331802965224424,7208.35484877081,0.030217247139072,0.0303696905363947,0.0303197780055082,0.0304266176523585,2.88614476800017e-11,4
0.0334780209142636,7116.2411055023,0.0305520190108609,0.0307024512153929,0.0306533722624675,0.0307588241779453,6.3825943766341e-11,4
0.0337762518463726,7025.48308022803,0.0308867659447057,0.0310352295120353,0.0309869469223261,0.0310910576209329,1.02775146418885e-10,4
0.0340749783406301,6936.05312610153,0.0312214886303871,0.0313680197243415,0.0313205129568595,0.0314233120217452,2.46475308923958e-11,4
0.0343741915980996,6847.92709744912,0.0315561928348739,0.0317008179033231,0.0316540707934173,0.0317555851350524,2.31004467333338e-11,4
0.0346738879372854,6761.09185923254,0.0318908657202023,0.032033627405981,0.0319876229680882,0.0320878839057285,2.12116282569332e-11,4
0.0349740550651216,6675.51499778104,0.0322255200694652,0.0323664457360378,0.0323211669990055,0.0324202005288248,2.00676082321599e-11,4
0.0352746854285916,6591.17487246213,0.0325601557494622,0.0326992729126231,0.0326547031788038,0.0327525348257776,1.92145257877284e-11,4
0.0355757716064273,6508.05028149145,0.0328947726746079,0.0330321089344006,0.0329882317900524,0.033084886600939,4.44342544239696e-11,4
0.0358773063052502,6426.12045096036,0.0332293708054123,0.033364953779817,0.033321753105424,0.03341725564268,1.73821957892651e-11,4
0.0361792842292372,6345.36944161575,0.0335639448333809,0.0336978100064437,0.0336552682840266,0.0337496435428155,1.54476619806297e-11,4
0.0364817043933581,6265.78694570901,0.0338984994684952,0.034030662564125,0.0339887836132003,0.0340820543541795,1.50394856172076e-11,4
0.0367845522700443,6187.33964407748,0.0342330367526082,0.0343635214921744,0.0343222932833709,0.0344144818051798,1.38822853546618e-11,4
0.0370878204655397,6110.00757372387,0.034567555581477,0.0346963893648058,0.0346557963977117,0.0347469253226722,1.29964937165052e-11,4
0.037391502316351,6033.77198867133,0.0349020560717029,0.035029266081137,0.0349892931910986,0.0350793846560614,1.22091172358404e-11,4
0.0376955912779934,5958.61452093561,0.03523653836149,0.03536215153066,0.0353227838916717,0.0354118595495117,1.19319479669747e-11,4
0.0380000809236098,5884.51717218505,0.0355710026087322,0.0356950455977952,0.0356562687154876,0.0357443497446517,1.09026550054548e-11,4
0.0383049658454633,5811.46355887481,0.0359054507676743,0.036027948608685,0.0359897498529699,0.0360768507706708,9.42700269621773e-11,4
0.0386102392890416,5739.43633475881,0.0362398824887932,0.0363608592159355,0.0363232268100514,0.0364093648185534,9.90664727349334e-12,4
0.0389158949033832,5668.41774387102,0.0365742964809151,0.0366937784173344,0.0366566979017651,0.036741893866652,9.8285354345248e-11,4
0.0392219288095001,5598.39428767008,0.0369086942859663,0.0370267093531292,0.0369901566407087,0.0370744397201957,1.00020691899086e-11,4
0.0395283343601819,5529.34828879959,0.0372430759690668,0.0373596504590334,0.0373236057630144,0.0374070011422188,9.01167681242075e-12,4
0.0398351042775372,5461.2615351646,0.0375774407060254,0.037692599255665,0.0376570503208502,0.0377395763841261,8.34587135335093e-12,4
0.040142232904022,5394.1183969007,0.0379117887364101,0.0380255556041791,0.0379904904787848,0.038072165180626,7.44703432378991e-12,4
0.0404497148858553,5327.90380655359,0.0382461206987403,0.0383585194915634,0.0383239268938402,0.0384047662491895,8.37915858964089e-12,4
0.0407575462676174,5262.60463847341,0.0385804397647944,0.0386914917211091,0.038657363420485,0.0387373717602782,7.16559826788364e-12,4
0.041065719996933,5198.20406590565,0.0389147428752599,0.03902447109046,0.0389907959710163,0.0390699900632639,6.80494457232634e-12,4
0.0413742307775708,5134.68756474096,0.0392490302259937,0.0393574574377114,0.0393242246634524,0.0394026210061758,1.11294492121161e-10,4
0.0416830734421172,5072.0409756176,0.0395833020743302,0.0396904506221817,0.0396576496340837,0.0397352643360711,6.07647628586357e-12,4
0.0419922429154261,5010.25041319282,0.0399175586784204,0.0400234505035831,0.0399910710145423,0.0400679198034542,5.67802167781192e-12,4
0.0423017342128108,4949.30226000994,0.0402518002965048,0.0403564569425398,0.040324488931788,0.0404005871625006,5.54791597678006e-12,4
0.042611542473581,4889.18321213841,0.0405860272378231,0.040689469828947,0.0406579035281039,0.0407332660717927,5.19648224697559e-12,4
0.0429216628693617,4829.88013966204,0.0409202397348894,0.0410224890060588,0.0409913149313778,0.041065956327674,4.15532885831282e-09,4
0.0432320906501671,4771.38015258091,0.0412544380040044,0.0413555143161898,0.041324723246996,0.0413986577661431,4.54863588787967e-12,4
0.0435428211853962,4713.67065904416,0.0415886223105739,0.0416885456366913,0.0416581285622942,0.0417313701571073,4.45450956714547e-12,4
0.0438538502654707,4656.73982127404,0.0419227929922907,0.0420215835531409,0.0419915292760192,0.0420640941785492,6.68838702630661e-12,4
0.0441651738946894,4600.57645847318,0.0422569486661357,0.042354629333074,0.0423249245598717,0.0423968307742519,3.87502852580354e-12,4
0.044476786949171,4545.16729464953,0.0425910905427017,0.0426876809608344,0.0426583173647924,0.0427295777983381,3.62845470484869e-12,4
0.0447886849898026,4490.50050140994,0.0429252193874927,0.0430207380465988,0.0429917077320552,0.0430623348338533,3.54777567950468e-12,4
0.0451008639207026,4436.56487416723,0.0432593354876268,0.0433538000879412,0.0433250959526031,0.0433951018051624,3.24104219290999e-12,4
0.0454133195076136,4383.34905737039,0.0435934391114987,0.0436868670808793,0.0436584820295471,0.0437278784447415,2.80403872486019e-12,4
0.0457260475377824,4330.84181819823,0.0439275305504171,0.0440199391123333,0.0439918659015378,0.0440606644357118,2.98358647851357e-12,4
0.0460390439850212,4279.03231914707,0.0442616100342657,0.0443530160696757,0.0443252476433469,0.044393459586045,2.66126808845306e-12,4
0.046352304891597,4227.90991791484,0.0445956777920051,0.0446860978383008,0.0446586273333563,0.0447262637030045,2.97852579843999e-12,4
0.046665826448852,4177.46427705297,0.0449297340604943,0.0450191841043047,0.0449920051601511,0.0450590766750499,2.61382281021844e-12,4
0.0469796054330303,4127.68645168631,0.045263779736054,0.0453522755694291,0.0453253803973872,0.0453918976304631,2.49369050465924e-12,4
0.0472936374275846,4078.56499422183,0.0455978143720768,0.0456853715485214,0.0456587537643417,0.0457247269817268,2.59944311987773e-12,4
0.0476079186950736,4030.08991894143,0.045931838130668,0.0460184718839991,0.0459921253833218,0.0460575646020111,2.47164598033177e-12,4
0.0479224466860283,3982.25319059964,0.0462658527577103,0.046351577354384,0.0463254955521647,0.0463904076690744,2.34052859372175e-12,4
0.048237216970851,3935.04389065191,0.0465998570274137,0.0466846873841948,0.0466588630351531,0.0467232592199051,1.95703137098321e-12,4
0.0485522262811036,3888.4530047274,0.0469338518701406,0.0470178017262461,0.0469922300819765,0.0470561163216368,2.32692658506013e-12,4
0.0488674707515093,3842.47095638034,0.0472678363275681,0.0473509200597574,0.0473255956272862,0.0473889813187216,1.007851952331e-11,4
0.0491829480492191,3797.09007670341,0.047601811492841,0.0476840389574754,0.0476589613931111,0.0477218548232392,1.5672653829999e-12,4
0.0494986538151491,3752.29995724688,0.0479357769866099,0.0480171612603703,0.0479923259193159,0.0480547358337038,1.57831665827683e-12,4
0.0498145846206016,3708.09165040909,0.0482697329128048,0.0483502873195141,0.0483256890300252,0.0483876240709893,1.65708472863882e-12,4
0.0501307372463139,3664.45659272887,0.0486036794593835,0.0486834170456154,0.0486590507756843,0.0487205193859834,1.52977067134222e-12,4
0.0504471085265569,3621.38636853766,0.0489376168090891,0.0490165503531545,0.0489924112048482,0.0490534216329083,1.57457759491869e-12,4
0.0507636953609593,3578.87274204317,0.0492715451650706,0.0493496871662633,0.0493257703740486,0.0493863306279509,1.77919068052167e-12,4
0.0510804947200483,3536.90763360482,0.0496054647351656,0.0496828274471593,0.0496591282561311,0.0497192462282108,1.14638912747417e-12,4
0.0513975036192171,3495.48308606737,0.0499393756579844,0.0500159710650561,0.0499924849101972,0.0500521683667623,1.2708639858816e-12,4
0.0517147191944441,3454.5913994783,0.0502732779712286,0.0503491176514155,0.0503258406416438,0.0503850970690454,1.52977371113915e-12,4
0.052032138355948,3414.22459774415,0.0506071719530353,0.050682267427738,0.0506591952699725,0.0507180320159208,1.27570311711722e-12,4
0.0523497582379367,3374.37509822881,0.0509410577649898,0.051015420319735,0.0509925488342122,0.0510509730810631,1.17420299127665e-12,4
0.052667576110356,3335.03560122322,0.0512749354584449,0.0513485761655145,0.0513259014669494,0.0513839202424246,1.52549297907153e-12,4
0.0529855899709192,3296.20011108636,0.051608804270957,0.0516817341229717,0.0516592540093633,0.0517168742633748,1.12339815123391e-12,4
0.0533037962088566,3257.85989967376,0.0519426654089817,0.0520148950046037,0.0519926055723283,0.0520498340140863,9.54657377739998e-13,4
0.0536221921402046,3220.00788439326,0.0522765190194818,0.0523480587427879,0.0523259561909768,0.0523827993800868,9.93229776223682e-13,4
0.0539407751240376,3182.63710109462,0.0526103652469434,0.0526812252715865,0.0526593058986582,0.0527157702494786,9.84216757913519e-13,4
0.0542595425617814,3145.74070178337,0.0529442042327134,0.0530143945266592,0.0529926547276775,0.0530487465129499,8.77307717862302e-13,4
0.0545784919030242,3109.31196381998,0.0532780361204307,0.0533475664543962,0.0533260026955487,0.0533817280629577,1.13387446137954e-12,4
0.0548976206248194,3073.34425255004,0.0536118610400087,0.0536807409841362,0.0536593498464919,0.0537147147960299,1.24397349938413e-12,4
0.0552169262509814,3037.83105467877,0.0539456791237419,0.0540139180564218,0.0539926962096296,0.0540477066102067,1.07947659786848e-12,4
0.0555364063442485,3002.76596397166,0.0542794905008235,0.0543470976127835,0.0543260418134499,0.0543807034062765,7.82904830307788e-13,4
0.0558560585061309,2968.14267913241,0.0546132952978853,0.0546802795964317,0.0546593866853698,0.0547137050869798,1.18813762577439e-12,4
0.0561758803759066,2933.95500180987,0.0549470936387344,0.0550134639519348,0.0549927308517961,0.0550467115575347,9.60624991204731e-13,4
0.0564958696298218,2900.19683448396,0.055280885644368,0.0553466506250555,0.0553260743386259,0.0553797227252839,8.12352991815321e-13,4
0.0568160239835635,2866.86218256091,0.0556146714372968,0.0556798395653669,0.0556594171724747,0.0557127384915282,9.21028963658763e-13,4
0.0571363416737615,2833.94601006513,0.0559484516368552,0.0560130313450845,0.0559927585887792,0.0560457584292811,1.244727710381e-12,4
0.0574568205760428,2801.44250128543,0.0562822258942876,0.0563462254504579,0.0563260984772909,0.056378783511297,5.39358963958355e-12,4
0.0577774583828775,2769.3457218213,0.0566159945032883,0.056679422277941,0.0566594362801718,0.0567118136052655,1.51897861215706e-12,4
0.0580982529591415,2737.65023476836,0.0569497567168138,0.0570126206037731,0.0569927741589151,0.057044848520498,7.42080275387975e-13,4
0.0584192016563439,2706.34958515894,0.057283513262242,0.0573458209213304,0.0573261115820358,0.0573778875677252,8.22264174445078e-13,4
0.0587403023933901,2675.43833088229,0.0576172642438004,0.0576790231863543,0.0576594485674236,0.0577109306690885,9.27050708669814e-13,4
0.0590615531211701,2644.9111163633,0.0579510097632994,0.0580122273558489,0.0579927851321162,0.0580439777487355,6.52280810062926e-13,4
0.0593829518216547,2614.76266995494,0.0582847499217406,0.0583454333871311,0.0583261212924779,0.0583770287319838,1.34963735852672e-12,4
0.0597044965052165,2584.98779729986,0.0586184848295088,0.058678641232383,0.0586594570642252,0.0587100835405496,8.70999441779812e-13,4
0.0600261852183661,2555.5813996067,0.0589522145668369,0.0590118508597636,0.0589927924631483,0.0590431421102513,1.39492289363985e-11,4
0.0603480160341502,2526.53845046826,0.0592859392266152,0.0593450622304219,0.0593261275038658,0.0593762043724305,5.22529231973775e-13,4
0.0606699870550118,2497.85400248285,0.0596196589012806,0.059678275304173,0.0596594622012745,0.0597092702599387,8.477488582106e-13,4
0.0609920964117849,2469.52318432678,0.0599533736791818,0.0600114900459759,0.0599927965688469,0.0600423397059954,6.1148023754959e-13,4
0.0613143422693554,2441.54120858617,0.0602870836313745,0.0603447064227229,0.0603261306252833,0.0603754126539526,6.97301227995482e-13,4
0.061636722891289,2413.9034595958,0.0606207886279419,0.0606779244339207,0.0606594644554561,0.060708489149348,6.90886902242291e-13,4
0.0619592364080961,2386.6051745638,0.060954488986339,0.0610111440076056,0.0609927979937405,0.0610415690123149,1.04296603049781e-12,4
0.0622818810605526,2359.64177685979,0.0612881847881342,0.0613443651102359,0.0613261312523469,0.0613746521826163,7.27496606155668e-13,4
0.0626046551156047,2333.00876017433,0.0616218761132973,0.0616775877089803,0.0616594642432271,0.061707738601162,1.76226247625642e-12,4
0.0629275568654205,2306.70168604473,0.0619555630426813,0.0620108117703863,0.0619927969770852,0.0620408282098472,1.02050142192317e-12,4
0.0632505847437598,2280.71634864037,0.0622892458032,0.0623440373512283,0.0623261295415567,0.0623739206373483,1.26308664492102e-12,4
0.0635737369787682,2255.04828201493,0.0626229243167279,0.0626772643355306,0.0626594618704334,0.0627070161439747,1.04397269774655e-12,4
0.0638970119354577,2229.69324449589,0.0629565986529917,0.0630104926916957,0.062992793972296,0.0630401146830165,1.14701915065365e-12,4
0.0642204080054217,2204.64706223225,0.0632902688838016,0.0633437223908576,0.0633261258570451,0.0633732162016291,1.06793396102309e-12,4
0.0645439236036704,2179.90562408144,0.0636239350797254,0.0636769534050756,0.0636594575340069,0.0637063206478589,2.16020259661697e-12,4
0.0648675571688058,2155.46488117489,0.0639575973090247,0.064010185707123,0.0639927890124944,0.0640394279713579,1.09239470455716e-12,4
0.0651913071620319,2131.32084515884,0.0642912556390147,0.0643434192698631,0.0643261203022344,0.0643725381222213,2.20963078286794e-12,4
0.0655151720668074,2107.46958715158,0.0646249101352442,0.0646766540666531,0.0646594514138643,0.0647056510509051,1.11736458092803e-12,4
0.06583915038944,2083.90723773799,0.0649585608625455,0.0650098900728713,0.0649927823527574,0.0650387667118258,1.23234408225217e-12,4
0.0661632406574709,2060.62998463976,0.0652922078840776,0.065343127263692,0.0653261131268593,0.0653718850587044,1.38565032179019e-12,4
0.0664874414197981,2037.63407224551,0.0656258512616085,0.0656763656148755,0.0656594437439598,0.0657050060462228,1.31716307613841e-12,4
0.0668117512462913,2014.91580047498,0.0659594910556162,0.0660096051027993,0.0659927742114668,0.0660381296301177,2.02052000847972e-12,4
0.0671361687274254,1992.47152404797,0.0662931273252106,0.0663428457045829,0.0663261045365101,0.0663712557670297,2.3641630399163e-12,4
0.0674606924740231,1970.29765116611,0.0666267601286035,0.0666760873974,0.0666594347262706,0.0667043844143925,1.05756162876729e-12,4
0.0677853211168656,1948.39064314388,0.0669603895224018,0.0670093301593706,0.0669927647873266,0.067037515530901,1.43361937565565e-12,4
0.0681100533048208,1926.7470131941,0.0672940155601866,0.0673425739748716,0.0673260947246898,0.0673706490735855,1.31715335743567e-12,4
0.0684348877090928,1905.36332546125,0.0676276382982593,0.0676758188174086,0.0676594245460759,0.0677037850049229,1.23629646870113e-12,4
0.0687598230320575,1884.23621329933,0.0679612577851869,0.0680090646384018,0.0679927542772859,0.0680369232991254,1.4788467042549e-12,4
0.0690848580566206,1863.36244574937,0.0682948740465709,0.0683423112627108,0.0683260840338288,0.0683700639902229,2.52849265975636e-12,4
0.0694099914171389,1842.73860711072,0.0686284871657472,0.0686755588581446,0.0686594136893628,0.0687032069534121,3.83530955124331e-12,4
0.0697352218695658,1822.36147856624,0.0689620972003541,0.0690088074239043,0.0689927432094825,0.0690363521662591,1.61704059121464e-12,4
0.0700605483881584,1802.22822743108,0.0692957043190232,0.0693420572450322,0.0693260719142457,0.0693694998550322,1.59405479391831e-12,4
0.0703859695269155,1782.33532353085,0.069629308442561,0.0696753079802046,0.06965940053463,0.069702649709271,1.50726455013253e-12,4
0.0707114841594653,1762.67977422249,0.0699629096318332,0.0700085593844577,0.0699927292265853,0.0700358017571238,6.91531611631536e-12,4
0.0710370911005607,1743.25852516509,0.0702965079309336,0.0703418114396766,0.0703260579960266,0.0703689559666967,1.37544583055121e-12,4
0.0713627890914064,1724.06843435409,0.0706301033696925,0.07067506435779,0.0706593867091602,0.070702112230024,1.36670805862441e-12,4
0.0716885769783041,1705.1065310473,0.0709636959931165,0.0710083181220701,0.0709927153698757,0.0710352705149378,5.52764514679812e-12,4
0.0720144536238116,1686.36988762769,0.0712972858442905,0.0713415727168548,0.0713260439822593,0.0713684307899289,1.39730243809829e-12,4
0.0723404179064144,1667.85561800033,0.071630872965824,0.0716748281264215,0.0716593725500927,0.0717015930243285,2.8257003165516e-12,4
0.0726664687202153,1649.56087707322,0.0719644573994441,0.0720080843354452,0.0719927010770398,0.0720347571880708,1.60729681888025e-12,4
0.0729926049748026,1631.48286008028,0.0722980391863916,0.0723413413289536,0.0723260295653575,0.0723679232526306,1.47780604979531e-12,4
0.0733188255947275,1613.61880195223,0.0726316183666585,0.0726745990922785,0.0726593580189434,0.0727010911887862,2.41348856810128e-12,4
0.0736451295196501,1595.96597706292,0.0729651949795806,0.0730078576114012,0.0729926864415214,0.0730342609674968,1.4950408261486e-12,4
0.0739715159906354,1578.52251367344,0.0732987684451678,0.0733411168355834,0.0733260150853615,0.0733674329672206,4.38236858187254e-11,4
0.0742979839545922,1561.2857016811,0.0736323388459101,0.0736743767551494,0.0736593439348812,0.0737006071307262,3.01900530501581e-12,4
0.0746245321213266,1544.25215284539,0.0739659068061242,0.0740076373918973,0.0739926727562155,0.0740337830457629,1.5261849322158e-12,4
0.0749511594881472,1527.4192912549,0.0742994723628258,0.0743408987331524,0.0743260015494645,0.0743669606878906,1.6161385231028e-12,4
0.0752778650654839,1510.78457707069,0.07463303555117,0.074674160766057,0.0746593303181495,0.0747001400312903,3.1201127977766e-12,4
0.0756046478774009,1494.34550586586,0.0749665964057452,0.0750074234782051,0.0749926590654898,0.07503332105056,3.15449738187434e-12,4
0.0759315069614169,1478.09960806006,0.0753001549606219,0.0753406868574393,0.07532598779399,0.0753665037212822,3.1892282232372e-12,4
0.0762584413672206,1462.04444849085,0.0756337112474666,0.0756739508912705,0.0756593165115267,0.0756996880164027,3.22430848557029e-12,4
0.0765854503574172,1446.17794335803,0.0759672651442535,0.0760072152904697,0.0759926454390897,0.0760328741261871,9.7010416123555e-12,4
0.0769125328433065,1430.49746018132,0.0763008168129903,0.0763404802752791,0.0763259743943299,0.076366061850734,1.89516670222626e-12,4
0.0772396878861875,1415.00061928511,0.0766343663069919,0.0766737458733215,0.0766593033476504,0.0766992511387029,2.13928300842185e-12,4
0.0775669145873016,1399.68511722975,0.0769679136575762,0.0770070120739238,0.0769926323001581,0.077032441968342,2.30769275604119e-12,4
0.0778942120601052,1384.54868225096,0.0773014588954393,0.0773402788666815,0.0773259612530594,0.0773656343181531,5.10759256182371e-12,4
0.0782215794366748,1369.58910993205,0.0776350020462821,0.0776735462379663,0.0776592902131273,0.0776988281692908,1.81643585730334e-12,4
0.0785490158522555,1354.80418112675,0.0779685431403062,0.0780068141785195,0.0779926191813812,0.0780320234997931,1.82807248201655e-12,4
0.0788765204498016,1340.1916864461,0.078302082209567,0.0783400826811265,0.0783259481558889,0.0783652202867507,2.65073362790589e-12,4
0.0792040923893238,1325.74947624876,0.0786356192820497,0.0786733517362174,0.0786592771391263,0.0786984185092732,1.08374835018848e-11,4
0.0795317308421761,1311.47543016841,0.0789691543854326,0.0790066213345748,0.0789926061326126,0.0790316181473801,1.8815703344629e-12,4
0.079859434991105,1297.36745712676,0.0793026875464195,0.0793398914665319,0.0793259351385211,0.0793648191818608,1.81708769020883e-12,4
0.0801872040300834,1283.42349599934,0.0796362187895089,0.0796731621222612,0.079659264162114,0.0796980215927825,2.45084497205593e-12,4
0.0805150371624342,1269.64150943606,0.0799697481432353,0.0800064332939693,0.0799925932017484,0.080031225361047,3.24059719174475e-12,4
0.0808429336030899,1256.01948995151,0.0803032756336205,0.0803397049732613,0.0803259222578536,0.0803644304685978,3.99569418542419e-12,4
0.0811708925901169,1242.55551979873,0.080636801324841,0.0806729771021524,0.0806592513681619,0.0806976368715113,3.20212115180035e-12,4
0.0814989133536003,1229.24761762702,0.0809703252236582,0.0810062496925868,0.0809925805204173,0.0810308445633379,3.83577645150641e-12,4
0.081826995143067,1216.0938553012,0.0813038473608564,0.081339522781347,0.0813259097006726,0.0813640534904572,5.81595440906147e-12,4
0.0821551372340054,1203.09237082051,0.0816373677898024,0.0816727963705586,0.0816592389255231,0.0816972635807826,2.07069512231465e-12,4
0.08248333885994,1190.24121212535,0.0819708864750753,0.0820060704281037,0.0819925681711352,0.0820304749256857,2.03290224566403e-12,4
0.0828115992966414,1177.53852974066,0.08230440344041,0.082339344947036,0.082325897437549,0.0823636875083383,2.89473550981069e-12,4
0.0831399178286615,1164.98249720875,0.0826379187080432,0.0826726199196867,0.0826592267269352,0.0826969013120016,2.26196904652705e-12,4
0.0834682937746589,1152.57134897764,0.0829714322784185,0.0830058953061159,0.0829925560685882,0.0830301163468775,3.29476013406696e-12,4
0.0837967264460178,1140.30331956045,0.0833049441663572,0.0833391710887112,0.0833258854725886,0.0833633326056763,2.82060913255349e-12,4
0.0841252151222812,1128.17660636474,0.0836384544228692,0.0836724473047446,0.0836592149021911,0.0836965500368617,2.87291465671088e-12,4
0.0844537591251786,1116.1894791792,0.0839719630690395,0.0840057239473637,0.0839925443583877,0.0840297686252091,3.03353123768346e-12,4
0.084782357785329,1104.34023084984,0.0843054701256116,0.0843390010098272,0.0843258738423109,0.0843629883555837,2.71695207654026e-12,4
0.0851110104897481,1092.62725625283,0.0846389755081013,0.0846722784878994,0.0846592033959682,0.0846962092746977,1.00355815366738e-11,4
0.0854397167336491,1081.04913565713,0.0849724789205052,0.085005556382864,0.0849925331351739,0.085029431561457,4.36198879020852e-12,4
0.0857684756769147,1069.6039042681,0.0853059808090852,0.0853388346771446,0.0853258629034119,0.0853626549436917,4.40868294616911e-12,4
0.0860972866844429,1058.28994360144,0.0856394811931352,0.0856721133644768,0.0856591927017633,0.0856958794072914,2.79779942731496e-12,4
0.0864261491294845,1047.10565658717,0.0859729800916972,0.0860053924387959,0.0859925225311007,0.0860291049384061,2.28885611896372e-12,4
0.0867550623933913,1036.04946718142,0.0863064775234472,0.0863386718940922,0.086325852392386,0.0863623315234079,4.55151371498392e-12,4
0.0870840258655606,1025.11982011478,0.0866399735067581,0.0866719517244778,0.0866591822865748,0.086695559148856,3.79714151780966e-12,4
0.0874130389432742,1014.31518060575,0.0869734680598256,0.0870052319241159,0.0869925122143437,0.0870287878017149,6.24354410090287e-12,4
0.0877421010314964,1003.63403368969,0.0873069612002793,0.0873385124871737,0.087325842176955,0.0873620174689253,3.38949633503099e-12,4
0.0880712115428045,993.074883824399,0.0876404529449053,0.0876717934078998,0.0876591721768439,0.0876952481370176,4.74851522614816e-12,4
0.0884003699031632,982.63627746202,0.0879739433199758,0.0880050746615925,0.0879925022249458,0.088028479793486,7.86145139322503e-12,4
0.0887295755423171,972.316766498616,0.0883074323457969,0.0883383562353783,0.0883258323265746,0.0883617124255834,1.59545990296327e-11,4
0.0890588278879073,962.114883656263,0.0886409200266654,0.0886716381522867,0.088659162466012,0.0886949460217025,3.07175988197713e-12,4
0.0893881263824481,952.029210794127,0.0889744063788438,0.0890049204070203,0.0889924926442813,0.0890281805698547,3.26754796585788e-12,4
0.0897174704756643,942.058348187418,0.0893078914184231,0.0893382029943017,0.0893258228623919,0.0893614160582167,2.65623069970725e-12,4
0.0900468596344463,932.200956462368,0.0896413751776348,0.0896714858793849,0.0896591531394369,0.08969465247021,6.94614166618916e-12,4
0.0903762933212924,922.455667069867,0.0899748576697343,0.0900047690609707,0.0899924834742623,0.0900278897950328,2.30841463769364e-10,4
0.090705770997628,912.82109596768,0.090308338895021,0.0903380525609638,0.0903258138515125,0.0903611280258361,7.74897526272256e-12,4
0.0910352921408117,903.29591477009,0.0906418188685263,0.0906713363744241,0.0906591442722785,0.0906943671514378,4.54975082356098e-12,4
0.0913648564012537,893.8790563171,0.0909752962679666,0.0910046213865174,0.090992474820586,0.09102760752493,1.93390584425488e-10,4
0.0916944631898572,884.569108987801,0.091308771713064,0.091337907194746,0.0913258054600131,0.0913608489655103,6.17218083751572e-12,4
0.0920241119153811,875.364689848671,0.0916422459387088,0.0916711933173225,0.0916591361345384,0.0916940912760969,5.38768547908314e-12,4
0.0923538020973466,866.264551289026,0.091975718979545,0.0920044797765497,0.0919924667663564,0.092027334477549,7.67466807757601e-12,4
0.0926835332352913,857.267417878168,0.0923091908545113,0.0923377665210593,0.092325797431384,0.0923605785263788,4.00013484097309e-12,4
0.0930133049082125,848.372158176327,0.0926426615160767,0.0926710534468126,0.0926591282296642,0.0926938234741133,8.33739759061712e-12,4
0.0933431165638081,839.577445660247,0.0929761310415431,0.0930043406510727,0.0929924590745228,0.0930270692328615,1.03395901043358e-11,4
0.0936729677873559,830.882153623099,0.0933095994773137,0.0933376282284781,0.0933257896872058,0.0933603159403357,5.67519507423919e-12,4
0.0940028581133905,822.285117494313,0.0936430667524832,0.0936709159943199,0.0936591204227681,0.0936935634970956,2.2603516084611e-11,4
0.0943327870424666,813.785110401086,0.0939765329127327,0.0940042039965089,0.0939924512396376,0.0940268118511208,4.94918601043393e-12,4
0.0946627541358689,805.38100100867,0.0943099979155959,0.0943374922484984,0.0943257821534794,0.0943600610157597,5.68884241672928e-12,4
0.0949927589114618,797.071603392432,0.0946434618416054,0.0946707807543154,0.0946591131314945,0.0946933109392513,9.56546027555373e-12,4
0.0953228009239326,788.855791135731,0.0949769247082453,0.0950040695101753,0.0949924441726459,0.0950265616089335,7.57036625770205e-12,4
0.0956528797363208,780.7324561784,0.0953103865273164,0.0953373585116902,0.0953257752786967,0.0953598130156301,1.41392889235582e-11,4
0.0959829949032151,772.700625247638,0.0956438474584125,0.0956706476835303,0.0956591065252978,0.0956930649994261,1.06260203174346e-10,4
0.0963131460171275,764.759167804107,0.095977307395225,0.0960039370711888,0.09599243786366,0.0960263176699262,7.44781613389406e-12,4
0.0966433326843636,756.907000824063,0.0963107662319625,0.0963372267195192,0.0963257693076414,0.0963595710742102,2.37232593091494e-11,4
0.0969735544988793,749.143082382827,0.0966442239605324,0.0966705166290222,0.0966591008729512,0.0966928252041609,2.27953659548764e-11,4
0.0973038110326918,741.466346926263,0.0969776806137657,0.0970038067943925,0.0969924325238301,0.0970260800680116,1.00881111059978e-11,4
0.0976341018669808,733.875786452332,0.0973111362427415,0.097337097209568,0.0973257642345447,0.0973593356464792,1.15607245618309e-11,4
0.097964426591913,726.370352840128,0.0976445908928154,0.0976703878554007,0.0976590960071172,0.0976925919113334,2.18491171352071e-11,4
0.0982947848107579,718.949031700809,0.0979780445821513,0.0980036787201052,0.097992427850315,0.0980258488474285,2.40274887455177e-11,4
0.0986251761448091,711.610839758939,0.0983114972844189,0.0983369698031016,0.098325759788259,0.0983591064575538,1.94936337826612e-11,4
0.0989556002567686,704.354993575407,0.0986449488937679,0.0986702611213928,0.0986590918564136,0.0986923647950924,5.01376466369707e-11,4
0.09928605672141,697.180469657524,0.098978399563983,0.09900355262804,0.0989924240269519,0.0990256237810252,1.73890621125305e-11,4
0.0996165451443724,690.08616307324,0.0993118493250243,0.099336844329198,0.0993257562826736,0.0993588833964376,1.51155953103622e-11,4
0.0999470651547242,683.071135342126,0.099645298186257,0.0996701362205668,0.0996590886260264,0.0996921436338165,1.33024352485053e-11,4
0.100277616386139,676.134459801314,0.0999787461569266,0.100003428298019,0.099992421059989,0.100025404485065,1.61824826567345e-11,4
0.100608198476871,669.27522149746,0.100312193246149,0.10033672055726,0.100325753587334,0.10035866594259,1.3140349252265e-11,4
0.100938811069666,662.492516994673,0.10064563946283,0.100670012994135,0.100659086210859,0.100691927998842,1.53696965547229e-11,4
0.101269453811374,655.785454234804,0.100979084816181,0.101003305604634,0.100992418933185,0.101025190646,1.84278476702345e-11,4
0.10160012635379,649.153152379264,0.101312529314325,0.10133659838426,0.101325751757872,0.101358453876876,4.53084109704929e-11,4
0.101930828352818,642.594741751779,0.101645972965761,0.101669891328796,0.101659084687799,0.101691717684311,1.5801363747445e-11,4
0.102261559520961,636.109475523877,0.101979415724223,0.102003184435681,0.101992417734657,0.102024982105439,2.40541938537917e-11,4
0.102592319570326,629.696618224704,0.10231285756458,0.102336477723201,0.102325750866663,0.10235824717889,9.65236226917349e-12,4
0.102923108076302,623.355129118596,0.102646298582091,0.102669771173348,0.102659084092012,0.102691512819217,2.40822447995099e-11,4
0.103253924703289,617.084157407822,0.102979738786756,0.103003064770404,0.102992417436255,0.103024779006586,2.52784959072067e-11,4
0.103584769196447,610.883277998198,0.103313178545957,0.10333635827748,0.103325751016965,0.103358045492931,2.50001343687514e-11,4
0.103915641177944,604.751346089124,0.103646617555643,0.103669651894202,0.103659084734635,0.103691312482187,3.03476469745314e-11,4
0.104246540323837,598.687513556528,0.103980055771505,0.104002945649402,0.103992418577768,0.104024580001325,2.68224520404439e-11,4
0.10457746636678,592.691045660801,0.104313492993882,0.104336239646103,0.104325752573914,0.104357848119434,2.73693990597611e-11,4
0.104908418968215,586.761139205151,0.104646929461524,0.104669533791636,0.104659086655855,0.104691116757653,5.53526798358577e-11,4
0.105239397808908,580.897000828248,0.104980365167042,0.105002828057935,0.104992420872967,0.105024385902056,3.19693745833222e-11,4
0.105570402616849,575.097976224987,0.105313800141149,0.10533612243916,0.105325755248287,0.105357655504738,3.03635850488876e-11,4
0.105901433083464,569.363273945095,0.10564723437976,0.105669416930526,0.105659089779344,0.105690925577037,5.19536168951196e-11,4
0.106232488918219,563.692152978619,0.105980667883011,0.106002711482927,0.105992424488212,0.10602419614585,2.88392428245787e-11,4
0.106563569860534,558.083942267542,0.106314100673546,0.106336006014642,0.106325759420128,0.106357467225016,4.71672869433071e-11,4
0.106894675619214,552.537893145352,0.106647532802433,0.106669300627694,0.106659094591782,0.106690738644757,3.92371611369221e-11,4
0.107225805883896,547.053265498014,0.106980964172357,0.107002595359118,0.106992429928716,0.10702401053981,2.95701007027319e-11,4
0.107556960370031,541.629341746102,0.107314394782366,0.107335890198778,0.107325765426256,0.107357282925934,7.61247410295263e-11,4
0.107888138811667,536.265478501165,0.107647824703291,0.107669185067981,0.107659101155131,0.107690555740264,3.92405459728649e-11,4
0.108219340956892,530.961090653945,0.107981253966018,0.108002479904804,0.107992437182213,0.108023828946965,8.5405070640185e-11,4
0.108550566503541,525.71531761898,0.108314682528433,0.108335774824282,0.108325773380862,0.108357102599756,4.55619074141289e-08,4
0.108881815186635,520.527492450637,0.108648110396418,0.108669069821921,0.108659109755603,0.108690376692724,9.51431979082822e-11,4
0.109213086738189,515.396946040495,0.108981537572447,0.109002364887096,0.108992446320435,0.109023651220022,5.70455970112105e-11,4
0.109544380950243,510.323122892305,0.109314964076019,0.109335660105988,0.109325782873994,0.109356926277333,7.91398975843546e-11,4
0.109875697919968,505.306035126708,0.109648389514906,0.109668954971482,0.109659120016519,0.109690202163759,6.34290241948351e-10,4
0.110207037080338,500.344464063913,0.109981814191525,0.110002249792887,0.109992457461108,0.110023478554481,1.3419555887665e-10,4
0.110538398110993,495.437644447388,0.110315238190925,0.110335544619328,0.110325795150796,0.110356755372285,1.53119898420122e-10,4
0.110869780890947,490.585152901773,0.110648661655527,0.11066883933881,0.110659133152096,0.110690032520233,3.42674947501508e-10,4
0.11120118507991,485.786241617065,0.110982084521429,0.111002134121447,0.110992471376005,0.111023309981119,1.24359679833168e-10,4
0.111532610389987,481.040241113589,0.111315506769247,0.111335428960161,0.111325809848159,0.111356587755766,3.62577203450969e-10,4
0.111864056578781,476.346557607081,0.111648928429408,0.111668723867688,0.111659148577925,0.111689865791645,1.10452620918905e-10,4
0.112195523419271,471.704580346317,0.111982349432695,0.112002018790921,0.111992487560014,0.11202314421637,7.96028916067144e-11,4
0.112527010908944,467.114202244967,0.112315769666998,0.112335313576387,0.112325826943106,0.112356423146843,6.31641369052819e-10,4
0.112858519159837,462.575548032566,0.112649188944403,0.112668607979701,0.112659166963042,0.11268970277952,1.37291203520403e-10,4
0.113190047385909,458.086900688904,0.112982607571495,0.113001902373266,0.112992507264012,0.113022982791227,7.71885994252855e-11,4
0.113521595363477,453.6476995908,0.113316025552388,0.113335196752192,0.113325847852172,0.113356263176581,1.63124681225849e-10,4
0.113853162871727,449.257391721165,0.1136494428907,0.113668491110614,0.113659188734772,0.113689543930581,1.44206899228565e-10,4
0.114184749703269,444.915460090089,0.11398285960177,0.114001785458422,0.113992529918944,0.114022825020864,1.47367292936265e-10,4
0.114516355683671,440.621457344806,0.114316275662581,0.114335079815687,0.114325871439702,0.114356106415364,9.89705105413864e-11,4
0.114847980748735,436.37514893833,0.114649691138581,0.114668373724376,0.114659213522454,0.114689388281256,1.54237585977145e-10,4
0.115179624494731,432.175605516827,0.114983105992328,0.115001667571234,0.11499255593831,0.115022670498127,2.62869270771159e-10,4
0.115511286710303,428.022296078278,0.115316520245262,0.115334961326525,0.115325898704831,0.115355953056716,2.54696078492578e-10,4
0.115842967245051,423.914785721298,0.115649933920263,0.115668255115315,0.115659241600599,0.115689236030489,2.39824600162645e-10,4
0.116174666214365,419.853258304566,0.11598334653767,0.116001548865707,0.115992584813745,0.116022519782878,5.1711537558515e-10,4
0.116506384013227,415.838400477803,0.116316757639617,0.116334842281663,0.116325928795688,0.116355804616365,3.4540546279415e-10,4
0.116838119529451,411.867853826174,0.116650168147072,0.116668135666732,0.116659273071217,0.116689089781645,2.40639206847763e-10,4
0.117169872558544,407.941124142206,0.116983578046437,0.117001428979519,0.116992617732168,0.117022375241875,2.11028573933778e-10,4
0.117501642880541,404.057684895381,0.11731698732222,0.117334722205896,0.117325962781437,0.11735566102378,4.7894828905612e-10,4
0.117833430359365,400.217155835201,0.117650396029259,0.11766801540333,0.117659308131799,0.117688947102279,3.06341505873269e-10,4
0.118165234761452,396.41899619627,0.117983804136108,0.118001308524412,0.117992653856587,0.118022233482893,3.00059877941815e-10,4
0.118497055991726,392.662897847737,0.118317211687373,0.118334601297332,0.118326000099129,0.1183555202495,8.94204934425224e-11,4
0.11882889386983,388.948406743683,0.118650618686786,0.118667893705438,0.118659346873701,0.118688807400742,3.83932194089444e-10,4
0.119160748013802,385.274784752428,0.118984025265186,0.119001185980935,0.118992694070431,0.119022094683448,1.42936273541459e-09,4
0.119492618252288,381.641572099336,0.119317431363995,0.119334478179151,0.119326041668385,0.119355382121802,4.00913277714739e-10,4
0.119824504556429,378.04837853263,0.119650837293349,0.119667770752532,0.119659389089561,0.119688669531225,6.69911655186041e-10,4
0.120156406849683,374.495099687924,0.119984242996781,0.120001063471155,0.119992736725453,0.120021956806611,4.22000502441866e-10,4
0.120488324794168,370.980999744388,0.120317648146414,0.120334356116718,0.120326084758545,0.120355244311656,8.66930828803813e-10,4
0.120820258174936,367.505571979371,0.120651052707119,0.120667648670973,0.120659433199948,0.120688532088626,6.08289782071676e-10,4
0.121152206827865,364.068440844403,0.120984456634801,0.12100094118894,0.120992782004878,0.121021820171381,5.30007513352185e-10,4
0.121484170577924,360.669162387893,0.121317859948049,0.121334233654931,0.121326131188561,0.121355108541792,6.22944633322927e-10,4
0.121816149247376,357.307272490841,0.121651262686187,0.121667526030118,0.121659480785509,0.121688397164853,7.69543668707809e-10,4
0.122148142677836,353.982373234758,0.121984664868725,0.122000818269965,0.121992830820001,0.122021686041309,9.4898273069124e-10,4
0.122480150723434,350.694092196906,0.122318066532045,0.122334110281434,0.122326181340138,0.122354975179716,4.95519907172191e-10,4
0.122812173182865,347.441946360826,0.122651467634865,0.122667402210496,0.122659532272221,0.122688264549084,4.80393345552999e-10,4
0.123144209891083,344.225526553498,0.122984868182491,0.123000694059803,0.122992883615347,0.12302155414236,8.25546558925966e-10,4
0.123476260674841,341.044395112366,0.123318268234518,0.12333398575779,0.123326235401969,0.123354843939056,7.96746985999075e-10,4
0.123808325385608,337.898181953317,0.123651667759417,0.123667277303602,0.123659587654958,0.12368813394869,6.01642868401135e-10,4
0.124140403859181,334.786485498139,0.123985066746642,0.124000568784148,0.123992940310831,0.124021424158379,5.35703856882816e-09,4
0.124472495933512,331.708909769067,0.124318465202865,0.12433386020351,0.124326293366322,0.124354714560637,1.30995040525641e-09,4
0.124804601462414,328.665087726325,0.124651863168806,0.124667151603502,0.124659646812768,0.124688005081591,1.14300431561233e-09,4
0.125136720275391,325.654615927369,0.124985260644527,0.125000442953103,0.124993000651426,0.125021295750945,7.54764409060325e-10,4
0.125468852223536,322.677078251283,0.125318657431757,0.125333734394407,0.125326354875595,0.125354586631574,7.66453152536296e-10,4
0.125800997208184,319.73219124887,0.125652053756941,0.125667025881268,0.125659709305453,0.125687877723004,8.10655392875447e-10,4
0.126133155217061,316.819853332086,0.125985449741563,0.126000317380815,0.125993064164427,0.126021168713196,9.16631013154877e-10,4
0.126465325909272,313.939354748154,0.126318845251958,0.126333608860612,0.126326419397164,0.126354459823599,1.03756186780445e-09,4
0.126797509203551,311.090439803854,0.126652240169859,0.126666900243182,0.126659775089479,0.126687751164146,1.12722560356173e-09,4
0.127129706213033,308.274827583371,0.126985633418888,0.12700018981539,0.126993132743354,0.127021044022368,1.2227041585831e-09,4
0.127461915444793,305.489903209101,0.127319026198865,0.127333479387699,0.127326490728483,0.127354337018286,1.61981289888479e-09,4
0.127794136715996,302.735177007674,0.127652418634213,0.127666769127798,0.127659848865833,0.127687630038823,1.42842903050927e-09,4
0.128126369913212,300.010382485801,0.12798581069456,0.128000058865564,0.127993207519421,0.128020922920455,1.41843920291246e-09,4
0.128458614987739,297.31538106782,0.128319202382294,0.128333348598948,0.128326566672147,0.128354215679944,9.98486939315067e-10,4
0.128790871750772,294.649726438238,0.128652593673191,0.128666638345536,0.128659926240378,0.128687508407561,1.49238970161715e-09,4
0.129123140049113,292.013064751942,0.128985984498665,0.128999928129651,0.128993286070626,0.129020801301058,1.39980470645167e-09,4
0.129455419736818,289.405035797551,0.129319374868346,0.129333217962847,0.129326646154692,0.129354094347448,1.60288577568118e-09,4
0.129787710548811,286.825053723293,0.129652764941814,0.129666508036362,0.129660006381362,0.129687387307128,2.27003192644146e-07,4
0.130120012408839,284.272977721802,0.129986154529459,0.129999798345032,0.129993366770681,0.130020680354828,2.11627902350079e-09,4
0.130452325159082,281.748282578888,0.130319543802072,0.130333088818806,0.130326727357888,0.130353973354567,1.8255142349859e-09,4
0.130784648679415,279.250684576901,0.130652932691714,0.130666379392101,0.130660088179816,0.130687266403036,1.81004262604925e-09,4
0.13111698283151,276.779839979317,0.130986321209226,0.130999670080493,0.130993449220696,0.131020559489586,1.84434927883526e-09,4
0.131449327663953,274.335802495165,0.131319708977908,0.131332960923941,0.131326810650533,0.131353852780952,6.04476765788496e-10,4
0.13178168370557,271.919650999908,0.131653094628008,0.131666252019194,0.131660173122996,0.131687146896469,3.7787380197738e-09,4
0.132114049984375,269.52927414632,0.131986479920748,0.131999543270884,0.131993535778577,0.132020441029791,5.7516042519845e-08,4
0.132446426396281,267.164406741836,0.132319864889971,0.132332834684841,0.132326898633156,0.132353735125365,2.07173525027657e-09,4
0.132778812850969,264.824815582412,0.132653249578241,0.132666126262415,0.132660261716545,0.132687029109466,2.5525067503524e-09,4
0.133111209150624,262.510012975047,0.132986633952106,0.132999418057101,0.132993624893938,0.133020323096856,1.56136382071935e-08,4
0.13344361524163,260.21979745522,0.133320018075929,0.133332710174403,0.133326987982334,0.133353617100667,3.01482144308744e-08,4
0.13377603090841,257.953709039006,0.133653401907422,0.133666002529155,0.133660351161585,0.133686911068504,2.52270941595849e-09,4
0.13410845602146,255.711425135652,0.133986785457887,0.133999295135988,0.133993714411453,0.134020204994672,2.49865931375911e-09,4
0.134440890457223,253.492638148961,0.134320168744194,0.13433258800217,0.134327077717208,0.134353498869761,2.5054519627455e-09,4
0.134773334103691,251.297057823562,0.134653551937899,0.134665881190904,0.134660440946549,0.134686792591314,2.60900840246835e-09,4
0.135105786855289,249.124441962465,0.134986934790628,0.134999174776381,0.13499380408565,0.13502008634734,2.75251714440864e-09,4
0.135438248611307,246.974380843727,0.135320317611706,0.135332469004071,0.135327166958356,0.1353533797592,6.75212974282869e-09,4
0.135770719172779,244.846507420084,0.13565370027861,0.135665763651948,0.135660529740747,0.135686672995362,2.50271753020386e-09,4
0.136103198925586,242.741602032114,0.135987082463991,0.135999058078248,0.135993892968645,0.136019966489116,9.68188596288076e-10,4
0.136435687957187,240.659795627145,0.136320464050692,0.136332352071072,0.136327256827977,0.136353260383592,3.23071313017481e-09,4
0.136768185409657,238.599262755977,0.13665384550845,0.136665646481869,0.136660620555791,0.136686554120557,3.67915041196077e-09,4
0.137100691208801,236.559795169757,0.136987226864183,0.13699894123057,0.136993984188071,0.137019847717176,3.6939298108013e-09,4
0.137433205282659,234.541167335264,0.137320608119098,0.137332236249275,0.137327347758267,0.137353141206693,3.89089552442973e-09,4
0.137765727463908,232.543003870619,0.137653989257269,0.137665531709763,0.137660711179662,0.137686434519972,4.67362426535732e-09,4
0.138098257643028,230.565028439956,0.137987370291086,0.137998827624833,0.137994074435335,0.138019727648745,3.46872517542823e-09,4
0.138430795735338,228.607036104291,0.138320751210648,0.138332123978763,0.138327437530049,0.138353020613873,3.94526146259645e-09,4
0.13876334161125,226.66872477851,0.138654132072687,0.138665420816103,0.13866080041863,0.138686313359247,3.3075992105172e-09,4
0.139095894966163,224.749342051934,0.138987512969182,0.138998718348238,0.138994162854079,0.139019605828501,5.46844014040393e-09,4
0.139428455932612,222.849157746129,0.139320893758485,0.139332016352808,0.139327525079882,0.139352898142159,5.61438298448869e-09,4
0.139761024468114,220.968082912116,0.139654274408142,0.139665314850725,0.139660887076853,0.139686190330946,3.09511583181266e-09,4
0.140093600533894,219.105902632365,0.139987655031932,0.139998613624998,0.139994248922514,0.140019482420556,4.78692908874953e-09,4
0.14042618407078,217.262427828386,0.14032103574026,0.140331912446598,0.140327610710881,0.140352774435595,5.28008273212578e-09,4
0.140758774752005,215.437002422889,0.140654416490215,0.140665211745042,0.140660972220476,0.140686066210933,3.60625020673808e-09,4
0.141091372576983,213.629613534803,0.140987797136664,0.140998511614866,0.140994333371079,0.141019357877392,3.47404370738574e-09,4
0.141423977448368,211.839984370096,0.141321177768852,0.141331811926248,0.14132769428422,0.141352649354013,3.90004888277061e-09,4
0.141756589273085,210.067879239564,0.141654558388043,0.14166511269951,0.141661054941587,0.141685940637527,3.58242862749829e-09,4
0.142089207942887,208.313025320097,0.141987938967449,0.141998414023023,0.141994415286371,0.142019231723157,2.44937265354906e-09,4
0.142421833364538,206.575188648465,0.142321319523696,0.142331715899001,0.142327775308382,0.142352522602255,1.91911455996641e-09,4
0.142754465392972,204.85402604561,0.142654700188074,0.142665018301826,0.142661134996878,0.142685813179889,2.77267374459541e-09,4
0.143087104023671,203.149486515865,0.142988080843209,0.14299832127685,0.142994494350391,0.14301910352955,2.75538935607825e-09,4
0.143419749179951,201.4613939044,0.143321461509612,0.143331624788509,0.143327853379064,0.143352393656148,1.82816046814067e-09,4
0.14375240079244,199.789572634808,0.143654842179259,0.14366492881283,0.143661212093051,0.143685683581527,2.20436471568525e-09,4
0.144085058752441,198.133730906149,0.143988222836522,0.143998233413961,0.143994570445771,0.144018973303745,5.78020250337511e-09,4
0.14441772297854,196.493669791626,0.144321603492662,0.144331538595794,0.144327928426264,0.144352262818613,1.72955849283982e-09,4
0.144750393426085,194.869268267974,0.144654984151088,0.14466484430439,0.144661286066442,0.144685552144747,1.39593456248792e-09,4
0.145083070006314,193.260300991732,0.144988364815168,0.144998150565705,0.144994643345372,0.145018841273754,1.55445698583823e-09,4
0.145415752627188,191.666534648266,0.145321745487697,0.145331457413633,0.145328000237228,0.145352130194775,2.08411776467246e-09,4
0.145748441222844,190.087820225839,0.145655126235105,0.145664764864045,0.145661356692154,0.145685418875363,2.40258024171875e-09,4
0.146081136017295,188.52460506568,0.145988507332313,0.145998073189848,0.145994712146719,0.14601870733112,4.14973201381639e-09,4
0.146413836688573,186.976182809252,0.146321888458576,0.146331382139447,0.146328067130496,0.146351995604814,1.6368588927409e-09,4
0.146746543107574,185.442213535848,0.146655269600611,0.146664691671653,0.146661421722745,0.146685283671659,1.38711567555509e-09,4
0.147079255225426,183.922575900087,0.146988650759429,0.146998001767786,0.146994775934412,0.147018571538373,1.28296913740009e-09,4
0.147411973047607,182.41730452352,0.147322031942341,0.147331312327682,0.14732812983251,0.147351859230801,1.40212306341507e-09,4
0.147744696384121,180.925887960195,0.147655413197373,0.147664623489001,0.14766148330055,0.147685146679742,1.16192489669669e-09,4
0.148077425203356,179.448247726279,0.147988794475537,0.147997935231354,0.147994836367058,0.148018433926051,1.91673341048211e-09,4
0.14841015970675,177.984741089929,0.148322175675376,0.148331247258823,0.148328189228725,0.148351721170409,6.55863179788647e-10,4
0.148742899903979,176.535365703808,0.148655556783404,0.148664559478208,0.148661541950623,0.148685008454432,1.57225030065185e-09,4
0.149075645386781,175.099269731345,0.148988937922705,0.148997872281988,0.148994894262627,0.149018295532679,2.05549389333371e-09,4
0.149408396132661,173.676363622774,0.149322319007391,0.149331185679843,0.149328246194746,0.149351582451354,1.13944921654139e-09,4
0.149741152047536,172.266437956786,0.149655700121102,0.149664499656931,0.149661597718309,0.149684869170325,2.52974363108054e-09,4
0.150073913065815,170.869323995973,0.149989081282339,0.149997814198398,0.149994948832945,0.150018155686318,1.85345434657792e-09,4
0.150406679130896,169.48487127754,0.150322462491158,0.150331129293993,0.15032829954355,0.150351442004631,3.19457937294812e-09,4
0.150739450192162,168.11296134622,0.150655843736837,0.15066444495864,0.150661649844683,0.150684728126507,2.5032081754639e-09,4
0.151072226194785,166.753454357142,0.150989225019425,0.15099776118851,0.150994999737525,0.151018014054539,3.18253465941831e-09,4
0.151405007092872,165.406219764283,0.151322606352111,0.151331077944498,0.151328349237924,0.151351299798799,2.23703431126432e-09,4
0.151737792842712,164.071118616614,0.151655987799087,0.151664395260642,0.151661698364529,0.151684585242409,2.21956816467972e-09,4
0.152070583308301,162.747759939786,0.151989369542014,0.151997712878912,0.151995047123375,0.152017870455699,1.94026574668049e-09,4
0.15240337850491,161.436271457176,0.15232275130322,0.152331031062342,0.152328395475102,0.152351155492669,3.09184301078291e-09,4
0.152736178395756,160.136554762537,0.152656133085034,0.152664349796344,0.152661743467489,0.1526844403178,9.66920595674159e-10,4
0.153068982927189,158.848475343237,0.152989514892714,0.152997669071844,0.152995091092931,0.153017724942511,1.26081853291105e-09,4
0.153401792039538,157.571884540878,0.15332289672311,0.153330988891398,0.153328438318799,0.153351009400027,1.01289597304217e-09,4
0.153734605684473,156.306659514926,0.153656278575452,0.153664309249847,0.153661785148003,0.153684293693365,1.19748090263161e-09,4
0.154067423814485,155.052679273734,0.153989660448688,0.153997630141896,0.153995131583665,0.154017577825752,1.54458350450082e-09,4
0.154400246382814,153.809824703955,0.154323042341534,0.154330951562323,0.154328477629072,0.154350861800403,6.30290087483276e-10,4
0.154733073343319,152.577978470126,0.154656424252657,0.154664273505842,0.154661823287613,0.154684145620555,6.48922603152524e-10,4
0.15506590466789,151.357078019352,0.15498980616142,0.154997595965868,0.154995168559567,0.155017429313145,8.97476616569699e-10,4
0.155398740494657,150.146688155382,0.155323189108356,0.155330920233325,0.155328510852186,0.155350713139467,4.05222979615871e-08,4
0.155731580727439,148.94678004692,0.155656572837053,0.155664245952498,0.155661850890714,0.155683996986401,7.49657514016733e-10,4
0.156064425168128,147.757423976194,0.155989956573406,0.155997572154602,0.155995190595802,0.15601728067619,6.16233459876589e-10,4
0.156397273780771,146.578520963563,0.156323340321163,0.156330898841341,0.156328529985512,0.156350564185317,6.95251411997333e-10,4
0.156730126517516,145.409958582257,0.15665672406383,0.156664225998292,0.156661869060462,0.156683847544082,8.83434708200126e-10,4
0.157062983335426,144.251630173142,0.15699010779541,0.156997553617371,0.156995207824082,0.157017130763138,5.18853182640555e-10,4
0.157395844193614,143.103432020082,0.157323491513576,0.157330881692757,0.157328546280805,0.157350413846196,4.16225666780012e-10,4
0.157728709051774,141.965261885408,0.157656875215943,0.15766421021858,0.157661884435174,0.15768369679697,3.40345485735222e-10,4
0.158061577870137,140.837018910443,0.157990258900083,0.15799753918894,0.157995222291778,0.158016979619199,5.63675321696433e-10,4
0.158394450609682,139.7186036244,0.158323642565403,0.158330868598888,0.158328559855444,0.158350262313599,7.91451640336227e-10,4
0.158727327231521,138.609917925677,0.158657026207832,0.158664198441703,0.15866189713078,0.158683544886352,4.32660227089876e-10,4
0.159060207697367,137.51086500197,0.158990409824161,0.158997528711092,0.158995234122502,0.159016827342245,6.38774477756954e-10,4
0.159393091969525,136.421349372305,0.159323793411777,0.159330859401095,0.159328570835464,0.159350109684997,6.78916450835843e-10,4
0.159725980010779,135.341276795273,0.159657176968056,0.159664190505742,0.159661907274546,0.159683391918323,7.46505177118273e-10,4
0.160058871862504,134.270531333878,0.159990560813694,0.159997522468916,0.159995242614481,0.160016674102909,3.24379037519584e-09,4
0.160391767550228,133.209002347436,0.160323945204824,0.160330855645492,0.160328576196479,0.160349956286539,4.79379161366644e-10,4
0.160724666891623,132.156642784185,0.160657329532542,0.160664189187253,0.160661909582926,0.160683238363946,2.54899490403915e-10,4
0.161057569851458,131.113363165396,0.160990713794328,0.160997523088498,0.160995242777393,0.161016520339781,3.12812137304164e-10,4
0.161390476395031,130.079075233798,0.161324097987822,0.161330857343232,0.16132857578363,0.161349802218649,4.48674736253096e-10,4
0.161723386487989,129.053692012446,0.161657482110297,0.161664191945693,0.161661908606332,0.161683084004345,3.01439946354815e-10,4
0.16205630009641,128.037127547196,0.161990866159097,0.1619975268901,0.161995241250113,0.162016365700691,3.20668984421513e-10,4
0.162389217181692,127.029279814372,0.162324250123378,0.162330862183339,0.162328573711427,0.16234964731519,4.21774878911485e-10,4
0.162722137718387,126.030089802561,0.162657634005144,0.162664197811142,0.162661905999199,0.162682928851182,2.15756870702855e-10,4
0.16305506167776,125.039438664127,0.16299101768356,0.162997533862231,0.162995238110158,0.163016210344052,3.94004964938965e-10,4
0.163387989074203,124.057263847441,0.163324400846953,0.163330870507548,0.163328570061653,0.163349491917179,2.03393156483767e-10,4
0.163720919813085,123.083457601254,0.163657783958486,0.163664207508685,0.163661901750839,0.163682773448657,1.98826066721836e-10,4
0.164053853901212,122.118012911252,0.163991167055759,0.163997544917238,0.163995232992193,0.16401605503481,3.96757293685823e-10,4
0.164386791279984,121.160826684472,0.164324549896569,0.164330882884773,0.16432856380355,0.164349336748442,1.39958294953502e-10,4
0.164719731927206,120.211824450421,0.164657932632243,0.164664221187636,0.164661894395234,0.164682618451554,1.95367520772205e-10,4
0.165052675799347,119.27090848579,0.16499131527945,0.16499755977268,0.164995224858676,0.165015900089194,2.5975854800464e-10,4
0.16538562286626,118.338002799732,0.165324697834574,0.16533089863411,0.165328555198273,0.165349181666376,1.98517739790141e-10,4
0.165718573092092,117.41302856809,0.165658080285387,0.16566423775589,0.165661885458219,0.16568246316717,3.05400545130841e-10,4
0.16605152644098,116.495906577861,0.165991462619153,0.165997577170042,0.165995215611199,0.166015744599607,1.65331614718212e-10,4
0.166384482919996,115.58658504585,0.166324844890278,0.166330916959918,0.166328545384239,0.166349026098898,2.29025165152108e-10,4
0.166717442506874,114.685012228588,0.166658226798999,0.166664257195784,0.16666187503011,0.166682307641773,1.79719922971389e-10,4
0.167050405182071,113.791185180377,0.166991608242749,0.16699759800529,0.166995204491857,0.167015589260104,2.06618083102919e-10,4
0.167383370893023,112.904937582332,0.167324989700307,0.167330939057215,0.167328534046412,0.1673488705294,1.84685050239053e-10,4
0.167716339715062,112.026447810352,0.167658370878146,0.167664280252467,0.167661863692416,0.167682151843638,1.30864877094516e-10,4
0.16804931173842,111.155779604272,0.167991751618328,0.167997621867501,0.16799519366136,0.16801543285281,3.22513248746104e-10,4
0.16838228672651,110.292512875198,0.168325132322175,0.168330963713061,0.16832852369537,0.168348713602727,1.80214864515735e-10,4
0.168715264637513,109.436546523043,0.168658512887537,0.168664305789526,0.168661853647953,0.168681994341652,1.09300707373805e-10,4
0.169048245447327,108.58780392232,0.168991893267219,0.168997648103707,0.168995183527648,0.169015275101426,1.41638273375502e-10,4
0.169381229141887,107.74626186613,0.1693252735777,0.169330990643875,0.169328513390502,0.169348555721256,1.0537256310561e-10,4
0.16971421569502,106.911848239994,0.169658653686131,0.16966433344314,0.169661843215427,0.16968183632197,1.52768662954259e-10,4
0.170047205129206,106.084559296582,0.1699920333771,0.169997676654737,0.169995173128057,0.170015116840106,1.27597103456029e-10,4
0.170380197475142,105.264535557702,0.170325412901869,0.170331020217185,0.170328502569785,0.170348397644495,1.10938810438457e-10,4
0.170713192613574,104.451471039458,0.170658792243908,0.170664363997092,0.170661831909297,0.170681678516369,1.41346254145525e-10,4
0.171046190536012,103.645283170268,0.17099217128016,0.170997707962382,0.170995161264713,0.171014959492745,3.16874148448276e-10,4
0.171379191146417,102.845768961206,0.17132555020216,0.17133105202213,0.171328490582364,0.171348240526679,1.60681187105771e-10,4
0.171712194424645,102.052948744729,0.171658928940817,0.171664396391545,0.171661819653403,0.171681521680902,1.65958899400742e-10,4
0.172045200337973,101.266806111062,0.171992307545008,0.171997740924194,0.171995148836218,0.172014802694581,1.31772880801462e-10,4
0.172378208937662,100.48736958448,0.172325685900355,0.172331085728006,0.172328477914085,0.172348083790887,1.39106385264876e-10,4
0.172711220193264,99.7146390271682,0.172659064153197,0.172664431112854,0.172661806492561,0.172681364908055,1.38647454628327e-10,4
0.173044234033029,98.9483676023507,0.172992442541275,0.172997776988438,0.172995134471619,0.173014645998668,1.9129114568403e-10,4
0.173377250391763,98.1883885716479,0.173325821037828,0.173331122819656,0.173328462482031,0.173347926993819,2.5290750223228e-10,4
0.173710269249364,97.434765251337,0.173659199496331,0.173664468858617,0.173661790304424,0.173681208007294,1.04428146685542e-10,4
0.174043290794321,96.6878391295846,0.173992577823004,0.173997815380904,0.173995117576731,0.174014489219361,1.93869812564751e-10,4
0.174376314814575,95.946982479387,0.174325956304088,0.174331162058284,0.174328444646493,0.174347770324469,2.22390196535915e-10,4
0.174709341313485,95.2124432877757,0.17465933468668,0.174664508862175,0.174661771713351,0.17468105140446,1.98584437088867e-10,4
0.175042370261389,94.4841953786126,0.174992713009117,0.174997855805264,0.174995098706835,0.175014332478785,2.26691125289682e-10,4
0.175375401588671,93.761932143571,0.175326091207592,0.175331203015688,0.175328425592572,0.175347613517481,1.85116694542686e-10,4
0.175708435452856,93.0459016530683,0.175659468621252,0.175664550846708,0.175661752493963,0.175680894704743,1.02258056189353e-10,4
0.176041472063719,92.3366720637224,0.175992845562159,0.175997899211528,0.17599507905996,0.176014176166353,1.17814752745304e-10,4
0.176374511277846,91.6340372208109,0.176326222514058,0.176331247926182,0.176328405542556,0.176347457350537,1.63624788197814e-10,4
0.17670755293185,90.9374113659903,0.176659599657239,0.176664596548325,0.176661732344937,0.176680738116166,2.14878472654112e-10,4
0.177040597109352,90.2469535824776,0.176992976977973,0.17699794534519,0.176995059346671,0.177014018330166,8.66920174969615e-11,4
0.177373643949576,89.5629980575266,0.177326354353191,0.177331294381395,0.177328386046205,0.177347298552542,1.63461794447373e-10,4
0.177706692970582,88.884591499479,0.177659731788492,0.177664643885508,0.177661712352516,0.177680578640151,1.16771531680215e-10,4
0.178039744112441,88.2116254094853,0.177993109288706,0.177997993807642,0.177995038398579,0.178013858505073,8.99018798858689e-11,4
0.178372797571979,87.5445170628003,0.178326486708894,0.178331343755753,0.178328364363522,0.178347138505165,1.25024539332497e-10,4
0.178705853243191,86.8829536615132,0.1786598642104,0.178664694096045,0.178661689811571,0.17868041854865,2.58400689734373e-10,4
0.179038911050108,86.2267885533695,0.178993241380743,0.178998044927931,0.178995014911822,0.179013698779504,1.1534134064517e-10,4
0.179371970932605,85.575900023533,0.17932661839977,0.179331395920222,0.179328339847982,0.17934697916536,7.11581245316228e-11,4
0.1797050329445,84.9303636877466,0.179659995359689,0.179664747153587,0.179661664511671,0.17968025964172,1.3813716663591e-10,4
0.180038096944512,84.2898486845714,0.179993372358892,0.179998099129128,0.179994988434577,0.180013540077403,5.55111512312578e-11,4
0.180371163005138,83.6545093928652,0.180326749153696,0.180331451725922,0.180328312236731,0.180346820216985,9.75116792867325e-11,4
0.180704231027651,83.0240364211182,0.180660125733779,0.180664804963144,0.180661635827135,0.18068010014261,1.59666709541317e-10,4
0.181037301013651,82.3986185999774,0.180993502372115,0.180998158495425,0.180994959540228,0.181013379592232,3.19675487470139e-10,4
0.18137037281846,81.7780149000073,0.18132687938571,0.181331512654998,0.18132828261814,0.181346658674485,1.71565844864219e-10,4
0.181703446498644,81.1621536463011,0.181660256122183,0.181664867280399,0.181661605728796,0.181679937535289,2.87460723627508e-10,4
0.182036522244967,80.5515870741174,0.18199363257562,0.181998222201988,0.181994928727782,0.182013216494609,1.82149764021977e-10,4
0.182369600041998,79.9464524399776,0.182327008637541,0.182331577405454,0.182328251741584,0.182346495548754,9.70841480124607e-11,4
0.182702679886541,79.3465173044022,0.182660384796471,0.182664933192165,0.182661574093633,0.182679774584397,1.32229094861047e-10,4
0.183035761715456,78.7517394779687,0.182993760854248,0.18299828928534,0.182994896238298,0.183013053622114,1.13102409382559e-10,4
0.183368845811201,78.1627603347745,0.183327136517748,0.183331645820737,0.183328217925883,0.183346333068966,1.40471399269482e-10,4
0.183701931799714,77.5787188757556,0.183660512266876,0.183665002651259,0.18366153944249,0.183679612306041,1.30022419914111e-10,4
0.184035019628228,76.999396244375,0.183993887757433,0.183998359746143,0.183994860941679,0.184012891554745,2.66249392325002e-10,4
0.184368109580475,76.4252730100018,0.184327263056639,0.184331716825789,0.18432818240165,0.184346171049256,2.4765460862608e-10,4
0.184701201465593,75.8560820018665,0.184660638187748,0.18466507429695,0.184661503834748,0.18467945034722,4.34581558239611e-10,4
0.185034294954793,75.2912905327307,0.184994013158249,0.184998432185078,0.184994825474303,0.18501272918237,2.65110710294392e-10,4
0.185367390021748,74.7308005754749,0.185327388198907,0.185331790469412,0.185328146718688,0.185346007946326,3.12896079488964e-10,4
0.1857004868309,74.1747936969555,0.185660763305567,0.185665149129293,0.18566146757997,0.185679286651837,4.05027624937257e-10,4
0.186033585457975,73.6236048403418,0.185994138474803,0.185998507931564,0.185994788470476,0.186012565123156,6.61798522883991e-10,4
0.186366686122552,73.0772602412343,0.186327514206407,0.186331868036884,0.186328107563007,0.186345843527036,7.33665587960772e-09,4
0.186699788399238,72.5349329081097,0.18666089045067,0.186665229435598,0.186661424974352,0.186679121806045,6.03382550954518e-10,4
0.187032892690565,71.9975206985287,0.186994267039927,0.186998591122474,0.186994742030152,0.187012399807447,5.29884918928913e-10,4
0.18736599897098,71.4649618826752,0.187327643918423,0.187331952827999,0.187328058769289,0.187345677817622,5.90908995345973e-10,4
0.187699107165365,70.9370881368696,0.187661021116155,0.187665314977841,0.187661375103072,0.187678955469599,9.62206161969625e-10,4
0.188032217442428,70.4147068518168,0.18799439747845,0.187998677424157,0.187994691641966,0.188012233455427,6.91291056516274e-10,4
0.188365329553691,69.8970288851659,0.188327773789256,0.188332039730178,0.188328008152511,0.188345511661389,4.49110098069139e-10,4
0.188698443489161,69.3840088236724,0.188661149932691,0.188665401847394,0.188661325024724,0.188678789861857,5.21496890809603e-10,4
0.189031559505338,68.8760815409448,0.188994525194731,0.188998764054795,0.188994642307885,0.189012068442589,6.09902274517626e-10,4
0.189364677264429,68.3725324590387,0.189327900418734,0.189332126155069,0.189327959751637,0.189345347007892,1.29331619025397e-09,4
0.18969779661393,67.8731802490587,0.189661275447461,0.189665488243915,0.189661277432878,0.189678625542413,9.58648037688303e-10,4
0.190030917644565,67.3782262635167,0.189994650034745,0.189998850356171,0.18999459536465,0.190011904244434,5.76670183827233e-10,4
0.190364040453666,66.8881598530556,0.190328024298236,0.190332212123299,0.190327913898844,0.190345183012955,8.97855443639239e-10,4
0.190697164738149,66.4019679949334,0.190661398422425,0.190665574157547,0.190661232494199,0.190678461592495,9.04846043578433e-10,4
0.19103029115537,65.9211673282684,0.190994772082911,0.190998935984527,0.190994551323746,0.191011740608816,8.14998627612917e-10,4
0.191363419449621,65.4450645565214,0.191328145152004,0.191332297412265,0.191327870744903,0.191345020024162,4.92100936388962e-10,4
0.191696549522811,64.9735734798159,0.191661517956158,0.191665658673813,0.191661190408681,0.191678299628015,7.09550515565205e-10,4
0.192029680965012,64.5056160558457,0.191994890924343,0.191999019878402,0.191994510246253,0.192011578951002,6.32751920304209e-10,4
0.192362813569741,64.0407591828467,0.192328264265096,0.192332381131868,0.192327830232972,0.192344857703397,9.08000832508526e-10,4
0.192695947419617,63.5792122537146,0.192661637619982,0.192665742750617,0.192661149956208,0.192678136339859,7.83864158478143e-10,4
0.193029082813794,63.1214990533593,0.19299501092337,0.192999104192432,0.192994469881527,0.193011415002671,6.76462146714796e-10,4
0.193362219757055,62.667807809487,0.193328384013956,0.193332465413811,0.193327790119569,0.193344693785999,1.28311831906064e-09,4
0.193695358664435,62.219194246238,0.193661756986775,0.193665826371575,0.193661110800424,0.193677972507892,1.10329461799202e-09,4
0.194028499269274,61.7747324797135,0.193995130218236,0.193999187312246,0.193994431584233,0.194011250885284,1.40819624711019e-09,4
0.194361641493163,61.3342055650354,0.194328503044516,0.194332548185525,0.19432775266208,0.194344529441212,7.37412375086122e-10,4
0.194694785041879,60.8969631144811,0.194661875450016,0.194665909519413,0.194661073612794,0.194677808084444,8.62714011340415e-10,4
0.195027929928093,60.4629952470877,0.194995247741449,0.194999271059777,0.194994394401467,0.195011086797307,4.65639154317854e-09,4
0.195361076062392,60.0322816472168,0.195328620157161,0.195332632781605,0.195327714983807,0.19534436541076,1.57853990902929e-09,4
0.195694223547781,59.6049914174022,0.195661992217108,0.195665994850704,0.195661035435391,0.195677644163464,1.20890734228718e-09,4
0.196027372548054,59.18150482215,0.195995363863705,0.195999357042875,0.195994355887093,0.196010923206327,1.60062833820529e-09,4
0.196360523174689,58.7620428328878,0.196328735555205,0.196332719397585,0.196327675994479,0.196344202386064,1.48529375777751e-09,4
0.196693675301139,58.3463099159209,0.19666210722261,0.196666081914952,0.196660995931891,0.196677481597214,1.0271171404716e-09,4
0.197026828980963,57.9344800528739,0.196995478600572,0.196999444340327,0.196994315962915,0.197010761096187,8.07922617696022e-10,4
0.197359984685587,57.527466276615,0.19732884978112,0.19733280626703,0.197327636392095,0.197344040893088,1.60720727004904e-09,4
0.197693141815051,57.1241240586318,0.197662220685041,0.197666168330006,0.197660956841497,0.197677320810123,1.87055774689138e-09,4
0.198026300380601,56.7245748396321,0.197995591493028,0.197999530293941,0.197994277508499,0.198010600704532,1.43393260113034e-09,4
0.198359460577976,56.3290826731398,0.198328962218717,0.198332892369226,0.198327598556731,0.198343880188659,2.53483510570529e-09,4
0.1986926223429,55.9373538289146,0.198662332560386,0.198666254313991,0.198660920107451,0.198677159684839,2.07814826458375e-09,4
0.19902578553878,55.5492849813431,0.198995703089991,0.198999616452279,0.1989942413094,0.19901043914833,2.97640637483831e-09,4
0.199358950526916,55.1656271989551,0.199329073408393,0.199332978660491,0.199327562644972,0.199343718619478,2.19323213063172e-09,4
0.199692117056685,54.7856738698734,0.199662443395293,0.199666340633506,0.199660884594526,0.199676998043342,3.42129969493898e-09,4
0.200025285191928,54.4098104632817,0.199995813293488,0.199999702309601,0.199994207008463,0.200010277388448,1.64367714924896e-09,4
