repeat,mode,calls,elapsed_s,cpu_s,checksum
  1,1,    14240000,  1.1490205000000000E+00,  5.9375000000000000E-01,  3.1064591457997827E+11
  1,2,    14240000,  1.2816549999999999E-01,  6.2500000000000000E-02,  6.1132655935924668E+06
  2,2,    14240000,  1.2843589999999999E-01,  7.8125000000000000E-02,  6.1132655935924668E+06
  2,1,    14240000,  1.1595203000000001E+00,  5.9375000000000000E-01,  3.1064591457997827E+11
  3,1,    14240000,  1.1478246000000001E+00,  5.9375000000000000E-01,  3.1064591457997827E+11
  3,2,    14240000,  1.3113949999999999E-01,  6.2500000000000000E-02,  6.1132655935924668E+06
  4,2,    14240000,  1.2792770000000001E-01,  6.2500000000000000E-02,  6.1132655935924668E+06
  4,1,    14240000,  1.1347052000000000E+00,  5.6250000000000000E-01,  3.1064591457997827E+11
  5,1,    14240000,  1.1542448999999999E+00,  6.0937500000000000E-01,  3.1064591457997827E+11
  5,2,    14240000,  1.3052120000000000E-01,  6.2500000000000000E-02,  6.1132655935924668E+06
