1,0,0,0,0,0
2,0.000189189189189189,-3.78378378378378e-05,0,0.000189189189189189,0.000189189189189189
3,-0.000189189189189189,3.78378378378378e-05,0,0,8.48698626315554e-21
4,0,0,0.000189189189189189,7.88288288288288e-05,7.88288288288288e-05
5,9.45945945945946e-05,9.45945945945946e-05,0,0.000167221198253575,0.000167221198253575
6,-9.45945945945946e-05,-9.45945945945946e-05,0,0,6.00120553851436e-21
7,0.000189189189189189,-9.45945945945946e-05,9.45945945945946e-05,0.000183760943812943,0.000183760943812943
8,3.78378378378378e-05,0.000113513513513514,0.000151351351351351,0.000166849181778848,0.000166849181778848
9,-0.000189189189189189,9.45945945945946e-05,4.72972972972973e-05,6.07526399552014e-05,6.07526399552014e-05
10,0.000122972972972973,1.89189189189189e-05,-7.56756756756757e-05,0.000146550616101405,0.000146550616101405
