# cmod[mm], load[N]
8.824757e-05, 3.717553e+01
1.764951e-04, 7.435105e+01
2.647427e-04, 1.115266e+02
3.529903e-04, 1.487021e+02
4.412378e-04, 1.858776e+02
5.294854e-04, 2.230532e+02
6.177330e-04, 2.602287e+02
7.059806e-04, 2.974042e+02
7.942281e-04, 3.345797e+02
8.824757e-04, 3.717553e+02
9.707233e-04, 4.089308e+02
1.058971e-03, 4.461063e+02
1.147218e-03, 4.832818e+02
1.235466e-03, 5.204574e+02
1.323714e-03, 5.576329e+02
1.411961e-03, 5.948084e+02
1.500209e-03, 6.319839e+02
1.588547e-03, 6.691458e+02
1.678414e-03, 7.060779e+02
1.769127e-03, 7.428836e+02
1.860293e-03, 7.796225e+02
1.951681e-03, 8.163291e+02
2.043166e-03, 8.530225e+02
2.134683e-03, 8.897121e+02
2.226203e-03, 9.264021e+02
2.317716e-03, 9.630939e+02
2.409218e-03, 9.997878e+02
2.500710e-03, 1.036484e+03
2.592912e-03, 1.073071e+03
2.686526e-03, 1.109445e+03
2.781237e-03, 1.145653e+03
2.876781e-03, 1.181734e+03
2.973022e-03, 1.217711e+03
3.069735e-03, 1.253618e+03
3.167192e-03, 1.289413e+03
3.265525e-03, 1.325076e+03
3.364755e-03, 1.360607e+03
3.465408e-03, 1.395929e+03
3.567000e-03, 1.431110e+03
3.669316e-03, 1.466182e+03
3.772697e-03, 1.501094e+03
3.877077e-03, 1.535856e+03
3.982282e-03, 1.570494e+03
4.088523e-03, 1.604975e+03
4.195694e-03, 1.639315e+03
4.303791e-03, 1.673512e+03
4.413129e-03, 1.707520e+03
4.523434e-03, 1.741379e+03
4.634810e-03, 1.775073e+03
4.747287e-03, 1.808594e+03
4.860650e-03, 1.841975e+03
4.975120e-03, 1.875183e+03
5.090605e-03, 1.908231e+03
5.207205e-03, 1.941103e+03
5.324875e-03, 1.973804e+03
5.443637e-03, 2.006329e+03
5.563637e-03, 2.038657e+03
5.684627e-03, 2.070824e+03
5.806904e-03, 2.102783e+03
5.930513e-03, 2.134529e+03
6.055233e-03, 2.166094e+03
6.181139e-03, 2.197465e+03
6.308099e-03, 2.228662e+03
6.436422e-03, 2.259634e+03
6.565842e-03, 2.290424e+03
6.696452e-03, 2.321015e+03
6.828285e-03, 2.351401e+03
6.961426e-03, 2.381567e+03
7.095876e-03, 2.411514e+03
7.231512e-03, 2.441260e+03
7.368374e-03, 2.470798e+03
7.506485e-03, 2.500123e+03
7.645891e-03, 2.529226e+03
7.786499e-03, 2.558122e+03
7.928429e-03, 2.586791e+03
8.071559e-03, 2.615251e+03
8.216051e-03, 2.643475e+03
8.361799e-03, 2.671479e+03
8.508885e-03, 2.699251e+03
8.657348e-03, 2.726783e+03
8.807194e-03, 2.754076e+03
8.958306e-03, 2.778900e+03
9.110426e-03, 2.800656e+03
9.263200e-03, 2.824971e+03
9.416878e-03, 2.850256e+03
9.571687e-03, 2.875818e+03
9.727644e-03, 2.901372e+03
9.884840e-03, 2.926787e+03
1.004328e-02, 2.952010e+03
1.020302e-02, 2.977012e+03
1.036405e-02, 3.001784e+03
1.052637e-02, 3.026323e+03
1.069001e-02, 3.050622e+03
1.085507e-02, 3.074669e+03
1.102154e-02, 3.098460e+03
1.118937e-02, 3.122004e+03
1.135858e-02, 3.145296e+03
1.152921e-02, 3.168335e+03
1.170120e-02, 3.191124e+03
1.187459e-02, 3.213659e+03
1.204943e-02, 3.235934e+03
1.222577e-02, 3.257939e+03
1.240368e-02, 3.279664e+03
1.258322e-02, 3.301100e+03
1.276443e-02, 3.322240e+03
1.294756e-02, 3.343047e+03
1.313282e-02, 3.363487e+03
1.332014e-02, 3.380243e+03
1.350897e-02, 3.394082e+03
1.369909e-02, 3.406953e+03
1.389022e-02, 3.422086e+03
1.408263e-02, 3.438213e+03
1.427638e-02, 3.454844e+03
1.447153e-02, 3.471697e+03
1.466824e-02, 3.488586e+03
1.486674e-02, 3.505380e+03
1.506702e-02, 3.521996e+03
1.526912e-02, 3.538381e+03
1.547306e-02, 3.554501e+03
1.567891e-02, 3.570329e+03
1.588666e-02, 3.585848e+03
1.609628e-02, 3.601051e+03
1.630782e-02, 3.615932e+03
1.652131e-02, 3.630483e+03
1.673678e-02, 3.644698e+03
1.695431e-02, 3.658569e+03
1.717385e-02, 3.672096e+03
1.739548e-02, 3.685270e+03
1.761924e-02, 3.698087e+03
1.784519e-02, 3.710537e+03
1.807336e-02, 3.722617e+03
1.830370e-02, 3.734326e+03
1.853625e-02, 3.745661e+03
1.877098e-02, 3.756625e+03
1.900795e-02, 3.767212e+03
1.924710e-02, 3.777424e+03
1.948852e-02, 3.787258e+03
1.973226e-02, 3.796708e+03
1.997827e-02, 3.805774e+03
2.022660e-02, 3.814452e+03
2.047728e-02, 3.822741e+03
2.073029e-02, 3.830640e+03
2.098565e-02, 3.838145e+03
2.124343e-02, 3.845251e+03
2.150361e-02, 3.851957e+03
2.176620e-02, 3.858264e+03
2.203124e-02, 3.864167e+03
2.229870e-02, 3.869669e+03
2.256854e-02, 3.874772e+03
2.284077e-02, 3.879477e+03
2.311537e-02, 3.883786e+03
2.339237e-02, 3.887699e+03
2.367195e-02, 3.891202e+03
2.395404e-02, 3.894294e+03
2.423853e-02, 3.896984e+03
2.452554e-02, 3.899264e+03
2.481517e-02, 3.901126e+03
2.510745e-02, 3.902564e+03
2.540228e-02, 3.903581e+03
2.569964e-02, 3.903845e+03
2.599952e-02, 3.903574e+03
2.630199e-02, 3.902834e+03
2.660691e-02, 3.901653e+03
2.691419e-02, 3.900052e+03
2.722388e-02, 3.898029e+03
2.753611e-02, 3.895564e+03
2.785085e-02, 3.892636e+03
2.816807e-02, 3.889201e+03
2.848771e-02, 3.885334e+03
2.880985e-02, 3.881024e+03
2.913443e-02, 3.876280e+03
2.946144e-02, 3.871105e+03
2.979092e-02, 3.865492e+03
3.012276e-02, 3.859460e+03
3.045688e-02, 3.853024e+03
3.079333e-02, 3.846175e+03
3.113223e-02, 3.838896e+03
3.147356e-02, 3.831188e+03
3.181729e-02, 3.823055e+03
3.216327e-02, 3.814529e+03
3.251160e-02, 3.805597e+03
3.286228e-02, 3.796259e+03
3.321504e-02, 3.786553e+03
3.356996e-02, 3.776474e+03
3.392708e-02, 3.766018e+03
3.428630e-02, 3.755199e+03
3.464772e-02, 3.744004e+03
3.501133e-02, 3.732427e+03
3.537719e-02, 3.720462e+03
3.574533e-02, 3.708115e+03
3.611573e-02, 3.695387e+03
3.648829e-02, 3.682287e+03
3.686292e-02, 3.668836e+03
3.723949e-02, 3.655054e+03
3.761805e-02, 3.640950e+03
3.799862e-02, 3.626515e+03
3.838116e-02, 3.611753e+03
3.876548e-02, 3.596695e+03
3.915125e-02, 3.581397e+03
3.953831e-02, 3.565906e+03
3.992649e-02, 3.550251e+03
4.031567e-02, 3.534454e+03
4.070569e-02, 3.518540e+03
4.109651e-02, 3.502504e+03
4.148845e-02, 3.486296e+03
4.188174e-02, 3.469878e+03
4.227666e-02, 3.453212e+03
4.267293e-02, 3.436332e+03
4.307020e-02, 3.419303e+03
4.346820e-02, 3.402185e+03
4.386662e-02, 3.385037e+03
4.426515e-02, 3.367915e+03
4.466350e-02, 3.350868e+03
4.506132e-02, 3.333950e+03
4.545839e-02, 3.317199e+03
4.585468e-02, 3.300620e+03
4.625020e-02, 3.284210e+03
4.664512e-02, 3.267946e+03
4.703934e-02, 3.251833e+03
4.743282e-02, 3.235882e+03
4.782557e-02, 3.220097e+03
4.821770e-02, 3.204462e+03
4.860914e-02, 3.188980e+03
4.899983e-02, 3.173658e+03
4.938981e-02, 3.158492e+03
4.977925e-02, 3.143452e+03
5.016861e-02, 3.128461e+03
5.055835e-02, 3.113437e+03
5.094877e-02, 3.098331e+03
5.133983e-02, 3.083136e+03
5.173152e-02, 3.067854e+03
5.212392e-02, 3.052482e+03
5.251719e-02, 3.036995e+03
5.291167e-02, 3.021347e+03
5.330748e-02, 3.005507e+03
5.370462e-02, 2.989469e+03
5.410310e-02, 2.973230e+03
5.450296e-02, 2.956799e+03
5.490407e-02, 2.940198e+03
5.530619e-02, 2.923465e+03
5.570911e-02, 2.906636e+03
5.611256e-02, 2.889762e+03
5.651627e-02, 2.872892e+03
5.692058e-02, 2.855948e+03
5.732545e-02, 2.838939e+03
5.773080e-02, 2.821890e+03
5.813629e-02, 2.804847e+03
5.854164e-02, 2.787864e+03
5.894669e-02, 2.770974e+03
5.935138e-02, 2.754194e+03
5.975570e-02, 2.737524e+03
6.015960e-02, 2.720966e+03
6.056297e-02, 2.704532e+03
6.096588e-02, 2.688219e+03
6.136871e-02, 2.671956e+03
6.177174e-02, 2.655691e+03
6.217493e-02, 2.639425e+03
6.257840e-02, 2.623161e+03
6.298219e-02, 2.606895e+03
6.338619e-02, 2.590638e+03
6.379017e-02, 2.574415e+03
6.419420e-02, 2.558233e+03
6.459822e-02, 2.542094e+03
6.500215e-02, 2.526015e+03
6.540572e-02, 2.510030e+03
6.580856e-02, 2.494185e+03
6.621057e-02, 2.478508e+03
6.661170e-02, 2.463012e+03
6.701201e-02, 2.447695e+03
6.741152e-02, 2.432551e+03
6.781019e-02, 2.417579e+03
6.820803e-02, 2.402781e+03
6.860511e-02, 2.388155e+03
6.900148e-02, 2.373691e+03
6.939705e-02, 2.359387e+03
6.979182e-02, 2.345242e+03
7.018568e-02, 2.331260e+03
7.057866e-02, 2.317440e+03
7.097090e-02, 2.303769e+03
7.136268e-02, 2.290215e+03
7.175434e-02, 2.276728e+03
7.214611e-02, 2.263257e+03
7.253824e-02, 2.249765e+03
7.293095e-02, 2.236220e+03
7.332433e-02, 2.222607e+03
7.371832e-02, 2.208926e+03
7.411289e-02, 2.195179e+03
7.450815e-02, 2.181350e+03
7.490448e-02, 2.167385e+03
7.530222e-02, 2.153240e+03
7.570151e-02, 2.138893e+03
7.610263e-02, 2.124319e+03
7.650565e-02, 2.109492e+03
7.691053e-02, 2.094422e+03
7.731702e-02, 2.079138e+03
7.772486e-02, 2.063686e+03
7.813380e-02, 2.048105e+03
7.854347e-02, 2.032445e+03
7.895354e-02, 2.016759e+03
7.936374e-02, 2.001094e+03
7.977386e-02, 1.985490e+03
8.018374e-02, 1.969979e+03
8.059322e-02, 1.954584e+03
8.100216e-02, 1.939327e+03
8.141034e-02, 1.924233e+03
8.181762e-02, 1.909318e+03
8.222395e-02, 1.894590e+03
8.262919e-02, 1.880062e+03
8.303320e-02, 1.865749e+03
8.343582e-02, 1.851670e+03
8.383703e-02, 1.837831e+03
8.423680e-02, 1.824240e+03
8.463518e-02, 1.810898e+03
8.503216e-02, 1.797798e+03
8.542780e-02, 1.784929e+03
8.582219e-02, 1.772283e+03
8.621565e-02, 1.759823e+03
8.660840e-02, 1.747510e+03
8.700047e-02, 1.735331e+03
8.739180e-02, 1.723289e+03
8.778248e-02, 1.711379e+03
8.817271e-02, 1.699582e+03
8.856248e-02, 1.687885e+03
8.895169e-02, 1.676296e+03
8.934019e-02, 1.664828e+03
8.972790e-02, 1.653492e+03
9.011485e-02, 1.642292e+03
9.050115e-02, 1.631222e+03
9.088682e-02, 1.620273e+03
9.127185e-02, 1.609443e+03
9.165616e-02, 1.598736e+03
9.204009e-02, 1.588133e+03
9.242381e-02, 1.577603e+03
9.280740e-02, 1.567126e+03
9.319089e-02, 1.556695e+03
9.357449e-02, 1.546284e+03
9.395832e-02, 1.535882e+03
9.434220e-02, 1.525507e+03
9.472610e-02, 1.515161e+03
9.510987e-02, 1.504853e+03
9.549340e-02, 1.494599e+03
9.587660e-02, 1.484412e+03
9.625934e-02, 1.474307e+03
9.664157e-02, 1.464296e+03
9.702325e-02, 1.454385e+03
9.740433e-02, 1.444581e+03
9.778482e-02, 1.434887e+03
9.816479e-02, 1.425299e+03
9.854421e-02, 1.415815e+03
9.892308e-02, 1.406434e+03
9.930142e-02, 1.397155e+03
9.967914e-02, 1.387982e+03
1.000562e-01, 1.378919e+03
1.004328e-01, 1.369967e+03
1.008088e-01, 1.361121e+03
1.011842e-01, 1.352382e+03
1.015590e-01, 1.343750e+03
1.019333e-01, 1.335215e+03
1.023071e-01, 1.326771e+03
1.026803e-01, 1.318415e+03
1.030530e-01, 1.310146e+03
1.034252e-01, 1.301965e+03
1.037968e-01, 1.293875e+03
1.041679e-01, 1.285871e+03
1.045384e-01, 1.277956e+03
1.049084e-01, 1.270130e+03
1.052779e-01, 1.262390e+03
1.056470e-01, 1.254724e+03
1.060158e-01, 1.247123e+03
1.063844e-01, 1.239579e+03
1.067527e-01, 1.232092e+03
1.071208e-01, 1.224662e+03
1.074885e-01, 1.217286e+03
1.078560e-01, 1.209960e+03
1.082232e-01, 1.202689e+03
1.085900e-01, 1.195477e+03
1.089565e-01, 1.188323e+03
1.093228e-01, 1.181225e+03
1.096889e-01, 1.174181e+03
1.100549e-01, 1.167184e+03
1.104208e-01, 1.160227e+03
1.107867e-01, 1.153304e+03
1.111524e-01, 1.146418e+03
1.115179e-01, 1.139577e+03
1.118832e-01, 1.132785e+03
1.122481e-01, 1.126046e+03
1.126127e-01, 1.119367e+03
1.129768e-01, 1.112751e+03
1.133405e-01, 1.106198e+03
1.137037e-01, 1.099707e+03
1.140667e-01, 1.093273e+03
1.144294e-01, 1.086891e+03
1.147919e-01, 1.080542e+03
1.151545e-01, 1.074209e+03
1.155170e-01, 1.067889e+03
1.158796e-01, 1.061586e+03
1.162421e-01, 1.055301e+03
1.166047e-01, 1.049036e+03
1.169673e-01, 1.042788e+03
1.173300e-01, 1.036558e+03
1.176926e-01, 1.030353e+03
1.180552e-01, 1.024179e+03
1.184175e-01, 1.018044e+03
1.187796e-01, 1.011954e+03
1.191414e-01, 1.005913e+03
1.195028e-01, 9.999283e+02
1.198640e-01, 9.939955e+02
1.202252e-01, 9.881000e+02
1.205864e-01, 9.822334e+02
1.209475e-01, 9.763920e+02
1.213086e-01, 9.705754e+02
1.216697e-01, 9.647867e+02
1.220307e-01, 9.590300e+02
1.223914e-01, 9.533111e+02
1.227518e-01, 9.476362e+02
1.231119e-01, 9.420101e+02
1.234717e-01, 9.364359e+02
1.238311e-01, 9.309160e+02
1.241900e-01, 9.254515e+02
1.245486e-01, 9.200416e+02
1.249068e-01, 9.146843e+02
1.252647e-01, 9.093749e+02
1.256223e-01, 9.041103e+02
1.259796e-01, 8.988906e+02
1.263365e-01, 8.937170e+02
1.266931e-01, 8.885909e+02
1.270494e-01, 8.835122e+02
1.274055e-01, 8.784780e+02
1.277613e-01, 8.734841e+02
1.281170e-01, 8.685258e+02
1.284727e-01, 8.635980e+02
1.288282e-01, 8.586999e+02
1.291836e-01, 8.538341e+02
1.295388e-01, 8.490037e+02
1.298937e-01, 8.442119e+02
1.302484e-01, 8.394621e+02
1.306028e-01, 8.347565e+02
1.309570e-01, 8.300960e+02
1.313108e-01, 8.254811e+02
1.316644e-01, 8.209123e+02
1.320177e-01, 8.163877e+02
1.323709e-01, 8.119004e+02
1.327239e-01, 8.074476e+02
1.330768e-01, 8.030269e+02
1.334297e-01, 7.986321e+02
1.337825e-01, 7.942578e+02
1.341352e-01, 7.899045e+02
1.344878e-01, 7.855740e+02
1.348401e-01, 7.812694e+02
1.351923e-01, 7.769944e+02
1.355443e-01, 7.727520e+02
1.358960e-01, 7.685441e+02
1.362475e-01, 7.643722e+02
1.365986e-01, 7.602375e+02
1.369496e-01, 7.561394e+02
1.373002e-01, 7.520779e+02
1.376506e-01, 7.480529e+02
1.380008e-01, 7.440639e+02
1.383508e-01, 7.401112e+02
1.387006e-01, 7.361942e+02
1.390501e-01, 7.323133e+02
1.393994e-01, 7.284662e+02
1.397486e-01, 7.246475e+02
1.400975e-01, 7.208555e+02
1.404464e-01, 7.170907e+02
1.407950e-01, 7.133543e+02
1.411433e-01, 7.096475e+02
1.414914e-01, 7.059715e+02
1.418393e-01, 7.023271e+02
1.421870e-01, 6.987139e+02
1.425346e-01, 6.951267e+02
1.428822e-01, 6.915580e+02
1.432297e-01, 6.880069e+02
1.435773e-01, 6.844724e+02
1.439248e-01, 6.809545e+02
1.442723e-01, 6.774555e+02
1.446196e-01, 6.739779e+02
1.449668e-01, 6.705242e+02
1.453138e-01, 6.670964e+02
1.456607e-01, 6.636956e+02
1.460074e-01, 6.603229e+02
1.463538e-01, 6.569793e+02
1.467001e-01, 6.536656e+02
1.470461e-01, 6.503824e+02
1.473919e-01, 6.471302e+02
1.477374e-01, 6.439091e+02
1.480826e-01, 6.407189e+02
1.484277e-01, 6.375590e+02
1.487727e-01, 6.344244e+02
1.491177e-01, 6.313091e+02
1.494625e-01, 6.282111e+02
1.498075e-01, 6.251261e+02
1.501523e-01, 6.220469e+02
1.504971e-01, 6.189770e+02
1.508419e-01, 6.159171e+02
1.511866e-01, 6.128707e+02
1.515312e-01, 6.098411e+02
1.518756e-01, 6.068309e+02
1.522198e-01, 6.038422e+02
1.525638e-01, 6.008762e+02
1.529076e-01, 5.979342e+02
1.532513e-01, 5.950169e+02
1.535946e-01, 5.921247e+02
1.539378e-01, 5.892581e+02
1.542808e-01, 5.864157e+02
1.546236e-01, 5.835963e+02
1.549662e-01, 5.807992e+02
1.553086e-01, 5.780246e+02
1.556509e-01, 5.752729e+02
1.559930e-01, 5.725442e+02
1.563349e-01, 5.698390e+02
1.566767e-01, 5.671567e+02
1.570183e-01, 5.644964e+02
1.573599e-01, 5.618569e+02
1.577013e-01, 5.592378e+02
1.580427e-01, 5.566393e+02
1.583839e-01, 5.540619e+02
1.587250e-01, 5.515059e+02
1.590659e-01, 5.489711e+02
1.594066e-01, 5.464550e+02
1.597473e-01, 5.439543e+02
1.600878e-01, 5.414681e+02
1.604283e-01, 5.389966e+02
1.607686e-01, 5.365401e+02
1.611089e-01, 5.340989e+02
1.614490e-01, 5.316734e+02
1.617890e-01, 5.292635e+02
1.621289e-01, 5.268518e+02
1.624687e-01, 5.243498e+02
1.628081e-01, 5.218907e+02
1.631474e-01, 5.194681e+02
1.634864e-01, 5.170765e+02
1.638252e-01, 5.147120e+02
1.641638e-01, 5.123722e+02
1.645024e-01, 5.100550e+02
1.648409e-01, 5.077571e+02
1.651794e-01, 5.054740e+02
1.655179e-01, 5.032052e+02
1.658563e-01, 5.009508e+02
1.661947e-01, 4.987101e+02
1.665330e-01, 4.964835e+02
1.668712e-01, 4.942720e+02
1.672094e-01, 4.920762e+02
1.675474e-01, 4.898967e+02
1.678852e-01, 4.877337e+02
1.682230e-01, 4.855875e+02
1.685606e-01, 4.834582e+02
1.688981e-01, 4.813458e+02
1.692354e-01, 4.792504e+02
1.695726e-01, 4.771719e+02
1.699096e-01, 4.751098e+02
1.702465e-01, 4.730647e+02
1.705833e-01, 4.710363e+02
1.709199e-01, 4.690246e+02
1.712563e-01, 4.670293e+02
1.715927e-01, 4.650501e+02
1.719290e-01, 4.630848e+02
1.722654e-01, 4.611293e+02
1.726020e-01, 4.591780e+02
1.729385e-01, 4.572306e+02
1.732751e-01, 4.552887e+02
1.736117e-01, 4.533530e+02
1.739484e-01, 4.514206e+02
1.742851e-01, 4.494923e+02
1.746218e-01, 4.475697e+02
1.749584e-01, 4.456546e+02
1.752949e-01, 4.437482e+02
1.756313e-01, 4.417887e+02
1.759674e-01, 4.398501e+02
1.763033e-01, 4.379364e+02
1.766390e-01, 4.360445e+02
1.769745e-01, 4.341700e+02
1.773098e-01, 4.323098e+02
1.776450e-01, 4.304665e+02
1.779800e-01, 4.286401e+02
1.783148e-01, 4.268299e+02
1.786495e-01, 4.250353e+02
1.789841e-01, 4.232556e+02
1.793186e-01, 4.214904e+02
1.796529e-01, 4.197393e+02
1.799872e-01, 4.180022e+02
1.803212e-01, 4.162652e+02
1.806552e-01, 4.145165e+02
1.809888e-01, 4.127914e+02
1.813221e-01, 4.110825e+02
1.816552e-01, 4.093914e+02
1.819881e-01, 4.077178e+02
1.823208e-01, 4.060608e+02
1.826533e-01, 4.044195e+02
1.829856e-01, 4.027932e+02
1.833177e-01, 4.011810e+02
1.836497e-01, 3.995824e+02
1.839816e-01, 3.979969e+02
1.843133e-01, 3.964233e+02
1.846449e-01, 3.948610e+02
1.849764e-01, 3.933097e+02
1.853078e-01, 3.917695e+02
1.856392e-01, 3.902400e+02
1.859704e-01, 3.887212e+02
1.863016e-01, 3.872128e+02
1.866327e-01, 3.857148e+02
1.869637e-01, 3.842270e+02
1.872947e-01, 3.827495e+02
1.876256e-01, 3.812820e+02
1.879564e-01, 3.798245e+02
1.882871e-01, 3.783769e+02
1.886178e-01, 3.769393e+02
1.889484e-01, 3.755114e+02
1.892788e-01, 3.740933e+02
1.896093e-01, 3.726849e+02
1.899396e-01, 3.712828e+02
1.902698e-01, 3.698840e+02
1.905999e-01, 3.684888e+02
1.909299e-01, 3.670972e+02
1.912600e-01, 3.657096e+02
1.915901e-01, 3.643261e+02
1.919201e-01, 3.629465e+02
1.922501e-01, 3.615704e+02
1.925801e-01, 3.601981e+02
1.929100e-01, 3.588304e+02
1.932399e-01, 3.574680e+02
1.935697e-01, 3.561112e+02
1.938996e-01, 3.547605e+02
1.942293e-01, 3.534167e+02
1.945590e-01, 3.520801e+02
1.948887e-01, 3.507510e+02
1.952183e-01, 3.494296e+02
1.955479e-01, 3.481160e+02
1.958774e-01, 3.468102e+02
1.962069e-01, 3.455124e+02
1.965363e-01, 3.442225e+02
1.968656e-01, 3.429405e+02
1.971950e-01, 3.416666e+02
1.975243e-01, 3.404003e+02
1.978536e-01, 3.391413e+02
1.981829e-01, 3.378895e+02
1.985121e-01, 3.366451e+02
1.988414e-01, 3.354082e+02
1.991705e-01, 3.341788e+02
1.994996e-01, 3.329569e+02
1.998287e-01, 3.317426e+02
2.001577e-01, 3.305359e+02
2.004867e-01, 3.293367e+02
2.008156e-01, 3.281450e+02
2.011444e-01, 3.269608e+02
2.014732e-01, 3.257841e+02
2.018019e-01, 3.246148e+02
2.021306e-01, 3.234528e+02
2.024592e-01, 3.222982e+02
2.027877e-01, 3.211509e+02
2.031162e-01, 3.200108e+02
2.034447e-01, 3.188778e+02
2.037730e-01, 3.177520e+02
2.041015e-01, 3.166330e+02
2.044302e-01, 3.155180e+02
2.047589e-01, 3.144067e+02
2.050876e-01, 3.132995e+02
2.054164e-01, 3.121968e+02
2.057452e-01, 3.110990e+02
2.060740e-01, 3.100066e+02
2.064028e-01, 3.089197e+02
2.067316e-01, 3.078387e+02
2.070603e-01, 3.067636e+02
2.073890e-01, 3.056946e+02
2.077177e-01, 3.046318e+02
2.080463e-01, 3.035753e+02
2.083749e-01, 3.025249e+02
2.087035e-01, 3.014808e+02
2.090320e-01, 3.004429e+02
2.093604e-01, 2.994112e+02
2.096888e-01, 2.983858e+02
2.100171e-01, 2.973665e+02
2.103454e-01, 2.963533e+02
2.106737e-01, 2.953462e+02
2.110019e-01, 2.943452e+02
2.113300e-01, 2.933502e+02
2.116581e-01, 2.923611e+02
2.119862e-01, 2.913779e+02
2.123143e-01, 2.903995e+02
2.126425e-01, 2.894251e+02
2.129707e-01, 2.884548e+02
2.132990e-01, 2.874887e+02
2.136273e-01, 2.865272e+02
2.139555e-01, 2.855704e+02
2.142838e-01, 2.846187e+02
2.146121e-01, 2.836720e+02
2.149403e-01, 2.827304e+02
2.152685e-01, 2.817942e+02
2.155967e-01, 2.808632e+02
2.159248e-01, 2.799375e+02
2.162529e-01, 2.790171e+02
2.165810e-01, 2.781020e+02
2.169090e-01, 2.771921e+02
2.172370e-01, 2.762875e+02
2.175649e-01, 2.753878e+02
2.178931e-01, 2.744908e+02
2.182213e-01, 2.735936e+02
2.185497e-01, 2.726961e+02
2.188780e-01, 2.717988e+02
2.192065e-01, 2.709021e+02
2.195349e-01, 2.700050e+02
2.198636e-01, 2.691051e+02
2.201923e-01, 2.682030e+02
2.205212e-01, 2.672995e+02
2.208502e-01, 2.663957e+02
2.211791e-01, 2.654923e+02
2.215082e-01, 2.645901e+02
2.218372e-01, 2.636897e+02
2.221662e-01, 2.627916e+02
2.224952e-01, 2.618964e+02
2.228242e-01, 2.610046e+02
2.231532e-01, 2.601164e+02
2.234821e-01, 2.592323e+02
2.238109e-01, 2.583523e+02
2.241397e-01, 2.574767e+02
2.244685e-01, 2.566056e+02
2.247972e-01, 2.557391e+02
2.251258e-01, 2.548774e+02
2.254544e-01, 2.540205e+02
2.257829e-01, 2.531680e+02
2.261113e-01, 2.523198e+02
2.264396e-01, 2.514768e+02
2.267679e-01, 2.506390e+02
2.270960e-01, 2.498063e+02
2.274242e-01, 2.489787e+02
2.277522e-01, 2.481561e+02
2.280802e-01, 2.473384e+02
2.284081e-01, 2.465256e+02
2.287359e-01, 2.457175e+02
2.290637e-01, 2.449140e+02
2.293914e-01, 2.441153e+02
2.297191e-01, 2.433211e+02
2.300467e-01, 2.425315e+02
2.303743e-01, 2.417463e+02
2.307017e-01, 2.409657e+02
2.310292e-01, 2.401894e+02
2.313566e-01, 2.394175e+02
2.316839e-01, 2.386500e+02
2.320111e-01, 2.378868e+02
2.323383e-01, 2.371278e+02
2.326655e-01, 2.363731e+02
2.329926e-01, 2.356225e+02
2.333197e-01, 2.348761e+02
2.336467e-01, 2.341339e+02
2.339736e-01, 2.333958e+02
2.343005e-01, 2.326617e+02
2.346273e-01, 2.319316e+02
2.349541e-01, 2.312056e+02
2.352809e-01, 2.304835e+02
2.356076e-01, 2.297653e+02
2.359342e-01, 2.290510e+02
2.362608e-01, 2.283407e+02
2.365873e-01, 2.276341e+02
2.369138e-01, 2.269314e+02
2.372403e-01, 2.262325e+02
2.375667e-01, 2.255373e+02
2.378930e-01, 2.248459e+02
2.382193e-01, 2.241581e+02
2.385456e-01, 2.234741e+02
2.388718e-01, 2.227937e+02
2.391980e-01, 2.221170e+02
2.395241e-01, 2.214439e+02
2.398502e-01, 2.207743e+02
2.401762e-01, 2.201083e+02
2.405022e-01, 2.194458e+02
2.408282e-01, 2.187868e+02
2.411541e-01, 2.181313e+02
2.414799e-01, 2.174799e+02
2.418056e-01, 2.168345e+02
2.421311e-01, 2.161938e+02
2.424565e-01, 2.155566e+02
2.427818e-01, 2.149227e+02
2.431070e-01, 2.142918e+02
2.434320e-01, 2.136641e+02
2.437570e-01, 2.130395e+02
2.440818e-01, 2.124179e+02
2.444066e-01, 2.117994e+02
2.447313e-01, 2.111840e+02
2.450560e-01, 2.105715e+02
2.453805e-01, 2.099621e+02
2.457050e-01, 2.093556e+02
2.460295e-01, 2.087520e+02
2.463539e-01, 2.081513e+02
2.466782e-01, 2.075535e+02
2.470025e-01, 2.069585e+02
2.473267e-01, 2.063663e+02
2.476508e-01, 2.057769e+02
2.479749e-01, 2.051902e+02
2.482990e-01, 2.046063e+02
2.486229e-01, 2.040250e+02
2.489469e-01, 2.034464e+02
2.492708e-01, 2.028705e+02
2.495946e-01, 2.022971e+02
2.499184e-01, 2.017264e+02
2.502421e-01, 2.011583e+02
2.505658e-01, 2.005927e+02
2.508894e-01, 2.000296e+02
2.512130e-01, 1.994690e+02
2.515365e-01, 1.989109e+02
2.518600e-01, 1.983552e+02
2.521834e-01, 1.978019e+02
2.525068e-01, 1.972510e+02
2.528301e-01, 1.967024e+02
2.531534e-01, 1.961562e+02
2.534766e-01, 1.956123e+02
2.537998e-01, 1.950706e+02
2.541230e-01, 1.945313e+02
2.544461e-01, 1.939942e+02
2.547692e-01, 1.934593e+02
2.550922e-01, 1.929266e+02
2.554152e-01, 1.923961e+02
2.557382e-01, 1.918678e+02
2.560611e-01, 1.913416e+02
2.563840e-01, 1.908175e+02
2.567068e-01, 1.902955e+02
2.570296e-01, 1.897756e+02
2.573524e-01, 1.892578e+02
2.576751e-01, 1.887420e+02
2.579979e-01, 1.882282e+02
2.583205e-01, 1.877165e+02
2.586432e-01, 1.872069e+02
2.589658e-01, 1.866992e+02
2.592884e-01, 1.861936e+02
2.596110e-01, 1.856899e+02
2.599335e-01, 1.851882e+02
2.602561e-01, 1.846886e+02
2.605786e-01, 1.841909e+02
2.609010e-01, 1.836951e+02
2.612235e-01, 1.832013e+02
2.615459e-01, 1.827095e+02
2.618683e-01, 1.822195e+02
2.621907e-01, 1.817316e+02
2.625131e-01, 1.812455e+02
2.628354e-01, 1.807613e+02
2.631577e-01, 1.802791e+02
2.634801e-01, 1.797989e+02
2.638023e-01, 1.793207e+02
2.641246e-01, 1.788445e+02
2.644468e-01, 1.783702e+02
2.647690e-01, 1.778974e+02
2.650912e-01, 1.774264e+02
2.654134e-01, 1.769571e+02
2.657356e-01, 1.764898e+02
2.660578e-01, 1.760243e+02
2.663799e-01, 1.755607e+02
2.667021e-01, 1.750989e+02
2.670242e-01, 1.746390e+02
2.673463e-01, 1.741809e+02
2.676684e-01, 1.737246e+02
2.679905e-01, 1.732703e+02
2.683126e-01, 1.728177e+02
2.686347e-01, 1.723670e+02
2.689568e-01, 1.719181e+02
2.692788e-01, 1.714710e+02
2.696009e-01, 1.710257e+02
2.699229e-01, 1.705823e+02
2.702450e-01, 1.701406e+02
2.705670e-01, 1.697007e+02
2.708890e-01, 1.692627e+02
2.712110e-01, 1.688264e+02
2.715330e-01, 1.683919e+02
2.718550e-01, 1.679591e+02
2.721770e-01, 1.675282e+02
2.724990e-01, 1.670989e+02
2.728209e-01, 1.666715e+02
2.731429e-01, 1.662458e+02
2.734648e-01, 1.658218e+02
2.737868e-01, 1.653997e+02
2.741087e-01, 1.649792e+02
2.744306e-01, 1.645605e+02
2.747525e-01, 1.641435e+02
2.750744e-01, 1.637282e+02
2.753963e-01, 1.633145e+02
2.757181e-01, 1.629026e+02
2.760400e-01, 1.624924e+02
2.763618e-01, 1.620839e+02
2.766837e-01, 1.616770e+02
2.770055e-01, 1.612718e+02
2.773273e-01, 1.608683e+02
2.776491e-01, 1.604664e+02
2.779709e-01, 1.600662e+02
2.782927e-01, 1.596676e+02
2.786145e-01, 1.592707e+02
2.789362e-01, 1.588754e+02
2.792580e-01, 1.584817e+02
2.795797e-01, 1.580897e+02
2.799014e-01, 1.576992e+02
2.802231e-01, 1.573104e+02
2.805448e-01, 1.569231e+02
2.808665e-01, 1.565374e+02
2.811882e-01, 1.561533e+02
2.815098e-01, 1.557708e+02
2.818315e-01, 1.553899e+02
2.821531e-01, 1.550105e+02
2.824747e-01, 1.546327e+02
2.827963e-01, 1.542564e+02
2.831179e-01, 1.538816e+02
2.834395e-01, 1.535084e+02
2.837611e-01, 1.531367e+02
2.840827e-01, 1.527665e+02
2.844042e-01, 1.523978e+02
2.847258e-01, 1.520306e+02
2.850473e-01, 1.516649e+02
2.853688e-01, 1.513007e+02
2.856903e-01, 1.509380e+02
2.860118e-01, 1.505767e+02
2.863333e-01, 1.502169e+02
2.866547e-01, 1.498586e+02
2.869762e-01, 1.495017e+02
2.872976e-01, 1.491463e+02
2.876190e-01, 1.487923e+02
2.879405e-01, 1.484397e+02
2.882619e-01, 1.480886e+02
2.885832e-01, 1.477388e+02
2.889046e-01, 1.473905e+02
2.892260e-01, 1.470436e+02
2.895473e-01, 1.466980e+02
2.898687e-01, 1.463539e+02
2.901900e-01, 1.460111e+02
2.905113e-01, 1.456697e+02
2.908326e-01, 1.453297e+02
2.911539e-01, 1.449910e+02
2.914752e-01, 1.446537e+02
2.917965e-01, 1.443178e+02
2.921177e-01, 1.439831e+02
2.924390e-01, 1.436498e+02
2.927602e-01, 1.433179e+02
2.930814e-01, 1.429872e+02
2.934026e-01, 1.426579e+02
2.937238e-01, 1.423298e+02
2.940450e-01, 1.420031e+02
2.943661e-01, 1.416777e+02
2.946873e-01, 1.413535e+02
2.950084e-01, 1.410306e+02
2.953296e-01, 1.407090e+02
2.956507e-01, 1.403887e+02
2.959718e-01, 1.400696e+02
2.962929e-01, 1.397518e+02
2.966140e-01, 1.394352e+02
2.969350e-01, 1.391199e+02
2.972561e-01, 1.388058e+02
2.975771e-01, 1.384929e+02
2.978982e-01, 1.381812e+02
2.982192e-01, 1.378708e+02
2.985402e-01, 1.375616e+02
2.988612e-01, 1.372536e+02
2.991822e-01, 1.369467e+02
2.995032e-01, 1.366411e+02
2.998241e-01, 1.363367e+02
3.001451e-01, 1.360334e+02
3.004660e-01, 1.357313e+02
3.007869e-01, 1.354304e+02
3.011078e-01, 1.351306e+02
3.014287e-01, 1.348320e+02
3.017496e-01, 1.345346e+02
3.020705e-01, 1.342383e+02
3.023914e-01, 1.339431e+02
3.027122e-01, 1.336491e+02
3.030331e-01, 1.333561e+02
3.033539e-01, 1.330644e+02
3.036747e-01, 1.327737e+02
3.039955e-01, 1.324841e+02
3.043163e-01, 1.321957e+02
3.046371e-01, 1.319083e+02
3.049579e-01, 1.316221e+02
3.052786e-01, 1.313369e+02
3.055994e-01, 1.310528e+02
3.059201e-01, 1.307698e+02
3.062409e-01, 1.304878e+02
3.065616e-01, 1.302070e+02
3.068823e-01, 1.299271e+02
3.072030e-01, 1.296484e+02
3.075237e-01, 1.293707e+02
3.078443e-01, 1.290940e+02
3.081650e-01, 1.288184e+02
3.084856e-01, 1.285438e+02
3.088063e-01, 1.282703e+02
3.091269e-01, 1.279978e+02
3.094475e-01, 1.277262e+02
3.097681e-01, 1.274558e+02
3.100887e-01, 1.271863e+02
3.104093e-01, 1.269178e+02
3.107299e-01, 1.266503e+02
3.110504e-01, 1.263838e+02
3.113710e-01, 1.261183e+02
3.116915e-01, 1.258538e+02
3.120120e-01, 1.255903e+02
3.123326e-01, 1.253278e+02
3.126531e-01, 1.250662e+02
3.129736e-01, 1.248056e+02
3.132941e-01, 1.245459e+02
3.136145e-01, 1.242872e+02
3.139350e-01, 1.240295e+02
3.142554e-01, 1.237727e+02
3.145759e-01, 1.235169e+02
3.148963e-01, 1.232619e+02
3.152167e-01, 1.230080e+02
3.155372e-01, 1.227549e+02
3.158576e-01, 1.225028e+02
3.161779e-01, 1.222516e+02
