# step, mean_h_oliver[mm], min_h_oliver[mm], max_h_oliver[mm]
1, 1.928421e+00, 6.301616e-01, 6.373774e+00
2, 1.928421e+00, 6.301616e-01, 6.373774e+00
3, 1.928421e+00, 6.301616e-01, 6.373774e+00
4, 1.928421e+00, 6.301616e-01, 6.373774e+00
5, 1.928421e+00, 6.301616e-01, 6.373774e+00
6, 1.928421e+00, 6.301616e-01, 6.373774e+00
7, 1.928421e+00, 6.301616e-01, 6.373774e+00
8, 1.928421e+00, 6.301616e-01, 6.373774e+00
9, 1.928421e+00, 6.301616e-01, 6.373774e+00
10, 1.928421e+00, 6.301616e-01, 6.373774e+00
11, 1.928421e+00, 6.301616e-01, 6.373774e+00
12, 1.928421e+00, 6.301616e-01, 6.373774e+00
13, 1.928421e+00, 6.301616e-01, 6.373774e+00
14, 1.928421e+00, 6.301616e-01, 6.373774e+00
15, 1.928421e+00, 6.301616e-01, 6.373774e+00
16, 1.928421e+00, 6.301616e-01, 6.373774e+00
17, 1.928421e+00, 6.301616e-01, 6.373774e+00
18, 1.928428e+00, 6.301619e-01, 6.373774e+00
19, 1.928523e+00, 6.301634e-01, 6.373774e+00
20, 1.928654e+00, 6.301652e-01, 6.373774e+00
21, 1.928796e+00, 6.301670e-01, 6.373774e+00
22, 1.928938e+00, 6.301687e-01, 6.373774e+00
23, 1.929072e+00, 6.301700e-01, 6.373774e+00
24, 1.929189e+00, 6.301711e-01, 6.373774e+00
25, 1.929296e+00, 6.301720e-01, 6.373774e+00
26, 1.929394e+00, 6.301728e-01, 6.373774e+00
27, 1.929482e+00, 6.301733e-01, 6.373774e+00
28, 1.929564e+00, 6.301738e-01, 6.373774e+00
29, 1.929669e+00, 6.301742e-01, 6.373774e+00
30, 1.929818e+00, 6.301740e-01, 6.373774e+00
31, 1.929998e+00, 6.301735e-01, 6.373774e+00
32, 1.930194e+00, 6.301729e-01, 6.373774e+00
33, 1.930402e+00, 6.301725e-01, 6.373774e+00
34, 1.930614e+00, 6.301722e-01, 6.373774e+00
35, 1.930836e+00, 6.301716e-01, 6.373774e+00
36, 1.931075e+00, 6.301709e-01, 6.373774e+00
37, 1.931326e+00, 6.301695e-01, 6.373774e+00
38, 1.931602e+00, 6.301667e-01, 6.373774e+00
39, 1.931891e+00, 6.301633e-01, 6.373774e+00
40, 1.932180e+00, 6.301595e-01, 6.373774e+00
41, 1.932483e+00, 6.301545e-01, 6.373774e+00
42, 1.932799e+00, 6.301483e-01, 6.373774e+00
43, 1.933122e+00, 6.301412e-01, 6.373774e+00
44, 1.933450e+00, 6.301326e-01, 6.373774e+00
45, 1.933788e+00, 6.301231e-01, 6.373774e+00
46, 1.934132e+00, 6.301129e-01, 6.373774e+00
47, 1.934493e+00, 6.301010e-01, 6.373774e+00
48, 1.934864e+00, 6.300885e-01, 6.373774e+00
49, 1.935240e+00, 6.300747e-01, 6.373774e+00
50, 1.935622e+00, 6.300596e-01, 6.373774e+00
51, 1.936016e+00, 6.300440e-01, 6.373774e+00
52, 1.936424e+00, 6.300271e-01, 6.373774e+00
53, 1.936856e+00, 6.300094e-01, 6.373774e+00
54, 1.937297e+00, 6.299906e-01, 6.373774e+00
55, 1.937696e+00, 6.299706e-01, 6.373774e+00
56, 1.938109e+00, 6.299498e-01, 6.373774e+00
57, 1.938531e+00, 6.299277e-01, 6.373774e+00
58, 1.938956e+00, 6.299054e-01, 6.373774e+00
59, 1.939380e+00, 6.298815e-01, 6.373774e+00
60, 1.939755e+00, 6.298567e-01, 6.373774e+00
61, 1.940147e+00, 6.298319e-01, 6.373774e+00
62, 1.940563e+00, 6.298066e-01, 6.373774e+00
63, 1.940989e+00, 6.297816e-01, 6.373774e+00
64, 1.941431e+00, 6.297558e-01, 6.373774e+00
65, 1.941882e+00, 6.297158e-01, 6.373774e+00
66, 1.942340e+00, 6.296610e-01, 6.373774e+00
67, 1.942813e+00, 6.296055e-01, 6.373774e+00
68, 1.943305e+00, 6.295492e-01, 6.373774e+00
69, 1.943781e+00, 6.294928e-01, 6.373774e+00
70, 1.944254e+00, 6.294381e-01, 6.373774e+00
71, 1.944751e+00, 6.293847e-01, 6.373774e+00
72, 1.945270e+00, 6.293332e-01, 6.373774e+00
73, 1.945805e+00, 6.292841e-01, 6.373774e+00
74, 1.946338e+00, 6.292391e-01, 6.373774e+00
75, 1.946846e+00, 6.291982e-01, 6.373774e+00
76, 1.947345e+00, 6.291630e-01, 6.373774e+00
77, 1.947854e+00, 6.291338e-01, 6.373774e+00
78, 1.948386e+00, 6.291124e-01, 6.373774e+00
79, 1.948913e+00, 6.291000e-01, 6.373774e+00
80, 1.949444e+00, 6.290979e-01, 6.373774e+00
81, 1.949986e+00, 6.291077e-01, 6.373774e+00
82, 1.950551e+00, 6.291309e-01, 6.373774e+00
83, 1.951102e+00, 6.291692e-01, 6.373774e+00
84, 1.951666e+00, 6.292245e-01, 6.373774e+00
85, 1.952236e+00, 6.292984e-01, 6.373774e+00
86, 1.952811e+00, 6.293940e-01, 6.373774e+00
87, 1.953391e+00, 6.295117e-01, 6.373774e+00
88, 1.953978e+00, 6.296540e-01, 6.373774e+00
89, 1.954563e+00, 6.298233e-01, 6.373774e+00
90, 1.955162e+00, 6.300217e-01, 6.373774e+00
91, 1.955766e+00, 6.302531e-01, 6.373774e+00
92, 1.956365e+00, 6.305177e-01, 6.373774e+00
93, 1.956964e+00, 6.308165e-01, 6.373774e+00
94, 1.957552e+00, 6.311547e-01, 6.373774e+00
95, 1.958138e+00, 6.315355e-01, 6.373774e+00
96, 1.958725e+00, 6.319610e-01, 6.373774e+00
97, 1.959316e+00, 6.324316e-01, 6.373774e+00
98, 1.959898e+00, 6.329473e-01, 6.373774e+00
99, 1.960485e+00, 6.335052e-01, 6.373774e+00
100, 1.961080e+00, 6.341151e-01, 6.373774e+00
101, 1.961677e+00, 6.347744e-01, 6.373774e+00
102, 1.962264e+00, 6.354793e-01, 6.373774e+00
103, 1.962861e+00, 6.361680e-01, 6.373774e+00
104, 1.963468e+00, 6.367931e-01, 6.373774e+00
105, 1.964075e+00, 6.374494e-01, 6.373774e+00
106, 1.964686e+00, 6.381262e-01, 6.373774e+00
107, 1.965302e+00, 6.388313e-01, 6.373774e+00
108, 1.965922e+00, 6.392046e-01, 6.373774e+00
109, 1.966545e+00, 6.393113e-01, 6.373774e+00
110, 1.967184e+00, 6.394209e-01, 6.373774e+00
111, 1.967832e+00, 6.395330e-01, 6.373774e+00
112, 1.968487e+00, 6.396476e-01, 6.373774e+00
113, 1.969144e+00, 6.397647e-01, 6.373774e+00
114, 1.969802e+00, 6.398841e-01, 6.373774e+00
115, 1.970452e+00, 6.400056e-01, 6.373774e+00
116, 1.971108e+00, 6.401291e-01, 6.373774e+00
117, 1.971770e+00, 6.402547e-01, 6.373774e+00
118, 1.972433e+00, 6.403825e-01, 6.373774e+00
119, 1.973095e+00, 6.405123e-01, 6.373774e+00
120, 1.973748e+00, 6.406441e-01, 6.373774e+00
121, 1.974398e+00, 6.407776e-01, 6.373774e+00
122, 1.975068e+00, 6.409130e-01, 6.373774e+00
123, 1.975740e+00, 6.410501e-01, 6.373774e+00
124, 1.976420e+00, 6.411890e-01, 6.373774e+00
125, 1.977089e+00, 6.413297e-01, 6.373774e+00
126, 1.977753e+00, 6.414721e-01, 6.373774e+00
127, 1.978420e+00, 6.416163e-01, 6.373774e+00
128, 1.979094e+00, 6.417622e-01, 6.373774e+00
129, 1.979773e+00, 6.419098e-01, 6.373774e+00
130, 1.980459e+00, 6.420590e-01, 6.373774e+00
131, 1.981137e+00, 6.422098e-01, 6.373774e+00
132, 1.981819e+00, 6.423622e-01, 6.373774e+00
133, 1.982500e+00, 6.425162e-01, 6.373774e+00
134, 1.983174e+00, 6.426719e-01, 6.373774e+00
135, 1.983841e+00, 6.428290e-01, 6.373774e+00
136, 1.984507e+00, 6.429875e-01, 6.373774e+00
137, 1.985182e+00, 6.431475e-01, 6.373774e+00
138, 1.985871e+00, 6.433090e-01, 6.373774e+00
139, 1.986570e+00, 6.434721e-01, 6.373774e+00
140, 1.987290e+00, 6.436366e-01, 6.373774e+00
141, 1.987998e+00, 6.438026e-01, 6.373774e+00
142, 1.988694e+00, 6.439701e-01, 6.373774e+00
143, 1.989406e+00, 6.441389e-01, 6.373774e+00
144, 1.990116e+00, 6.443088e-01, 6.373774e+00
145, 1.990825e+00, 6.444801e-01, 6.373774e+00
146, 1.991535e+00, 6.446528e-01, 6.373774e+00
147, 1.992264e+00, 6.448270e-01, 6.373774e+00
148, 1.993003e+00, 6.450024e-01, 6.373774e+00
149, 1.993753e+00, 6.451791e-01, 6.373774e+00
150, 1.994503e+00, 6.453572e-01, 6.373774e+00
151, 1.995242e+00, 6.455364e-01, 6.373774e+00
152, 1.995977e+00, 6.457168e-01, 6.373774e+00
153, 1.996695e+00, 6.458984e-01, 6.373774e+00
154, 1.997415e+00, 6.460812e-01, 6.373774e+00
155, 1.998137e+00, 6.462653e-01, 6.373774e+00
156, 1.998857e+00, 6.464504e-01, 6.373774e+00
157, 1.999582e+00, 6.466367e-01, 6.373774e+00
158, 2.000309e+00, 6.468243e-01, 6.373774e+00
159, 2.001043e+00, 6.470132e-01, 6.373774e+00
160, 2.001779e+00, 6.472034e-01, 6.373774e+00
161, 2.002502e+00, 6.473950e-01, 6.373774e+00
162, 2.003223e+00, 6.475878e-01, 6.373774e+00
163, 2.003939e+00, 6.477819e-01, 6.373774e+00
164, 2.004674e+00, 6.479773e-01, 6.373774e+00
165, 2.005412e+00, 6.481737e-01, 6.373774e+00
166, 2.006160e+00, 6.483712e-01, 6.373774e+00
167, 2.006919e+00, 6.485490e-01, 6.373774e+00
168, 2.007652e+00, 6.485890e-01, 6.373774e+00
169, 2.008376e+00, 6.486315e-01, 6.373774e+00
170, 2.009104e+00, 6.486766e-01, 6.373774e+00
171, 2.009836e+00, 6.487241e-01, 6.373774e+00
172, 2.010566e+00, 6.487741e-01, 6.373774e+00
173, 2.011300e+00, 6.488264e-01, 6.373774e+00
174, 2.012034e+00, 6.488812e-01, 6.373774e+00
175, 2.012764e+00, 6.489383e-01, 6.373774e+00
176, 2.013474e+00, 6.489978e-01, 6.373774e+00
177, 2.014186e+00, 6.490594e-01, 6.373774e+00
178, 2.014906e+00, 6.491232e-01, 6.373774e+00
179, 2.015646e+00, 6.491892e-01, 6.373774e+00
180, 2.016368e+00, 6.492574e-01, 6.373774e+00
181, 2.017074e+00, 6.493277e-01, 6.373774e+00
182, 2.017784e+00, 6.494000e-01, 6.373774e+00
183, 2.018486e+00, 6.494745e-01, 6.373774e+00
184, 2.019187e+00, 6.495510e-01, 6.373774e+00
185, 2.019905e+00, 6.496294e-01, 6.373774e+00
186, 2.020619e+00, 6.497098e-01, 6.373774e+00
187, 2.021326e+00, 6.497920e-01, 6.373774e+00
188, 2.022032e+00, 6.498760e-01, 6.373774e+00
189, 2.022721e+00, 6.499616e-01, 6.373774e+00
190, 2.023401e+00, 6.500489e-01, 6.373774e+00
191, 2.024073e+00, 6.501379e-01, 6.373774e+00
192, 2.024770e+00, 6.502287e-01, 6.373774e+00
193, 2.025484e+00, 6.503211e-01, 6.373774e+00
194, 2.026210e+00, 6.504153e-01, 6.373774e+00
195, 2.026917e+00, 6.505110e-01, 6.373774e+00
196, 2.027584e+00, 6.506083e-01, 6.373774e+00
197, 2.028260e+00, 6.507072e-01, 6.373774e+00
198, 2.028915e+00, 6.508077e-01, 6.373774e+00
199, 2.029601e+00, 6.509100e-01, 6.373774e+00
200, 2.030296e+00, 6.510141e-01, 6.373774e+00
201, 2.030978e+00, 6.511200e-01, 6.373774e+00
202, 2.031661e+00, 6.512278e-01, 6.373774e+00
203, 2.032314e+00, 6.513374e-01, 6.373774e+00
204, 2.032941e+00, 6.514484e-01, 6.373774e+00
205, 2.033558e+00, 6.515605e-01, 6.373774e+00
206, 2.034185e+00, 6.516736e-01, 6.373774e+00
207, 2.034817e+00, 6.517878e-01, 6.373774e+00
208, 2.035456e+00, 6.519035e-01, 6.373774e+00
209, 2.036116e+00, 6.520211e-01, 6.373774e+00
210, 2.036767e+00, 6.521406e-01, 6.373774e+00
211, 2.037401e+00, 6.522622e-01, 6.373774e+00
212, 2.038026e+00, 6.523860e-01, 6.373774e+00
213, 2.038637e+00, 6.525120e-01, 6.373774e+00
214, 2.039246e+00, 6.522836e-01, 6.373774e+00
215, 2.039827e+00, 6.518897e-01, 6.373774e+00
216, 2.040419e+00, 6.515670e-01, 6.373774e+00
217, 2.041028e+00, 6.513083e-01, 6.373774e+00
218, 2.041621e+00, 6.511089e-01, 6.373774e+00
219, 2.042183e+00, 6.509140e-01, 6.373774e+00
220, 2.042740e+00, 6.507203e-01, 6.373774e+00
221, 2.043283e+00, 6.505483e-01, 6.373774e+00
222, 2.043758e+00, 6.504247e-01, 6.373774e+00
223, 2.044233e+00, 6.503262e-01, 6.373774e+00
224, 2.044699e+00, 6.502457e-01, 6.373774e+00
225, 2.045153e+00, 6.501781e-01, 6.373774e+00
226, 2.045590e+00, 6.501065e-01, 6.373774e+00
227, 2.045976e+00, 6.499540e-01, 6.373774e+00
228, 2.046319e+00, 6.497518e-01, 6.373774e+00
229, 2.046665e+00, 6.495218e-01, 6.373774e+00
230, 2.047040e+00, 6.492761e-01, 6.373774e+00
231, 2.047430e+00, 6.490235e-01, 6.373774e+00
232, 2.047827e+00, 6.487632e-01, 6.373774e+00
233, 2.048207e+00, 6.484950e-01, 6.373774e+00
234, 2.048590e+00, 6.482197e-01, 6.373774e+00
235, 2.048964e+00, 6.479353e-01, 6.373774e+00
236, 2.049317e+00, 6.476387e-01, 6.373774e+00
237, 2.049640e+00, 6.473295e-01, 6.373774e+00
238, 2.049984e+00, 6.470114e-01, 6.373774e+00
239, 2.050343e+00, 6.466860e-01, 6.373774e+00
240, 2.050713e+00, 6.463536e-01, 6.373774e+00
241, 2.051061e+00, 6.460137e-01, 6.373774e+00
242, 2.051409e+00, 6.456704e-01, 6.373774e+00
243, 2.051753e+00, 6.453258e-01, 6.373774e+00
244, 2.052099e+00, 6.449755e-01, 6.373774e+00
245, 2.052410e+00, 6.446209e-01, 6.373774e+00
246, 2.052709e+00, 6.442671e-01, 6.373774e+00
247, 2.053020e+00, 6.439135e-01, 6.373774e+00
248, 2.053328e+00, 6.435604e-01, 6.373774e+00
249, 2.053611e+00, 6.432071e-01, 6.373774e+00
250, 2.053880e+00, 6.428537e-01, 6.373774e+00
251, 2.054159e+00, 6.424908e-01, 6.373774e+00
252, 2.054437e+00, 6.421119e-01, 6.373774e+00
253, 2.054712e+00, 6.417234e-01, 6.373774e+00
254, 2.054987e+00, 6.413271e-01, 6.373774e+00
255, 2.055258e+00, 6.409166e-01, 6.373774e+00
256, 2.055515e+00, 6.404866e-01, 6.373774e+00
257, 2.055760e+00, 6.400511e-01, 6.373774e+00
258, 2.056013e+00, 6.396127e-01, 6.373774e+00
259, 2.056263e+00, 6.391737e-01, 6.373774e+00
260, 2.056512e+00, 6.387356e-01, 6.373774e+00
261, 2.056740e+00, 6.382992e-01, 6.373774e+00
262, 2.056971e+00, 6.378654e-01, 6.373774e+00
263, 2.057185e+00, 6.374360e-01, 6.373774e+00
264, 2.057381e+00, 6.370139e-01, 6.373774e+00
265, 2.057569e+00, 6.366004e-01, 6.373774e+00
266, 2.057763e+00, 6.361962e-01, 6.373774e+00
267, 2.057948e+00, 6.358027e-01, 6.373774e+00
268, 2.058140e+00, 6.354216e-01, 6.373774e+00
269, 2.058348e+00, 6.350541e-01, 6.373774e+00
270, 2.058539e+00, 6.347005e-01, 6.373774e+00
271, 2.058717e+00, 6.343611e-01, 6.373774e+00
272, 2.058889e+00, 6.340364e-01, 6.373774e+00
273, 2.059057e+00, 6.337264e-01, 6.373774e+00
274, 2.059229e+00, 6.334310e-01, 6.373774e+00
275, 2.059369e+00, 6.331488e-01, 6.373774e+00
276, 2.059485e+00, 6.328787e-01, 6.373774e+00
277, 2.059611e+00, 6.326200e-01, 6.373774e+00
278, 2.059732e+00, 6.323723e-01, 6.373774e+00
279, 2.059860e+00, 6.321361e-01, 6.373774e+00
280, 2.059979e+00, 6.319122e-01, 6.373774e+00
281, 2.060095e+00, 6.317010e-01, 6.373774e+00
282, 2.060202e+00, 6.315026e-01, 6.373774e+00
283, 2.060326e+00, 6.313161e-01, 6.373774e+00
284, 2.060458e+00, 6.311404e-01, 6.373774e+00
285, 2.060594e+00, 6.309749e-01, 6.373774e+00
286, 2.060730e+00, 6.308190e-01, 6.373774e+00
287, 2.060858e+00, 6.306726e-01, 6.373774e+00
288, 2.060980e+00, 6.305351e-01, 6.373774e+00
289, 2.061108e+00, 6.304044e-01, 6.373774e+00
290, 2.061237e+00, 6.302823e-01, 6.373774e+00
291, 2.061353e+00, 6.301697e-01, 6.373774e+00
292, 2.061458e+00, 6.300665e-01, 6.373774e+00
293, 2.061562e+00, 6.299723e-01, 6.373774e+00
294, 2.061664e+00, 6.298886e-01, 6.373774e+00
295, 2.061789e+00, 6.298166e-01, 6.373774e+00
296, 2.061927e+00, 6.297572e-01, 6.373774e+00
297, 2.062068e+00, 6.297115e-01, 6.373774e+00
298, 2.062183e+00, 6.296802e-01, 6.373774e+00
299, 2.062296e+00, 6.296639e-01, 6.373774e+00
300, 2.062406e+00, 6.296631e-01, 6.373774e+00
301, 2.062501e+00, 6.296781e-01, 6.373774e+00
302, 2.062582e+00, 6.295761e-01, 6.373774e+00
303, 2.062651e+00, 6.294545e-01, 6.373774e+00
304, 2.062722e+00, 6.293544e-01, 6.373774e+00
305, 2.062793e+00, 6.292758e-01, 6.373774e+00
306, 2.062864e+00, 6.292191e-01, 6.373774e+00
307, 2.062938e+00, 6.291839e-01, 6.373774e+00
308, 2.063022e+00, 6.291700e-01, 6.373774e+00
309, 2.063100e+00, 6.291769e-01, 6.373774e+00
310, 2.063173e+00, 6.292042e-01, 6.373774e+00
311, 2.063251e+00, 6.292516e-01, 6.373774e+00
312, 2.063307e+00, 6.293187e-01, 6.373774e+00
313, 2.063350e+00, 6.294050e-01, 6.373774e+00
314, 2.063387e+00, 6.295099e-01, 6.373774e+00
315, 2.063431e+00, 6.296329e-01, 6.373774e+00
316, 2.063470e+00, 6.297732e-01, 6.373774e+00
317, 2.063509e+00, 6.299292e-01, 6.373774e+00
318, 2.063559e+00, 6.300998e-01, 6.373774e+00
319, 2.063619e+00, 6.302845e-01, 6.373774e+00
320, 2.063672e+00, 6.304834e-01, 6.373774e+00
321, 2.063718e+00, 6.306958e-01, 6.373774e+00
322, 2.063767e+00, 6.309208e-01, 6.373774e+00
323, 2.063808e+00, 6.311585e-01, 6.373774e+00
324, 2.063845e+00, 6.314090e-01, 6.373774e+00
325, 2.063887e+00, 6.316722e-01, 6.373774e+00
326, 2.063937e+00, 6.319480e-01, 6.373774e+00
327, 2.063973e+00, 6.322357e-01, 6.373774e+00
328, 2.064014e+00, 6.325350e-01, 6.373774e+00
329, 2.064059e+00, 6.328455e-01, 6.373774e+00
330, 2.064112e+00, 6.331671e-01, 6.373774e+00
331, 2.064168e+00, 6.334997e-01, 6.373774e+00
332, 2.064231e+00, 6.338412e-01, 6.373774e+00
333, 2.064294e+00, 6.341912e-01, 6.373774e+00
334, 2.064360e+00, 6.345490e-01, 6.373774e+00
335, 2.064426e+00, 6.349139e-01, 6.373774e+00
336, 2.064479e+00, 6.352829e-01, 6.373774e+00
337, 2.064531e+00, 6.356564e-01, 6.373774e+00
338, 2.064571e+00, 6.360384e-01, 6.373774e+00
339, 2.064614e+00, 6.364275e-01, 6.373774e+00
340, 2.064647e+00, 6.368240e-01, 6.373774e+00
341, 2.064680e+00, 6.372281e-01, 6.373774e+00
342, 2.064714e+00, 6.376398e-01, 6.373774e+00
343, 2.064746e+00, 6.380595e-01, 6.373774e+00
344, 2.064777e+00, 6.384869e-01, 6.373774e+00
345, 2.064810e+00, 6.389220e-01, 6.373774e+00
346, 2.064851e+00, 6.393656e-01, 6.373774e+00
347, 2.064892e+00, 6.398169e-01, 6.373774e+00
348, 2.064938e+00, 6.402759e-01, 6.373774e+00
349, 2.064990e+00, 6.407430e-01, 6.373774e+00
350, 2.065045e+00, 6.412181e-01, 6.373774e+00
351, 2.065104e+00, 6.417015e-01, 6.373774e+00
352, 2.065171e+00, 6.421936e-01, 6.373774e+00
353, 2.065247e+00, 6.426943e-01, 6.373774e+00
354, 2.065304e+00, 6.432026e-01, 6.373774e+00
355, 2.065363e+00, 6.437192e-01, 6.373774e+00
356, 2.065418e+00, 6.442443e-01, 6.373774e+00
357, 2.065481e+00, 6.447775e-01, 6.373774e+00
358, 2.065545e+00, 6.453176e-01, 6.373774e+00
359, 2.065607e+00, 6.458649e-01, 6.373774e+00
360, 2.065666e+00, 6.464193e-01, 6.373774e+00
361, 2.065696e+00, 6.469813e-01, 6.373774e+00
362, 2.065751e+00, 6.475507e-01, 6.373774e+00
363, 2.065791e+00, 6.481279e-01, 6.373774e+00
364, 2.065836e+00, 6.487121e-01, 6.373774e+00
365, 2.065872e+00, 6.493038e-01, 6.373774e+00
366, 2.065907e+00, 6.499031e-01, 6.373774e+00
367, 2.065941e+00, 6.505086e-01, 6.373774e+00
368, 2.065977e+00, 6.511203e-01, 6.373774e+00
369, 2.066008e+00, 6.517376e-01, 6.373774e+00
370, 2.066038e+00, 6.523611e-01, 6.373774e+00
371, 2.066072e+00, 6.529909e-01, 6.373774e+00
372, 2.066106e+00, 6.536271e-01, 6.373774e+00
373, 2.066136e+00, 6.542691e-01, 6.373774e+00
374, 2.066165e+00, 6.549163e-01, 6.373774e+00
375, 2.066197e+00, 6.555694e-01, 6.373774e+00
376, 2.066232e+00, 6.562285e-01, 6.373774e+00
377, 2.066271e+00, 6.568925e-01, 6.373774e+00
378, 2.066310e+00, 6.575614e-01, 6.373774e+00
379, 2.066361e+00, 6.582127e-01, 6.373774e+00
380, 2.066395e+00, 6.587837e-01, 6.373774e+00
381, 2.066437e+00, 6.593565e-01, 6.373774e+00
382, 2.066480e+00, 6.599324e-01, 6.373774e+00
383, 2.066527e+00, 6.605119e-01, 6.373774e+00
384, 2.066571e+00, 6.610952e-01, 6.373774e+00
385, 2.066612e+00, 6.616818e-01, 6.373774e+00
386, 2.066654e+00, 6.622724e-01, 6.373774e+00
387, 2.066686e+00, 6.628670e-01, 6.373774e+00
388, 2.066719e+00, 6.634656e-01, 6.373774e+00
389, 2.066765e+00, 6.640674e-01, 6.373774e+00
390, 2.066817e+00, 6.646721e-01, 6.373774e+00
391, 2.066858e+00, 6.652789e-01, 6.373774e+00
392, 2.066888e+00, 6.658880e-01, 6.373774e+00
393, 2.066916e+00, 6.664965e-01, 6.373774e+00
394, 2.066943e+00, 6.671032e-01, 6.373774e+00
395, 2.066968e+00, 6.677096e-01, 6.373774e+00
396, 2.066995e+00, 6.683159e-01, 6.373774e+00
397, 2.067023e+00, 6.689229e-01, 6.373774e+00
398, 2.067048e+00, 6.695296e-01, 6.373774e+00
399, 2.067073e+00, 6.701360e-01, 6.373774e+00
400, 2.067100e+00, 6.707434e-01, 6.373774e+00
401, 2.067131e+00, 6.713524e-01, 6.373774e+00
402, 2.067161e+00, 6.719632e-01, 6.373774e+00
403, 2.067188e+00, 6.725757e-01, 6.373774e+00
404, 2.067216e+00, 6.731903e-01, 6.373774e+00
405, 2.067244e+00, 6.738069e-01, 6.373774e+00
406, 2.067271e+00, 6.744260e-01, 6.373774e+00
407, 2.067298e+00, 6.750446e-01, 6.373774e+00
408, 2.067323e+00, 6.756628e-01, 6.373774e+00
409, 2.067348e+00, 6.762008e-01, 6.373774e+00
410, 2.067372e+00, 6.761093e-01, 6.373774e+00
411, 2.067396e+00, 6.760187e-01, 6.373774e+00
412, 2.067420e+00, 6.759288e-01, 6.373774e+00
413, 2.067451e+00, 6.758398e-01, 6.373774e+00
414, 2.067486e+00, 6.757515e-01, 6.373774e+00
415, 2.067516e+00, 6.756640e-01, 6.373774e+00
416, 2.067547e+00, 6.755773e-01, 6.373774e+00
417, 2.067578e+00, 6.754912e-01, 6.373774e+00
418, 2.067609e+00, 6.754059e-01, 6.373774e+00
419, 2.067639e+00, 6.753213e-01, 6.373774e+00
420, 2.067664e+00, 6.752373e-01, 6.373774e+00
421, 2.067691e+00, 6.751541e-01, 6.373774e+00
422, 2.067720e+00, 6.750716e-01, 6.373774e+00
423, 2.067753e+00, 6.749898e-01, 6.373774e+00
424, 2.067788e+00, 6.749086e-01, 6.373774e+00
425, 2.067825e+00, 6.748281e-01, 6.373774e+00
426, 2.067862e+00, 6.743453e-01, 6.373774e+00
427, 2.067897e+00, 6.738317e-01, 6.373774e+00
428, 2.067928e+00, 6.733256e-01, 6.373774e+00
429, 2.067957e+00, 6.728276e-01, 6.373774e+00
430, 2.067983e+00, 6.723388e-01, 6.373774e+00
431, 2.068011e+00, 6.718577e-01, 6.373774e+00
432, 2.068039e+00, 6.713819e-01, 6.373774e+00
433, 2.068067e+00, 6.709108e-01, 6.373774e+00
434, 2.068095e+00, 6.704442e-01, 6.373774e+00
435, 2.068120e+00, 6.699814e-01, 6.373774e+00
436, 2.068142e+00, 6.695222e-01, 6.373774e+00
437, 2.068165e+00, 6.690668e-01, 6.373774e+00
438, 2.068185e+00, 6.686156e-01, 6.373774e+00
439, 2.068206e+00, 6.681689e-01, 6.373774e+00
440, 2.068228e+00, 6.677267e-01, 6.373774e+00
441, 2.068249e+00, 6.672921e-01, 6.373774e+00
442, 2.068269e+00, 6.668647e-01, 6.373774e+00
443, 2.068290e+00, 6.664433e-01, 6.373774e+00
444, 2.068310e+00, 6.660291e-01, 6.373774e+00
445, 2.068331e+00, 6.656233e-01, 6.373774e+00
446, 2.068352e+00, 6.652229e-01, 6.373774e+00
447, 2.068371e+00, 6.648290e-01, 6.373774e+00
448, 2.068392e+00, 6.644401e-01, 6.373774e+00
449, 2.068417e+00, 6.640553e-01, 6.373774e+00
450, 2.068437e+00, 6.636744e-01, 6.373774e+00
451, 2.068458e+00, 6.632974e-01, 6.373774e+00
452, 2.068477e+00, 6.629245e-01, 6.373774e+00
453, 2.068493e+00, 6.625553e-01, 6.373774e+00
454, 2.068508e+00, 6.621896e-01, 6.373774e+00
455, 2.068524e+00, 6.618274e-01, 6.373774e+00
456, 2.068542e+00, 6.614687e-01, 6.373774e+00
457, 2.068561e+00, 6.611143e-01, 6.373774e+00
458, 2.068587e+00, 6.607634e-01, 6.373774e+00
459, 2.068618e+00, 6.604163e-01, 6.373774e+00
460, 2.068626e+00, 6.600729e-01, 6.373774e+00
461, 2.068639e+00, 6.597331e-01, 6.373774e+00
462, 2.068655e+00, 6.593994e-01, 6.373774e+00
463, 2.068672e+00, 6.590710e-01, 6.373774e+00
464, 2.068688e+00, 6.587472e-01, 6.373774e+00
465, 2.068704e+00, 6.584273e-01, 6.373774e+00
466, 2.068718e+00, 6.581112e-01, 6.373774e+00
467, 2.068734e+00, 6.577987e-01, 6.373774e+00
468, 2.068749e+00, 6.574897e-01, 6.373774e+00
469, 2.068767e+00, 6.571841e-01, 6.373774e+00
470, 2.068786e+00, 6.568832e-01, 6.373774e+00
471, 2.068804e+00, 6.565901e-01, 6.373774e+00
472, 2.068822e+00, 6.563023e-01, 6.373774e+00
473, 2.068840e+00, 6.560195e-01, 6.373774e+00
474, 2.068857e+00, 6.557415e-01, 6.373774e+00
475, 2.068875e+00, 6.554670e-01, 6.373774e+00
476, 2.068893e+00, 6.551955e-01, 6.373774e+00
477, 2.068912e+00, 6.549269e-01, 6.373774e+00
478, 2.068931e+00, 6.546610e-01, 6.373774e+00
479, 2.068948e+00, 6.543979e-01, 6.373774e+00
480, 2.068964e+00, 6.541379e-01, 6.373774e+00
481, 2.068981e+00, 6.538807e-01, 6.373774e+00
482, 2.068998e+00, 6.536263e-01, 6.373774e+00
483, 2.069017e+00, 6.533747e-01, 6.373774e+00
484, 2.069035e+00, 6.531259e-01, 6.373774e+00
485, 2.069053e+00, 6.528799e-01, 6.373774e+00
486, 2.069071e+00, 6.526367e-01, 6.373774e+00
487, 2.069085e+00, 6.523963e-01, 6.373774e+00
488, 2.069100e+00, 6.521597e-01, 6.373774e+00
489, 2.069115e+00, 6.519284e-01, 6.373774e+00
490, 2.069130e+00, 6.517011e-01, 6.373774e+00
491, 2.069145e+00, 6.514779e-01, 6.373774e+00
492, 2.069159e+00, 6.512595e-01, 6.373774e+00
493, 2.069172e+00, 6.510452e-01, 6.373774e+00
494, 2.069184e+00, 6.508348e-01, 6.373774e+00
495, 2.069196e+00, 6.506273e-01, 6.373774e+00
496, 2.069210e+00, 6.504222e-01, 6.373774e+00
497, 2.069225e+00, 6.502194e-01, 6.373774e+00
498, 2.069239e+00, 6.500191e-01, 6.373774e+00
499, 2.069254e+00, 6.498211e-01, 6.373774e+00
500, 2.069267e+00, 6.496256e-01, 6.373774e+00
501, 2.069278e+00, 6.494326e-01, 6.373774e+00
502, 2.069289e+00, 6.492420e-01, 6.373774e+00
503, 2.069301e+00, 6.490539e-01, 6.373774e+00
504, 2.069312e+00, 6.488683e-01, 6.373774e+00
505, 2.069323e+00, 6.486856e-01, 6.373774e+00
506, 2.069328e+00, 6.485058e-01, 6.373774e+00
507, 2.069333e+00, 6.483287e-01, 6.373774e+00
508, 2.069339e+00, 6.481541e-01, 6.373774e+00
509, 2.069346e+00, 6.479819e-01, 6.373774e+00
510, 2.069351e+00, 6.478120e-01, 6.373774e+00
511, 2.069360e+00, 6.476445e-01, 6.373774e+00
512, 2.069367e+00, 6.474793e-01, 6.373774e+00
513, 2.069374e+00, 6.473165e-01, 6.373774e+00
514, 2.069379e+00, 6.471563e-01, 6.373774e+00
515, 2.069381e+00, 6.469984e-01, 6.373774e+00
516, 2.069384e+00, 6.468426e-01, 6.373774e+00
517, 2.069387e+00, 6.466889e-01, 6.373774e+00
518, 2.069390e+00, 6.465373e-01, 6.373774e+00
519, 2.069394e+00, 6.463880e-01, 6.373774e+00
520, 2.069398e+00, 6.462418e-01, 6.373774e+00
521, 2.069403e+00, 6.460983e-01, 6.373774e+00
522, 2.069407e+00, 6.459573e-01, 6.373774e+00
523, 2.069411e+00, 6.458187e-01, 6.373774e+00
524, 2.069416e+00, 6.456824e-01, 6.373774e+00
525, 2.069420e+00, 6.455483e-01, 6.373774e+00
526, 2.069423e+00, 6.454163e-01, 6.373774e+00
527, 2.069425e+00, 6.452868e-01, 6.373774e+00
528, 2.069428e+00, 6.451599e-01, 6.373774e+00
529, 2.069432e+00, 6.450352e-01, 6.373774e+00
530, 2.069436e+00, 6.449135e-01, 6.373774e+00
531, 2.069440e+00, 6.447947e-01, 6.373774e+00
532, 2.069443e+00, 6.446784e-01, 6.373774e+00
533, 2.069447e+00, 6.445644e-01, 6.373774e+00
534, 2.069451e+00, 6.444524e-01, 6.373774e+00
535, 2.069457e+00, 6.443427e-01, 6.373774e+00
536, 2.069463e+00, 6.442359e-01, 6.373774e+00
537, 2.069469e+00, 6.441314e-01, 6.373774e+00
538, 2.069474e+00, 6.440289e-01, 6.373774e+00
539, 2.069479e+00, 6.439287e-01, 6.373774e+00
540, 2.069485e+00, 6.438303e-01, 6.373774e+00
541, 2.069490e+00, 6.437336e-01, 6.373774e+00
542, 2.069495e+00, 6.436384e-01, 6.373774e+00
543, 2.069499e+00, 6.435447e-01, 6.373774e+00
544, 2.069502e+00, 6.434525e-01, 6.373774e+00
545, 2.069505e+00, 6.433618e-01, 6.373774e+00
546, 2.069508e+00, 6.432725e-01, 6.373774e+00
547, 2.069511e+00, 6.431847e-01, 6.373774e+00
548, 2.069514e+00, 6.430983e-01, 6.373774e+00
549, 2.069518e+00, 6.430134e-01, 6.373774e+00
550, 2.069520e+00, 6.429298e-01, 6.373774e+00
551, 2.069524e+00, 6.428477e-01, 6.373774e+00
552, 2.069528e+00, 6.427671e-01, 6.373774e+00
553, 2.069532e+00, 6.426878e-01, 6.373774e+00
554, 2.069537e+00, 6.426099e-01, 6.373774e+00
555, 2.069542e+00, 6.425333e-01, 6.373774e+00
556, 2.069547e+00, 6.424583e-01, 6.373774e+00
557, 2.069551e+00, 6.423847e-01, 6.373774e+00
558, 2.069557e+00, 6.423134e-01, 6.373774e+00
559, 2.069563e+00, 6.422439e-01, 6.373774e+00
560, 2.069567e+00, 6.421759e-01, 6.373774e+00
561, 2.069570e+00, 6.421094e-01, 6.373774e+00
562, 2.069574e+00, 6.420445e-01, 6.373774e+00
563, 2.069578e+00, 6.419810e-01, 6.373774e+00
564, 2.069582e+00, 6.419186e-01, 6.373774e+00
565, 2.069586e+00, 6.418575e-01, 6.373774e+00
566, 2.069590e+00, 6.417976e-01, 6.373774e+00
567, 2.069593e+00, 6.417389e-01, 6.373774e+00
568, 2.069596e+00, 6.416815e-01, 6.373774e+00
569, 2.069600e+00, 6.416255e-01, 6.373774e+00
570, 2.069603e+00, 6.415707e-01, 6.373774e+00
571, 2.069606e+00, 6.415171e-01, 6.373774e+00
572, 2.069608e+00, 6.414647e-01, 6.373774e+00
573, 2.069611e+00, 6.414135e-01, 6.373774e+00
574, 2.069614e+00, 6.413634e-01, 6.373774e+00
575, 2.069617e+00, 6.413144e-01, 6.373774e+00
576, 2.069621e+00, 6.412665e-01, 6.373774e+00
577, 2.069625e+00, 6.412196e-01, 6.373774e+00
578, 2.069629e+00, 6.411737e-01, 6.373774e+00
579, 2.069634e+00, 6.411288e-01, 6.373774e+00
580, 2.069639e+00, 6.410850e-01, 6.373774e+00
581, 2.069644e+00, 6.410421e-01, 6.373774e+00
582, 2.069650e+00, 6.410002e-01, 6.373774e+00
583, 2.069655e+00, 6.409595e-01, 6.373774e+00
584, 2.069661e+00, 6.409199e-01, 6.373774e+00
585, 2.069667e+00, 6.408815e-01, 6.373774e+00
586, 2.069672e+00, 6.408442e-01, 6.373774e+00
587, 2.069678e+00, 6.408079e-01, 6.373774e+00
588, 2.069685e+00, 6.407726e-01, 6.373774e+00
589, 2.069693e+00, 6.407382e-01, 6.373774e+00
590, 2.069702e+00, 6.407048e-01, 6.373774e+00
591, 2.069712e+00, 6.406724e-01, 6.373774e+00
592, 2.069724e+00, 6.406408e-01, 6.373774e+00
593, 2.069735e+00, 6.406101e-01, 6.373774e+00
594, 2.069747e+00, 6.405802e-01, 6.373774e+00
595, 2.069757e+00, 6.405513e-01, 6.373774e+00
596, 2.069763e+00, 6.405232e-01, 6.373774e+00
597, 2.069770e+00, 6.404960e-01, 6.373774e+00
598, 2.069778e+00, 6.404696e-01, 6.373774e+00
599, 2.069784e+00, 6.404441e-01, 6.373774e+00
600, 2.069788e+00, 6.404193e-01, 6.373774e+00
601, 2.069793e+00, 6.403954e-01, 6.373774e+00
602, 2.069796e+00, 6.403722e-01, 6.373774e+00
603, 2.069798e+00, 6.403498e-01, 6.373774e+00
604, 2.069802e+00, 6.403282e-01, 6.373774e+00
605, 2.069805e+00, 6.403073e-01, 6.373774e+00
606, 2.069807e+00, 6.402873e-01, 6.373774e+00
607, 2.069810e+00, 6.402679e-01, 6.373774e+00
608, 2.069813e+00, 6.402494e-01, 6.373774e+00
609, 2.069818e+00, 6.402315e-01, 6.373774e+00
610, 2.069824e+00, 6.402145e-01, 6.373774e+00
611, 2.069832e+00, 6.401982e-01, 6.373774e+00
612, 2.069840e+00, 6.401827e-01, 6.373774e+00
613, 2.069849e+00, 6.401680e-01, 6.373774e+00
614, 2.069858e+00, 6.401541e-01, 6.373774e+00
615, 2.069867e+00, 6.401410e-01, 6.373774e+00
616, 2.069876e+00, 6.401286e-01, 6.373774e+00
617, 2.069881e+00, 6.401169e-01, 6.373774e+00
618, 2.069887e+00, 6.401060e-01, 6.373774e+00
619, 2.069893e+00, 6.400959e-01, 6.373774e+00
620, 2.069897e+00, 6.400863e-01, 6.373774e+00
621, 2.069899e+00, 6.400775e-01, 6.373774e+00
622, 2.069902e+00, 6.400692e-01, 6.373774e+00
623, 2.069905e+00, 6.400616e-01, 6.373774e+00
624, 2.069908e+00, 6.400546e-01, 6.373774e+00
625, 2.069912e+00, 6.400482e-01, 6.373774e+00
626, 2.069917e+00, 6.400423e-01, 6.373774e+00
627, 2.069922e+00, 6.400371e-01, 6.373774e+00
628, 2.069927e+00, 6.400324e-01, 6.373774e+00
629, 2.069931e+00, 6.400283e-01, 6.373774e+00
630, 2.069934e+00, 6.400247e-01, 6.373774e+00
631, 2.069937e+00, 6.400217e-01, 6.373774e+00
632, 2.069940e+00, 6.400193e-01, 6.373774e+00
633, 2.069943e+00, 6.400174e-01, 6.373774e+00
634, 2.069945e+00, 6.400160e-01, 6.373774e+00
635, 2.069948e+00, 6.400152e-01, 6.373774e+00
636, 2.069950e+00, 6.400149e-01, 6.373774e+00
637, 2.069953e+00, 6.400152e-01, 6.373774e+00
638, 2.069957e+00, 6.400160e-01, 6.373774e+00
639, 2.069961e+00, 6.400173e-01, 6.373774e+00
640, 2.069966e+00, 6.400191e-01, 6.373774e+00
641, 2.069970e+00, 6.400215e-01, 6.373774e+00
642, 2.069975e+00, 6.400244e-01, 6.373774e+00
643, 2.069981e+00, 6.400278e-01, 6.373774e+00
644, 2.069987e+00, 6.400317e-01, 6.373774e+00
645, 2.069993e+00, 6.400361e-01, 6.373774e+00
646, 2.070000e+00, 6.400410e-01, 6.373774e+00
647, 2.070008e+00, 6.400465e-01, 6.373774e+00
648, 2.070015e+00, 6.400524e-01, 6.373774e+00
649, 2.070024e+00, 6.400589e-01, 6.373774e+00
650, 2.070032e+00, 6.400658e-01, 6.373774e+00
651, 2.070041e+00, 6.400732e-01, 6.373774e+00
652, 2.070050e+00, 6.400811e-01, 6.373774e+00
653, 2.070058e+00, 6.400895e-01, 6.373774e+00
654, 2.070068e+00, 6.400983e-01, 6.373774e+00
655, 2.070078e+00, 6.401074e-01, 6.373774e+00
656, 2.070088e+00, 6.401170e-01, 6.373774e+00
657, 2.070098e+00, 6.401270e-01, 6.373774e+00
658, 2.070108e+00, 6.401374e-01, 6.373774e+00
659, 2.070118e+00, 6.401483e-01, 6.373774e+00
660, 2.070128e+00, 6.401596e-01, 6.373774e+00
661, 2.070137e+00, 6.401714e-01, 6.373774e+00
662, 2.070147e+00, 6.401836e-01, 6.373774e+00
663, 2.070157e+00, 6.401962e-01, 6.373774e+00
664, 2.070168e+00, 6.402092e-01, 6.373774e+00
665, 2.070178e+00, 6.402226e-01, 6.373774e+00
666, 2.070189e+00, 6.402365e-01, 6.373774e+00
667, 2.070200e+00, 6.402508e-01, 6.373774e+00
668, 2.070212e+00, 6.402655e-01, 6.373774e+00
669, 2.070223e+00, 6.402806e-01, 6.373774e+00
670, 2.070236e+00, 6.402961e-01, 6.373774e+00
671, 2.070248e+00, 6.403120e-01, 6.373774e+00
672, 2.070259e+00, 6.403283e-01, 6.373774e+00
673, 2.070270e+00, 6.403450e-01, 6.373774e+00
674, 2.070280e+00, 6.403620e-01, 6.373774e+00
675, 2.070291e+00, 6.403795e-01, 6.373774e+00
676, 2.070301e+00, 6.403974e-01, 6.373774e+00
677, 2.070311e+00, 6.404156e-01, 6.373774e+00
678, 2.070321e+00, 6.404343e-01, 6.373774e+00
679, 2.070332e+00, 6.404532e-01, 6.373774e+00
680, 2.070342e+00, 6.404726e-01, 6.373774e+00
681, 2.070352e+00, 6.404924e-01, 6.373774e+00
682, 2.070361e+00, 6.405125e-01, 6.373774e+00
683, 2.070371e+00, 6.405331e-01, 6.373774e+00
684, 2.070380e+00, 6.405541e-01, 6.373774e+00
685, 2.070390e+00, 6.405755e-01, 6.373774e+00
686, 2.070400e+00, 6.405973e-01, 6.373774e+00
687, 2.070410e+00, 6.406194e-01, 6.373774e+00
688, 2.070420e+00, 6.406419e-01, 6.373774e+00
689, 2.070430e+00, 6.406648e-01, 6.373774e+00
690, 2.070439e+00, 6.406881e-01, 6.373774e+00
691, 2.070449e+00, 6.407118e-01, 6.373774e+00
692, 2.070459e+00, 6.407358e-01, 6.373774e+00
693, 2.070469e+00, 6.407601e-01, 6.373774e+00
694, 2.070479e+00, 6.407848e-01, 6.373774e+00
695, 2.070489e+00, 6.408098e-01, 6.373774e+00
696, 2.070499e+00, 6.408345e-01, 6.373774e+00
697, 2.070509e+00, 6.408592e-01, 6.373774e+00
698, 2.070519e+00, 6.408839e-01, 6.373774e+00
699, 2.070528e+00, 6.409087e-01, 6.373774e+00
700, 2.070537e+00, 6.409336e-01, 6.373774e+00
701, 2.070545e+00, 6.409585e-01, 6.373774e+00
702, 2.070552e+00, 6.409836e-01, 6.373774e+00
703, 2.070560e+00, 6.410088e-01, 6.373774e+00
704, 2.070568e+00, 6.410343e-01, 6.373774e+00
705, 2.070577e+00, 6.410599e-01, 6.373774e+00
706, 2.070584e+00, 6.410858e-01, 6.373774e+00
707, 2.070591e+00, 6.411118e-01, 6.373774e+00
708, 2.070597e+00, 6.411381e-01, 6.373774e+00
709, 2.070603e+00, 6.411645e-01, 6.373774e+00
710, 2.070609e+00, 6.411912e-01, 6.373774e+00
711, 2.070615e+00, 6.412181e-01, 6.373774e+00
712, 2.070620e+00, 6.412452e-01, 6.373774e+00
713, 2.070624e+00, 6.412725e-01, 6.373774e+00
714, 2.070628e+00, 6.413001e-01, 6.373774e+00
715, 2.070634e+00, 6.413279e-01, 6.373774e+00
716, 2.070639e+00, 6.413559e-01, 6.373774e+00
717, 2.070644e+00, 6.413841e-01, 6.373774e+00
718, 2.070650e+00, 6.414125e-01, 6.373774e+00
719, 2.070655e+00, 6.414411e-01, 6.373774e+00
720, 2.070660e+00, 6.414700e-01, 6.373774e+00
721, 2.070666e+00, 6.414990e-01, 6.373774e+00
722, 2.070672e+00, 6.415283e-01, 6.373774e+00
723, 2.070678e+00, 6.415577e-01, 6.373774e+00
724, 2.070682e+00, 6.415874e-01, 6.373774e+00
725, 2.070686e+00, 6.416173e-01, 6.373774e+00
726, 2.070690e+00, 6.416474e-01, 6.373774e+00
727, 2.070693e+00, 6.416777e-01, 6.373774e+00
728, 2.070697e+00, 6.417082e-01, 6.373774e+00
729, 2.070702e+00, 6.417389e-01, 6.373774e+00
730, 2.070707e+00, 6.417698e-01, 6.373774e+00
731, 2.070712e+00, 6.418009e-01, 6.373774e+00
732, 2.070716e+00, 6.418322e-01, 6.373774e+00
733, 2.070721e+00, 6.418637e-01, 6.373774e+00
734, 2.070725e+00, 6.418954e-01, 6.373774e+00
735, 2.070730e+00, 6.419273e-01, 6.373774e+00
736, 2.070734e+00, 6.419593e-01, 6.373774e+00
737, 2.070740e+00, 6.419916e-01, 6.373774e+00
738, 2.070746e+00, 6.420241e-01, 6.373774e+00
739, 2.070752e+00, 6.420567e-01, 6.373774e+00
740, 2.070759e+00, 6.420895e-01, 6.373774e+00
741, 2.070766e+00, 6.421225e-01, 6.373774e+00
742, 2.070774e+00, 6.421557e-01, 6.373774e+00
743, 2.070783e+00, 6.421891e-01, 6.373774e+00
744, 2.070793e+00, 6.422226e-01, 6.373774e+00
745, 2.070803e+00, 6.422564e-01, 6.373774e+00
746, 2.070814e+00, 6.422903e-01, 6.373774e+00
747, 2.070823e+00, 6.423244e-01, 6.373774e+00
748, 2.070833e+00, 6.423586e-01, 6.373774e+00
749, 2.070842e+00, 6.423931e-01, 6.373774e+00
750, 2.070852e+00, 6.424277e-01, 6.373774e+00
751, 2.070861e+00, 6.424624e-01, 6.373774e+00
752, 2.070870e+00, 6.424974e-01, 6.373774e+00
753, 2.070877e+00, 6.425325e-01, 6.373774e+00
754, 2.070883e+00, 6.425678e-01, 6.373774e+00
755, 2.070889e+00, 6.426032e-01, 6.373774e+00
756, 2.070893e+00, 6.426388e-01, 6.373774e+00
757, 2.070897e+00, 6.426746e-01, 6.373774e+00
758, 2.070902e+00, 6.427106e-01, 6.373774e+00
759, 2.070909e+00, 6.427467e-01, 6.373774e+00
760, 2.070915e+00, 6.427830e-01, 6.373774e+00
761, 2.070921e+00, 6.428194e-01, 6.373774e+00
762, 2.070927e+00, 6.428560e-01, 6.373774e+00
763, 2.070932e+00, 6.428927e-01, 6.373774e+00
764, 2.070938e+00, 6.429296e-01, 6.373774e+00
765, 2.070943e+00, 6.429667e-01, 6.373774e+00
766, 2.070948e+00, 6.430039e-01, 6.373774e+00
767, 2.070952e+00, 6.430413e-01, 6.373774e+00
768, 2.070953e+00, 6.430788e-01, 6.373774e+00
769, 2.070954e+00, 6.431166e-01, 6.373774e+00
770, 2.070956e+00, 6.431545e-01, 6.373774e+00
771, 2.070958e+00, 6.431925e-01, 6.373774e+00
772, 2.070957e+00, 6.432306e-01, 6.373774e+00
773, 2.070958e+00, 6.432688e-01, 6.373774e+00
774, 2.070959e+00, 6.433071e-01, 6.373774e+00
775, 2.070962e+00, 6.433454e-01, 6.373774e+00
776, 2.070966e+00, 6.433839e-01, 6.373774e+00
777, 2.070971e+00, 6.434224e-01, 6.373774e+00
778, 2.070973e+00, 6.434611e-01, 6.373774e+00
779, 2.070972e+00, 6.434998e-01, 6.373774e+00
780, 2.070970e+00, 6.435386e-01, 6.373774e+00
781, 2.070968e+00, 6.435775e-01, 6.373774e+00
782, 2.070968e+00, 6.436166e-01, 6.373774e+00
783, 2.070969e+00, 6.436557e-01, 6.373774e+00
784, 2.070968e+00, 6.436949e-01, 6.373774e+00
785, 2.070970e+00, 6.437341e-01, 6.373774e+00
786, 2.070974e+00, 6.437735e-01, 6.373774e+00
787, 2.070980e+00, 6.438129e-01, 6.373774e+00
788, 2.070984e+00, 6.438525e-01, 6.373774e+00
789, 2.070988e+00, 6.438921e-01, 6.373774e+00
790, 2.070991e+00, 6.439318e-01, 6.373774e+00
791, 2.070995e+00, 6.439715e-01, 6.373774e+00
792, 2.071000e+00, 6.440113e-01, 6.373774e+00
793, 2.071005e+00, 6.440512e-01, 6.373774e+00
794, 2.071009e+00, 6.440912e-01, 6.373774e+00
795, 2.071011e+00, 6.441312e-01, 6.373774e+00
796, 2.071011e+00, 6.441713e-01, 6.373774e+00
797, 2.071012e+00, 6.442115e-01, 6.373774e+00
798, 2.071014e+00, 6.442517e-01, 6.373774e+00
799, 2.071017e+00, 6.442919e-01, 6.373774e+00
800, 2.071019e+00, 6.443323e-01, 6.373774e+00
801, 2.071021e+00, 6.443726e-01, 6.373774e+00
802, 2.071025e+00, 6.444130e-01, 6.373774e+00
803, 2.071029e+00, 6.444535e-01, 6.373774e+00
804, 2.071032e+00, 6.444940e-01, 6.373774e+00
805, 2.071037e+00, 6.445345e-01, 6.373774e+00
806, 2.071041e+00, 6.445751e-01, 6.373774e+00
807, 2.071043e+00, 6.446157e-01, 6.373774e+00
808, 2.071045e+00, 6.446564e-01, 6.373774e+00
809, 2.071049e+00, 6.446970e-01, 6.373774e+00
810, 2.071052e+00, 6.447377e-01, 6.373774e+00
811, 2.071057e+00, 6.447785e-01, 6.373774e+00
812, 2.071061e+00, 6.448193e-01, 6.373774e+00
813, 2.071066e+00, 6.448601e-01, 6.373774e+00
814, 2.071072e+00, 6.449009e-01, 6.373774e+00
815, 2.071077e+00, 6.449418e-01, 6.373774e+00
816, 2.071081e+00, 6.449827e-01, 6.373774e+00
817, 2.071085e+00, 6.450236e-01, 6.373774e+00
818, 2.071090e+00, 6.450646e-01, 6.373774e+00
819, 2.071094e+00, 6.451056e-01, 6.373774e+00
820, 2.071099e+00, 6.451466e-01, 6.373774e+00
821, 2.071102e+00, 6.451876e-01, 6.373774e+00
822, 2.071106e+00, 6.452287e-01, 6.373774e+00
823, 2.071109e+00, 6.452698e-01, 6.373774e+00
824, 2.071112e+00, 6.453110e-01, 6.373774e+00
825, 2.071112e+00, 6.453522e-01, 6.373774e+00
826, 2.071112e+00, 6.453934e-01, 6.373774e+00
827, 2.071112e+00, 6.454346e-01, 6.373774e+00
828, 2.071112e+00, 6.454759e-01, 6.373774e+00
829, 2.071113e+00, 6.455172e-01, 6.373774e+00
830, 2.071114e+00, 6.455585e-01, 6.373774e+00
831, 2.071115e+00, 6.455999e-01, 6.373774e+00
832, 2.071117e+00, 6.456413e-01, 6.373774e+00
833, 2.071118e+00, 6.456827e-01, 6.373774e+00
834, 2.071120e+00, 6.457242e-01, 6.373774e+00
835, 2.071120e+00, 6.457657e-01, 6.373774e+00
836, 2.071120e+00, 6.458073e-01, 6.373774e+00
837, 2.071120e+00, 6.458490e-01, 6.373774e+00
838, 2.071121e+00, 6.458908e-01, 6.373774e+00
839, 2.071120e+00, 6.459327e-01, 6.373774e+00
840, 2.071120e+00, 6.459746e-01, 6.373774e+00
841, 2.071119e+00, 6.460166e-01, 6.373774e+00
842, 2.071120e+00, 6.460587e-01, 6.373774e+00
843, 2.071121e+00, 6.461008e-01, 6.373774e+00
844, 2.071122e+00, 6.461430e-01, 6.373774e+00
845, 2.071124e+00, 6.461852e-01, 6.373774e+00
846, 2.071127e+00, 6.462256e-01, 6.373774e+00
847, 2.071129e+00, 6.462423e-01, 6.373774e+00
848, 2.071129e+00, 6.462590e-01, 6.373774e+00
849, 2.071130e+00, 6.462758e-01, 6.373774e+00
850, 2.071130e+00, 6.462926e-01, 6.373774e+00
851, 2.071130e+00, 6.463095e-01, 6.373774e+00
852, 2.071131e+00, 6.463264e-01, 6.373774e+00
853, 2.071131e+00, 6.463434e-01, 6.373774e+00
854, 2.071130e+00, 6.463604e-01, 6.373774e+00
855, 2.071129e+00, 6.463774e-01, 6.373774e+00
856, 2.071128e+00, 6.463946e-01, 6.373774e+00
857, 2.071127e+00, 6.464117e-01, 6.373774e+00
858, 2.071126e+00, 6.464289e-01, 6.373774e+00
859, 2.071126e+00, 6.464462e-01, 6.373774e+00
860, 2.071126e+00, 6.464635e-01, 6.373774e+00
861, 2.071128e+00, 6.464808e-01, 6.373774e+00
862, 2.071129e+00, 6.464982e-01, 6.373774e+00
863, 2.071131e+00, 6.465156e-01, 6.373774e+00
864, 2.071133e+00, 6.465331e-01, 6.373774e+00
865, 2.071135e+00, 6.465506e-01, 6.373774e+00
866, 2.071137e+00, 6.465682e-01, 6.373774e+00
867, 2.071138e+00, 6.465858e-01, 6.373774e+00
868, 2.071143e+00, 6.466034e-01, 6.373774e+00
869, 2.071143e+00, 6.466211e-01, 6.373774e+00
870, 2.071145e+00, 6.466388e-01, 6.373774e+00
871, 2.071146e+00, 6.466566e-01, 6.373774e+00
872, 2.071146e+00, 6.466744e-01, 6.373774e+00
873, 2.071147e+00, 6.466923e-01, 6.373774e+00
874, 2.071146e+00, 6.467102e-01, 6.373774e+00
875, 2.071146e+00, 6.467281e-01, 6.373774e+00
876, 2.071146e+00, 6.467461e-01, 6.373774e+00
877, 2.071145e+00, 6.467641e-01, 6.373774e+00
878, 2.071144e+00, 6.467822e-01, 6.373774e+00
879, 2.071145e+00, 6.468003e-01, 6.373774e+00
880, 2.071146e+00, 6.468184e-01, 6.373774e+00
881, 2.071148e+00, 6.468366e-01, 6.373774e+00
882, 2.071150e+00, 6.468548e-01, 6.373774e+00
883, 2.071146e+00, 6.468731e-01, 6.373774e+00
884, 2.071143e+00, 6.468914e-01, 6.373774e+00
885, 2.071140e+00, 6.469098e-01, 6.373774e+00
886, 2.071136e+00, 6.469281e-01, 6.373774e+00
887, 2.071133e+00, 6.469466e-01, 6.373774e+00
888, 2.071129e+00, 6.469650e-01, 6.373774e+00
889, 2.071126e+00, 6.469835e-01, 6.373774e+00
890, 2.071122e+00, 6.470021e-01, 6.373774e+00
891, 2.071119e+00, 6.470207e-01, 6.373774e+00
892, 2.071117e+00, 6.470393e-01, 6.373774e+00
893, 2.071114e+00, 6.470579e-01, 6.373774e+00
894, 2.071112e+00, 6.470766e-01, 6.373774e+00
895, 2.071110e+00, 6.470954e-01, 6.373774e+00
896, 2.071108e+00, 6.471141e-01, 6.373774e+00
897, 2.071107e+00, 6.471329e-01, 6.373774e+00
898, 2.071106e+00, 6.471518e-01, 6.373774e+00
899, 2.071106e+00, 6.471707e-01, 6.373774e+00
900, 2.071107e+00, 6.471896e-01, 6.373774e+00
901, 2.071108e+00, 6.472085e-01, 6.373774e+00
902, 2.071109e+00, 6.472275e-01, 6.373774e+00
903, 2.071110e+00, 6.472465e-01, 6.373774e+00
904, 2.071113e+00, 6.472656e-01, 6.373774e+00
905, 2.071115e+00, 6.472847e-01, 6.373774e+00
906, 2.071117e+00, 6.473038e-01, 6.373774e+00
907, 2.071119e+00, 6.473230e-01, 6.373774e+00
908, 2.071120e+00, 6.473422e-01, 6.373774e+00
909, 2.071117e+00, 6.473614e-01, 6.373774e+00
910, 2.071114e+00, 6.473807e-01, 6.373774e+00
911, 2.071112e+00, 6.474000e-01, 6.373774e+00
912, 2.071110e+00, 6.474194e-01, 6.373774e+00
913, 2.071108e+00, 6.474387e-01, 6.373774e+00
914, 2.071106e+00, 6.474581e-01, 6.373774e+00
915, 2.071104e+00, 6.474776e-01, 6.373774e+00
916, 2.071102e+00, 6.474971e-01, 6.373774e+00
917, 2.071098e+00, 6.475166e-01, 6.373774e+00
918, 2.071096e+00, 6.475361e-01, 6.373774e+00
919, 2.071093e+00, 6.475557e-01, 6.373774e+00
920, 2.071091e+00, 6.475753e-01, 6.373774e+00
921, 2.071089e+00, 6.475949e-01, 6.373774e+00
922, 2.071087e+00, 6.476146e-01, 6.373774e+00
923, 2.071084e+00, 6.476343e-01, 6.373774e+00
924, 2.071083e+00, 6.476540e-01, 6.373774e+00
925, 2.071082e+00, 6.476738e-01, 6.373774e+00
926, 2.071082e+00, 6.476936e-01, 6.373774e+00
927, 2.071083e+00, 6.477134e-01, 6.373774e+00
928, 2.071087e+00, 6.477333e-01, 6.373774e+00
929, 2.071090e+00, 6.477531e-01, 6.373774e+00
930, 2.071084e+00, 6.477731e-01, 6.373774e+00
931, 2.071080e+00, 6.477930e-01, 6.373774e+00
932, 2.071078e+00, 6.478130e-01, 6.373774e+00
933, 2.071075e+00, 6.478330e-01, 6.373774e+00
934, 2.071073e+00, 6.478530e-01, 6.373774e+00
935, 2.071071e+00, 6.478731e-01, 6.373774e+00
936, 2.071069e+00, 6.478932e-01, 6.373774e+00
937, 2.071067e+00, 6.479133e-01, 6.373774e+00
938, 2.071065e+00, 6.479335e-01, 6.373774e+00
939, 2.071063e+00, 6.479536e-01, 6.373774e+00
940, 2.071061e+00, 6.479738e-01, 6.373774e+00
941, 2.071059e+00, 6.479941e-01, 6.373774e+00
942, 2.071057e+00, 6.480143e-01, 6.373774e+00
943, 2.071055e+00, 6.480346e-01, 6.373774e+00
944, 2.071053e+00, 6.480549e-01, 6.373774e+00
945, 2.071051e+00, 6.480753e-01, 6.373774e+00
946, 2.071049e+00, 6.480957e-01, 6.373774e+00
947, 2.071047e+00, 6.481161e-01, 6.373774e+00
948, 2.071044e+00, 6.481365e-01, 6.373774e+00
949, 2.071041e+00, 6.481569e-01, 6.373774e+00
950, 2.071037e+00, 6.481774e-01, 6.373774e+00
951, 2.071034e+00, 6.481979e-01, 6.373774e+00
952, 2.071030e+00, 6.482184e-01, 6.373774e+00
953, 2.071026e+00, 6.482390e-01, 6.373774e+00
954, 2.071022e+00, 6.482596e-01, 6.373774e+00
955, 2.071018e+00, 6.482802e-01, 6.373774e+00
956, 2.071015e+00, 6.483008e-01, 6.373774e+00
957, 2.071011e+00, 6.483215e-01, 6.373774e+00
958, 2.071008e+00, 6.483421e-01, 6.373774e+00
959, 2.071005e+00, 6.483628e-01, 6.373774e+00
960, 2.071002e+00, 6.483836e-01, 6.373774e+00
961, 2.071000e+00, 6.484043e-01, 6.373774e+00
962, 2.070997e+00, 6.484251e-01, 6.373774e+00
963, 2.070995e+00, 6.484459e-01, 6.373774e+00
964, 2.070993e+00, 6.484667e-01, 6.373774e+00
965, 2.070991e+00, 6.484876e-01, 6.373774e+00
966, 2.070990e+00, 6.485084e-01, 6.373774e+00
967, 2.070989e+00, 6.485293e-01, 6.373774e+00
968, 2.070988e+00, 6.485502e-01, 6.373774e+00
969, 2.070987e+00, 6.485712e-01, 6.373774e+00
970, 2.070986e+00, 6.485921e-01, 6.373774e+00
971, 2.070986e+00, 6.486131e-01, 6.373774e+00
972, 2.070987e+00, 6.486341e-01, 6.373774e+00
973, 2.070987e+00, 6.486552e-01, 6.373774e+00
974, 2.070986e+00, 6.486762e-01, 6.373774e+00
975, 2.070984e+00, 6.486973e-01, 6.373774e+00
976, 2.070982e+00, 6.487184e-01, 6.373774e+00
977, 2.070980e+00, 6.487395e-01, 6.373774e+00
978, 2.070979e+00, 6.487606e-01, 6.373774e+00
979, 2.070978e+00, 6.487818e-01, 6.373774e+00
980, 2.070977e+00, 6.488029e-01, 6.373774e+00
981, 2.070976e+00, 6.488241e-01, 6.373774e+00
982, 2.070976e+00, 6.488453e-01, 6.373774e+00
983, 2.070976e+00, 6.488666e-01, 6.373774e+00
984, 2.070977e+00, 6.488878e-01, 6.373774e+00
985, 2.070977e+00, 6.489091e-01, 6.373774e+00
986, 2.070978e+00, 6.489304e-01, 6.373774e+00
987, 2.070978e+00, 6.489517e-01, 6.373774e+00
988, 2.070978e+00, 6.489730e-01, 6.373774e+00
989, 2.070979e+00, 6.489944e-01, 6.373774e+00
990, 2.070980e+00, 6.490158e-01, 6.373774e+00
991, 2.070983e+00, 6.490372e-01, 6.373774e+00
992, 2.070986e+00, 6.490586e-01, 6.373774e+00
993, 2.070990e+00, 6.490800e-01, 6.373774e+00
994, 2.070993e+00, 6.491014e-01, 6.373774e+00
995, 2.070991e+00, 6.491229e-01, 6.373774e+00
996, 2.070985e+00, 6.491444e-01, 6.373774e+00
997, 2.070980e+00, 6.491659e-01, 6.373774e+00
998, 2.070975e+00, 6.491874e-01, 6.373774e+00
999, 2.070970e+00, 6.492089e-01, 6.373774e+00
1000, 2.070966e+00, 6.492305e-01, 6.373774e+00
