base_h_mm,angle_deg,projected_width_mm,G_N_per_mm,relative_error
  5.000000000000E-01,  1.500000000000E+01,  4.564812050751E-01,  9.000015988876E-02,  1.776541828616E-06
  5.000000000000E-01,  4.500000000000E+01,  4.714045207910E-01,  9.000015988438E-02,  1.776493093063E-06
  5.000000000000E-01,  7.500000000000E+01,  6.740525223633E-01,  9.000015982473E-02,  1.775830309038E-06
  5.000000000000E-01,  9.000000000000E+01,  1.000000000000E+00,  9.000015972879E-02,  1.774764345825E-06
  1.000000000000E+00,  1.500000000000E+01,  8.164965809277E-01,  9.000015978281E-02,  1.775364546116E-06
  1.000000000000E+00,  4.500000000000E+01,  7.071067811865E-01,  9.000015981500E-02,  1.775722196136E-06
  1.000000000000E+00,  7.500000000000E+01,  8.164965809277E-01,  9.000015978281E-02,  1.775364545961E-06
  1.000000000000E+00,  9.000000000000E+01,  1.000000000000E+00,  9.000015972879E-02,  1.774764344746E-06
  2.000000000000E+00,  1.500000000000E+01,  1.348105044727E+00,  9.000015962633E-02,  1.773625904632E-06
  2.000000000000E+00,  4.500000000000E+01,  9.428090415821E-01,  9.000015974562E-02,  1.774951375075E-06
  2.000000000000E+00,  7.500000000000E+01,  9.129624101502E-01,  9.000015975441E-02,  1.775048998528E-06
  2.000000000000E+00,  9.000000000000E+01,  1.000000000000E+00,  9.000015972879E-02,  1.774764344746E-06
  4.000000000000E+00,  1.500000000000E+01,  1.998798715277E+00,  9.000015943481E-02,  1.771497865529E-06
  4.000000000000E+00,  4.500000000000E+01,  1.131370849898E+00,  9.000015969013E-02,  1.774334726213E-06
  4.000000000000E+00,  7.500000000000E+01,  9.702797608238E-01,  9.000015973754E-02,  1.774861558032E-06
  4.000000000000E+00,  9.000000000000E+01,  1.000000000000E+00,  9.000015972879E-02,  1.774764344746E-06
