size,mesh,config,elements,dofs,depth_mm,thickness_mm,requested_threads,launch_to_exit_s,wall_s,assembly_s,factorization_s,damage_s,solve_s,peak_working_set_MB,max_post_damage_residual,peak_N,peak_cmod_mm,peak_nominal_bending_stress_MPa,within_program_speed_ratio,peak_change_from_program_cpu1_percent,max_load_history_difference_fraction,max_final_damage_difference,hardware_response_check,peak_difference_from_abaqus_cpu1_percent,field_output_increment_frequency,equilibrium_iteration_limit,increment_attempt_limit,odb_bytes,observed_solver_threads,accepted_increments,alternate_force_tolerance_acceptances,cutbacks,solver_passes,factorizations,solver_time_entries,summed_solver_elapsed_s,remaining_wall_s,analysis_user_cpu_s,analysis_system_cpu_s,analysis_total_cpu_s,max_load_curve_difference_fraction
small,coarse,matlab_cpu1,3584,3772,100.0,50.0,1,49.08159375190735,39.91,6.25,29.47,1.21,2.65,1078.6,0.0136121935,4158.716928494378,0.024850470583797003,3.1190376963707838,1.0,0.0,0.0,0.0,True,2.0772484171765138,,,,,,,,,,,,,,,,,
small,coarse,matlab_cpu8,3584,3772,100.0,50.0,8,51.20530843734741,42.31,4.25,33.65,1.13,2.91,1078.3,0.0136121935,4158.716928494417,0.024850470583798,3.1190376963708126,0.943275821318837,9.103828801926284e-13,3.1684674542291336e-12,2.7140512059986577e-12,True,2.0772484171774463,,,,,,,,,,,,,,,,,
small,coarse,matlab_gpu_hybrid,3584,3772,100.0,50.0,1,71.55769896507263,61.55,10.52,28.94,19.2,2.52,1424.2,0.0136121935,4158.716928493925,0.02485047058379755,3.1190376963704436,0.6484159220146223,-1.0913492332065289e-11,3.2139562194472214e-12,4.0882852658796764e-12,True,2.077248417165367,,,,,,,,,,,,,,,,,
small,coarse,abaqus_cpu1,3584,3772,100.0,50.0,1,203.48419451713562,158.0,,,,,242.296875,,4074.088,0.02434242,3.055566,1.0,0.0,,,True,,100,16,5,14465600,1,2000,0,0,3184,3105,3184,15.443,142.557,89.0,2.1,91.0,0.0
small,coarse,abaqus_cpu8,3584,3772,100.0,50.0,8,281.229248046875,234.0,,,,,251.0234375,,4074.088,0.02434242,3.055566,0.6752136752136753,0.0,,,True,,100,16,5,14465600,8,2000,0,0,3184,3105,3184,7.291,226.709,47.0,15.0,62.0,0.0
small,medium,matlab_cpu1,14313,14686,100.0,50.0,1,142.23326754570007,133.94,27.03,91.48,2.84,12.02,1139.2,0.01131573407,4193.718292097896,0.027864444448009847,3.145288719073422,1.0,0.0,0.0,0.0,True,1.8708992835739569,,,,,,,,,,,,,,,,,
small,medium,matlab_cpu8,14313,14686,100.0,50.0,8,152.8120539188385,145.34,20.25,108.37,2.22,13.39,1142.6,0.01131573407,4193.718292099633,0.027864444448007883,3.1452887190747245,0.9215632310444475,4.141131881851834e-11,6.115754279042515e-12,6.565969989935638e-12,True,1.8708992836161453,,,,,,,,,,,,,,,,,
small,medium,matlab_gpu_hybrid,14313,14686,100.0,50.0,1,147.5707721710205,139.1,27.11,87.74,11.89,11.77,1477.2,0.01131573407,4193.718292096204,0.027864444448010842,3.145288719072153,0.9629043853342919,-4.033440248463194e-11,5.794785614752341e-12,9.130918243727137e-12,True,1.8708992835328564,,,,,,,,,,,,,,,,,
small,medium,abaqus_cpu1,14313,14686,100.0,50.0,1,878.9424648284912,830.0,,,,,267.1796875,,4116.699,0.02655081,3.0875242499999995,1.0,0.0,,,True,,100,16,5,22959216,1,2008,4,2,5223,5152,5223,94.808,735.192,482.0,7.9,490.0,0.0
small,medium,abaqus_cpu8,14313,14686,100.0,50.0,8,451.5922830104828,403.0,,,,,291.65625,,4116.699,0.02655081,3.0875242499999995,2.0595533498759306,0.0,,,True,,100,16,5,22959216,8,2008,4,2,5223,5152,5223,35.647,367.353,129.0,20.0,149.0,0.0
small,fine,matlab_cpu1,25042,25534,100.0,50.0,1,244.36469769477844,235.66,45.81,158.65,5.94,24.36,1212.5,0.01574648962,4205.028619827346,0.0269777863095747,3.1537714648705095,1.0,0.0,0.0,0.0,True,2.8781871794674174,,,,,,,,,,,,,,,,,
small,fine,matlab_cpu8,25042,25534,100.0,50.0,8,268.32835245132446,261.14,35.31,192.89,4.68,26.93,1212.4,0.01574648962,4205.028619825955,0.026977786309578675,3.153771464869466,0.9024278164968983,-3.3095748364075916e-11,8.274290725862819e-12,7.842837490557031e-12,True,2.878187179433378,,,,,,,,,,,,,,,,,
small,fine,matlab_gpu_hybrid,25042,25534,100.0,50.0,1,265.73460578918457,256.72,50.53,161.09,20.06,24.17,1548.9,0.01574648962,4205.028619825738,0.026977786309575764,3.153771464869304,0.9179650981614209,-3.823608096809039e-11,7.355501856052457e-12,8.13538125754576e-12,True,2.878187179428071,,,,,,,,,,,,,,,,,
small,fine,abaqus_cpu1,25042,25534,100.0,50.0,1,1718.218460559845,1667.0,,,,,299.60546875,,4087.386,0.02599142,3.0655395,1.0,0.0,,,True,,100,16,5,28048540,1,2000,3,0,6225,6153,6225,204.635,1462.365,960.0,11.0,971.0,0.0
small,fine,abaqus_cpu8,25042,25534,100.0,50.0,8,742.6103162765503,691.0,,,,,322.7265625,,4087.386,0.02599142,3.0655395,2.4124457308248917,0.0,,,True,,100,16,5,28048540,8,2000,3,0,6225,6153,6225,71.273,619.727,759.0,18.0,778.0,0.0
large,coarse,matlab_cpu1,14313,14686,200.0,100.0,1,140.48619389533997,132.13,26.76,90.19,2.83,11.77,1127.3,0.02003002147,14257.590505701068,0.0379470574981932,2.67329821981895,1.0,0.0,0.0,0.0,True,2.616814769106024,,,,,,,,,,,,,,,,,
large,coarse,matlab_cpu8,14313,14686,200.0,100.0,8,147.8862006664276,140.03,19.34,104.37,2.21,13.03,1143.5,0.02003002147,14257.590505696448,0.03794705749819718,2.6732982198180837,0.9435835178176105,-3.240741008880832e-11,6.154479523869409e-12,1.1839973446114982e-11,True,2.6168147690727617,,,,,,,,,,,,,,,,,
large,coarse,matlab_gpu_hybrid,14313,14686,200.0,100.0,1,153.6388065814972,145.23,29.29,89.63,13.99,11.74,1475.7,0.02003002147,14257.590505702843,0.037947057498195415,2.673298219819283,0.9097982510500585,1.2456702336294256e-11,7.187370614774192e-12,2.606781457359375e-11,True,2.6168147691187915,,,,,,,,,,,,,,,,,
large,coarse,abaqus_cpu1,14313,14686,200.0,100.0,1,867.8391749858856,819.0,,,,,266.640625,,13894.01,0.0362141,2.605126875,1.0,0.0,,,True,,100,16,5,22485064,1,2008,4,2,5068,4997,5068,92.165,726.835,482.0,8.6,490.0,0.0
large,coarse,abaqus_cpu8,14313,14686,200.0,100.0,8,438.4331998825073,390.0,,,,,287.27734375,,13894.01,0.0362141,2.605126875,2.1,0.0,,,True,,100,16,5,22485064,8,2008,4,2,5068,4997,5068,34.652,355.348,118.0,18.0,136.0,0.0
large,medium,matlab_cpu1,56216,56954,200.0,100.0,1,606.7574238777161,597.98,100.6,415.1,13.26,66.78,1433.4,0.02081712891,15425.490880778729,0.039164596299168755,2.8922795401460117,1.0,0.0,0.0,0.0,True,4.239883179216819,,,,,,,,,,,,,,,,,
large,medium,matlab_cpu8,56216,56954,200.0,100.0,8,647.5823655128479,639.64,73.34,485.41,8.32,70.04,1428.1,0.0208171289,15425.490880782872,0.03916459629917252,2.892279540146789,0.9348696141579639,2.6867397195928788e-11,1.3567519272605907e-11,1.3387239095052905e-09,True,4.239883179244819,,,,,,,,,,,,,,,,,
large,medium,matlab_gpu_hybrid,56216,56954,200.0,100.0,1,633.0999965667725,624.54,107.72,412.21,36.18,66.29,1773.6,0.0208171289,15425.490880794248,0.03916459629915592,2.892279540148922,0.9574726999071317,1.0060841049153169e-10,1.2639245112944927e-11,3.7016745224605074e-10,True,4.239883179321691,,,,,,,,,,,,,,,,,
large,medium,abaqus_cpu1,56216,56954,200.0,100.0,1,4409.763125419617,4350.0,,,,,365.75390625,,14798.07,0.03956685,2.774638125,1.0,0.0,,,True,,100,80,12,38705668,1,2050,23,6,7448,7384,7448,588.002,3761.998,2610.0,32.0,2640.0,0.0
large,medium,abaqus_cpu8,56216,56954,200.0,100.0,8,1643.0825295448303,1583.0,,,,,377.7265625,,14798.07,0.03956685,2.774638125,2.7479469361970943,0.0,,,True,,100,80,12,38705668,8,2050,23,6,7448,7384,7448,187.102,1395.898,1320.0,71.0,1390.0,0.0
large,fine,matlab_cpu1,100104,101088,200.0,100.0,1,1165.8814067840576,1156.6,179.85,825.91,23.15,123.86,1757.4,0.0226954756,15092.87656826164,0.043464445002807,2.8299143565490574,1.0,0.0,0.0,0.0,True,3.7802544865688237,,,,,,,,,,,,,,,,,
large,fine,matlab_cpu8,100104,101088,200.0,100.0,8,1230.2551200389862,1221.31,131.94,944.46,13.26,127.96,1766.8,0.0226954756,15092.876568263579,0.043464445002799536,2.829914356549421,0.9470159091467358,1.2856382625159313e-11,1.7590095580891825e-11,2.2046353631566262e-10,True,3.7802544865821464,,,,,,,,,,,,,,,,,
large,fine,matlab_gpu_hybrid,100104,101088,200.0,100.0,1,1203.2670314311981,1193.87,192.49,819.34,55.69,122.62,2077.3,0.0226954756,15092.876568259988,0.04346444500280269,2.8299143565487475,0.9687821957164515,-1.0946799022804043e-11,1.534553613601591e-11,3.7167791067105327e-10,True,3.780254486557455,,,,,,,,,,,,,,,,,
large,fine,abaqus_cpu1,100104,101088,200.0,100.0,1,8619.831627130508,8548.0,,,,,470.6640625,,14543.11,0.03926705,2.726833125,1.0,0.0,,,True,,100,80,12,50555740,1,2003,83,0,8297,8237,8297,1232.571,7315.429,4660.0,57.0,4720.0,0.0
large,fine,abaqus_cpu8,100104,101088,200.0,100.0,8,3017.614557981491,2947.0,,,,,479.9140625,,14543.11,0.03926705,2.726833125,2.9005768578215134,0.0,,,True,,100,80,12,50555740,8,2003,83,0,8297,8237,8297,373.46,2573.54,2740.0,104.0,2840.0,0.0
