1,13310,-0
1,3368,-0.180061785654341
1,3416,-0.3393417148899434
1,3626,-0.4805964994557157
1,20510,0
1,3548,0.3925960878747889
1,3491,0.450414917794891
1,3413,0.1569889943303201
2,20462,-1.110223024625157e-16
2,6062,-0.01861668998580713
2,5837,-0.5009387792731222
2,5780,-0.4804445307410705
2,20546,0
2,5783,0.6114016653844595
2,5831,0.178713177110129
2,5777,0.2098851575054115
3,19907,-0
3,4877,-0.3121866234728194
3,3590,-0.4923875841415544
3,3464,-0.1954257923856262
3,16220,0
3,3539,0.5620797708839326
3,3611,0.1938662968820672
3,3476,0.2440539322340003
4,18566,-0
4,5855,-0.03463301662384161
4,5726,-0.3741753647601636
4,5792,-0.5911916186159948
4,12725,0
4,5636,0.33998292181064
4,5786,0.2081513744408102
4,5651,0.4518657037485499
