Hierarchy Level	Metric Name	Metric Value
0	Elapsed Time	348.202122
1	CPU Time	229.071325
2	Effective Time	202.578211
2	Spin Time	26.493114
2	Overhead Time	0.0
1	Total Thread Count	261
1	Paused Time	0.0
0	Top Hotspots	
0	Function	Module	CPU Time	% of CPU Time(%)
0	WaitForSingleObjectEx	KERNELBASE.dll	18.888946	8.2
0	ReadFile	KERNELBASE.dll	17.337942	7.6
0	std_elgene_solid	ABQSMAStaCore.dll	5.559218	2.4
0	func@0x1812a0c30	ABQSMAStaCore.dll	4.677741	2.0
0	std_matgen_general	ABQSMAStaCore.dll	4.073854	1.8
0	[Others]	N/A	178.533623	77.9
0	Collection and Platform Info	
1	Application Command Line	cmd.exe "/d" "/c" "C:\SIMULIA\Commands\abaqus.BAT" "cae" "noGUI=run_3pb_abaqus_OLIVER_T3_FAST.py" 
1	Operating System	Microsoft Windows 10
1	Computer Name	CCEE-D5H7BX04.colleges.ad.unm.edu
1	Result Size	150472349
1	Collection start time	04:49:00 04/10/2026 UTC
1	Collection stop time	04:54:49 04/10/2026 UTC
1	Collector Type	User-mode sampling and tracing
1	CPU	
2	Name	Intel(R) microarchitecture code named Raptorlake-DT
2	Frequency	1996799997
2	Logical CPU Count	32
2	Cache Allocation Technology	
3	Level 2 capability	not detected
3	Level 3 capability	not detected
