0.00166666666666667,2.99415753685196e-10,2
0.00333333333333333,1.49699258443878e-10,2
0.005,9.97880145798359e-11,2
0.00666666666666667,7.3214621523816e-08,4
0.00833333333333333,3.92178525646325e-09,5
0.01,4.35437525129814e-12,6
0.0116666666666667,4.74751630268546e-09,5
0.0133333333333333,4.38768303418608e-12,7
0.015,2.33328136102907e-08,6
0.0166666666666667,9.36028404331389e-10,7
0.0167708333333333,4.67507839127002e-10,7
0.016875,2.80726729146502e-10,7
0.0170833333333333,4.50095918419619e-07,7
0.0175,6.10801311556045e-09,7
0.0183333333333333,8.40244213665107e-13,11
0.0191666666666667,3.83045923088485e-09,18
0.02,1.10296604996954e-07,9
0.0216666666666667,1.69874744630935e-08,15
0.0233333333333333,8.8055699335489e-10,12
0.025,1.07190276403138e-10,8
0.0266666666666667,1.32252147901042e-10,8
0.0283333333333333,2.83205932690697e-11,8
0.03,5.92297157595341e-10,7
0.0316666666666667,4.98840360700335e-08,7
0.0333333333333333,1.21664466833043e-10,8
0.035,1.72798608757539e-08,7
0.0366666666666667,4.85431438079754e-10,8
0.0383333333333333,1.64266272622412e-09,8
0.04,1.86541183154469e-11,8
0.0416666666666667,2.6355356717327e-10,9
0.0433333333333333,6.65629703746393e-11,10
0.045,3.9301146522433e-10,10
0.0466666666666667,1.39367620758037e-10,14
0.0475,1.88008902606792e-10,9
0.0483333333333333,8.77003075826955e-13,9
0.05,1.03610988882267e-12,9
0.0516666666666667,1.75708736482361e-11,10
0.0533333333333333,4.39263196314012e-07,10
0.055,5.38429272262455e-09,9
0.0566666666666667,1.50333694777558e-08,9
0.0583333333333333,1.44838736344449e-12,11
0.06,8.97504419108727e-07,8
0.0616666666666667,5.58747974138224e-13,8
0.0633333333333333,7.04131735114088e-09,9
0.065,8.49085137052561e-09,7
0.0666666666666667,6.25821274338339e-09,8
0.0683333333333333,9.29885079628771e-10,8
0.07,1.1587528418145e-08,7
0.0716666666666667,2.75407822734492e-09,8
0.0733333333333333,3.11524429176111e-10,8
0.075,4.23047430982006e-12,8
0.0766666666666667,1.39607577365255e-12,8
0.0783333333333333,3.39253466786624e-08,8
0.08,3.36563237936086e-08,8
0.0816666666666667,1.99296251751061e-09,8
0.0833333333333333,8.49790897517729e-11,8
0.085,1.58652085937608e-07,6
0.0866666666666667,2.85674152950353e-08,7
0.0883333333333333,9.92440755635921e-10,6
0.09,4.98634258584325e-08,7
0.0916666666666667,7.68919492308986e-07,6
0.0933333333333333,8.5653391806865e-10,8
0.095,4.5394574396247e-12,7
0.0966666666666667,7.20335967960243e-10,6
0.0983333333333333,1.82551639496764e-12,6
0.1,3.1208100082641e-08,5
0.101666666666667,2.41265218619719e-09,6
0.103333333333333,7.89521302931821e-10,7
0.105,9.44087547658963e-12,7
0.106666666666667,1.33486557891247e-08,5
0.108333333333333,4.15199185030921e-07,5
0.11,8.60446255832731e-09,5
0.111666666666667,9.34033894542611e-12,6
0.113333333333333,6.31839338624203e-12,6
0.115,6.71380502283052e-08,5
0.116666666666667,2.41766678469832e-11,6
0.118333333333333,2.99699270501465e-09,6
0.12,4.47556790619349e-10,5
0.121666666666667,1.13356190251803e-10,5
0.123333333333333,1.0576508086817e-07,5
0.125,1.1587450047859e-10,6
0.126666666666667,4.97321142785737e-08,5
0.128333333333333,6.98242946827536e-10,6
0.13,5.77704812937596e-09,5
0.131666666666667,5.89344362986633e-10,5
0.133333333333333,8.41225397302702e-12,5
0.135,2.66534642616994e-07,4
0.136666666666667,4.15552088707816e-07,4
0.138333333333333,9.38493634634219e-08,4
0.14,3.81549961057596e-09,4
0.141666666666667,3.39714323981053e-13,5
0.143333333333333,1.58510861441225e-07,4
0.145,8.81538751874779e-07,4
0.146666666666667,3.58038864288426e-10,5
0.148333333333333,9.60885215369405e-11,5
0.15,2.70177806479985e-07,5
0.151666666666667,3.75530835471555e-13,5
0.153333333333333,4.9113518875233e-13,5
0.155,9.69859238849596e-13,5
0.156666666666667,9.25496933913822e-09,4
0.158333333333333,2.05349898102339e-08,4
0.16,3.98193923601599e-08,4
0.161666666666667,6.98922232593012e-08,4
0.163333333333333,1.14263960515719e-07,4
0.165,1.76226048760638e-07,4
0.166666666666667,2.56567419802753e-13,5
0.168333333333333,5.97300929314154e-09,4
0.17,2.82997552766383e-11,4
0.171666666666667,2.5730848478062e-11,4
0.173333333333333,2.33213307176073e-11,4
0.175,2.08191312836644e-11,4
0.176666666666667,1.88602014340439e-11,4
0.178333333333333,1.77195467306461e-11,4
0.18,1.53817755737518e-11,4
0.181666666666667,7.28474110000176e-08,4
0.183333333333333,1.12318381105992e-11,4
0.185,1.17259104216005e-11,4
0.186666666666667,2.75711402386763e-11,4
0.188333333333333,1.50719292274225e-11,4
0.19,8.73389964956537e-12,4
0.191666666666667,7.89359857790461e-12,4
0.193333333333333,7.38783970868932e-12,4
0.195,8.75141010974322e-12,4
0.196666666666667,5.8843819900246e-12,4
0.198333333333333,5.31609299714841e-12,4
0.2,5.72940952448506e-12,4
0.201666666666667,4.77558298077055e-12,4
0.203333333333333,4.15187648051907e-12,4
0.205,6.08391309603406e-12,4
0.206666666666667,3.9060695798059e-12,4
0.208333333333333,3.52257442537818e-12,4
0.21,2.90548511295221e-12,4
0.211666666666667,3.58354732126874e-12,4
0.213333333333333,2.37374064941956e-12,4
0.215,3.80780779396781e-12,4
0.216666666666667,2.69541517559863e-12,4
0.218333333333333,3.31745672553513e-12,4
0.22,2.02079957701109e-12,4
0.221666666666667,2.96403590083157e-12,4
0.223333333333333,2.29799139037123e-12,4
0.225,3.18467922076605e-12,4
0.226666666666667,1.32521419587997e-12,4
0.228333333333333,2.0773538155631e-12,4
0.23,2.0350668288965e-12,4
0.231666666666667,1.99771131857429e-12,4
0.233333333333333,3.45787457920967e-12,4
0.235,3.0696591641418e-12,4
0.236666666666667,1.80151265848223e-12,4
0.238333333333333,1.39382944258848e-10,4
0.24,1.70347280934403e-12,4
0.241666666666667,2.37868329716223e-12,4
0.243333333333333,2.05348765666402e-12,4
0.245,3.49353212721383e-10,4
0.246666666666667,8.42577104029517e-11,4
0.248333333333333,1.06719685602189e-12,4
0.25,1.76790199060408e-12,4
0.251666666666667,2.98824697621312e-12,4
0.253333333333333,1.44891941121964e-12,4
0.255,1.14781535355232e-12,4
0.256666666666667,1.67510220612667e-12,4
0.258333333333333,1.77224193030147e-12,4
0.26,3.53434719092559e-12,4
0.261666666666667,1.55955071579241e-12,4
0.263333333333333,1.3434703583078e-12,4
0.265,8.12116612864722e-13,4
0.266666666666667,1.70218767531209e-12,4
0.268333333333333,1.87616301808616e-12,4
0.27,1.33031056158433e-12,4
0.271666666666667,1.01773600748018e-12,4
0.273333333333333,1.75940162338742e-12,4
0.275,1.34124444846705e-12,4
0.276666666666667,1.92167583722331e-12,4
0.278333333333333,8.76527343591842e-13,4
0.28,1.63361341246322e-11,4
0.281666666666667,1.32396313201988e-12,4
0.283333333333333,7.24041374680509e-13,4
0.285,7.47988932987904e-13,4
0.286666666666667,8.67777591144734e-13,4
0.288333333333333,2.98590379677209e-10,4
0.29,1.01192581000065e-12,4
0.291666666666667,1.33309088728191e-12,4
0.293333333333333,1.06828292506017e-12,4
0.295,2.11223478654475e-12,4
0.296666666666667,1.31529473039386e-12,4
0.298333333333333,2.95167906253017e-12,4
0.3,1.26100783139088e-12,4
0.301666666666667,2.61929969505828e-12,4
0.303333333333333,2.72331275374304e-12,4
0.305,1.1648494818695e-12,4
0.306666666666667,2.13308603521208e-12,4
0.308333333333333,1.15182128232312e-12,4
0.31,1.71896882392095e-12,4
0.311666666666667,6.93676054348393e-12,4
0.313333333333333,1.62515774775681e-12,4
0.315,2.86029250239276e-12,4
0.316666666666667,4.72815089379168e-12,4
0.318333333333333,4.13344853415571e-11,4
0.32,1.69559879592195e-12,4
0.321666666666667,3.42723113480533e-12,4
0.323333333333333,4.90064014113993e-12,4
0.325,1.44934440968884e-12,4
0.326666666666667,1.51323753353292e-12,4
0.328333333333333,1.78734385563853e-12,4
0.33,1.80619738115637e-12,4
0.331666666666667,1.82522222780728e-12,4
0.333333333333333,1.84441967839523e-12,4
0.335,5.59137306487006e-12,4
0.336666666666667,3.7666750380056e-12,4
0.338333333333333,1.90306046488273e-12,4
0.34,1.25725663624201e-11,4
0.341666666666667,1.83715289861906e-12,4
0.343333333333333,1.96330093909086e-12,4
0.345,1.88598392391646e-12,4
0.346666666666667,1.69960758571563e-12,4
0.348333333333333,2.02517700908702e-12,4
0.35,1.77828723432356e-12,4
0.351666666666667,2.04532449632639e-12,4
0.353333333333333,1.98107609250024e-12,4
0.355,2.11028513744479e-12,4
0.356666666666667,2.35970403848701e-12,4
0.358333333333333,2.26569473181884e-12,4
0.36,4.35223726479653e-12,4
0.361666666666667,2.33704778515471e-12,4
0.363333333333333,2.39325893806335e-12,4
0.365,1.72762067802814e-12,4
0.366666666666667,2.26663733578303e-12,4
0.368333333333333,1.9245068457005e-12,4
0.37,2.31309620943108e-12,4
0.371666666666667,2.33663043185017e-12,4
0.373333333333333,2.36036977611394e-12,4
0.375,4.76863110500031e-12,4
0.376666666666667,2.34190881718794e-12,4
0.378333333333333,2.55186602824467e-12,4
0.38,2.38521761706423e-12,4
0.381666666666667,4.96438534701108e-12,4
0.383333333333333,2.09817926419788e-12,4
0.385,2.53240778840785e-12,4
0.386666666666667,5.1156792755506e-12,4
0.388333333333333,2.4851330447807e-12,4
0.39,1.05055309128667e-11,4
0.391666666666667,2.571102852875e-12,4
0.393333333333333,2.66176331809511e-12,4
0.395,2.2095035502735e-12,4
0.396666666666667,2.72047173680157e-12,4
0.398333333333333,2.94130164229606e-12,4
0.4,2.30678093112649e-12,4
0.401666666666667,2.79671962080917e-12,4
0.403333333333333,5.64879891014091e-12,4
0.405,5.70462487424672e-12,4
0.406666666666667,2.8804600971246e-12,4
0.408333333333333,2.40052057194871e-12,4
0.41,2.66374079374209e-12,4
0.411666666666667,3.03858626173625e-12,4
0.413333333333333,2.99542838597713e-12,4
0.415,3.02477264050019e-12,4
0.416666666666667,6.10872174745569e-12,4
0.418333333333333,3.08419465425532e-12,4
0.42,6.22855111187372e-12,4
0.421666666666667,9.43381546987869e-12,4
0.423333333333333,3.19576024255478e-12,4
0.425,3.38819550435811e-12,4
0.426666666666667,3.28257684843553e-12,4
0.428333333333333,2.76018647173127e-12,4
0.43,3.30003919680478e-12,4
0.431666666666667,3.11348201820312e-12,4
0.433333333333333,3.23874716927063e-12,4
0.435,6.00391957749396e-12,4
0.436666666666667,3.42902577938652e-12,4
0.438333333333333,3.46193032703873e-12,4
0.44,8.01607077125054e-12,4
0.441666666666667,3.78632141123905e-12,4
0.443333333333333,3.56224915029194e-12,4
0.445,3.59622931787387e-12,4
0.446666666666667,7.26096505905597e-12,4
0.448333333333333,3.66501045300151e-12,4
0.45,4.89204306993924e-12,4
0.451666666666667,7.46979426539499e-12,4
0.453333333333333,3.77025918318342e-12,4
0.455,8.74343312887438e-12,4
0.456666666666667,7.68365805647159e-12,4
0.458333333333333,7.75608067954359e-12,4
0.46,3.91453818473315e-12,4
0.461666666666667,3.95132427594265e-12,4
0.463333333333333,3.49537023575067e-12,4
0.465,4.02576802117263e-12,4
0.466666666666667,8.12685806890714e-12,4
0.468333333333333,4.16546523990049e-12,4
0.47,4.61354403851713e-12,4
0.471666666666667,4.17818994342273e-12,4
0.473333333333333,4.78295219814808e-12,4
0.475,8.51239251321776e-12,4
0.476666666666667,4.44198157226427e-12,4
0.478333333333333,1.20124727920451e-11,4
0.48,6.86254404375642e-12,4
0.481666666666667,4.81589712994795e-12,4
0.483333333333333,8.91312315749533e-12,4
0.485,4.06194966036792e-12,4
0.486666666666667,9.0777696635192e-12,4
0.488333333333333,5.05814015302489e-12,4
0.49,4.98519462247008e-12,4
0.491666666666667,9.3294948564732e-12,4
0.493333333333333,4.52488643418016e-12,4
0.495,4.7502624480917e-12,4
0.496666666666667,9.58701483641054e-12,4
0.498333333333333,3.21224486633531e-10,4
0.5,2.72544120573066e-11,4
0.501666666666667,9.85042846076978e-12,4
0.503333333333333,4.96977999944808e-12,4
0.505,1.00293612936877e-11,4
0.506666666666667,5.05991803521258e-12,4
0.508333333333333,1.02109880729671e-11,4
0.51,1.03028210795194e-11,4
0.511666666666667,5.5625562512615e-12,4
0.513333333333333,1.04885453948655e-11,4
0.515,5.48181198538327e-12,4
0.516666666666667,5.24280008593612e-12,4
0.518333333333333,5.76647374448461e-12,4
0.52,5.43416675397115e-12,4
0.521666666666667,5.49048082296081e-12,4
0.523333333333333,5.53122954260579e-12,4
0.525,5.75462519345593e-12,4
0.526666666666667,1.68891711225487e-11,4
0.528333333333333,6.08258746086457e-12,4
0.53,5.60315396111307e-12,4
0.531666666666667,5.63098511727986e-12,4
0.533333333333333,1.16621383240537e-11,4
0.535,1.21149539091434e-11,4
0.536666666666667,5.9339522924128e-12,4
0.538333333333333,7.51968641938537e-12,4
0.54,6.27426000633223e-12,4
0.541666666666667,6.09108504477368e-12,4
0.543333333333333,9.45881228904684e-07,3
0.545,6.91745414302305e-12,4
0.546666666666667,6.63413619919358e-12,4
0.548333333333333,6.84129506617616e-12,4
0.55,6.20760183974125e-12,4
0.551666666666667,6.74196122786332e-12,4
0.553333333333333,7.33340646320217e-12,4
0.555,6.23376926829655e-11,4
0.556666666666667,7.30892216070665e-12,4
0.558333333333333,6.76063942798843e-12,4
0.56,7.24192745989844e-12,4
0.561666666666667,7.01750482475258e-12,4
0.563333333333333,6.81220866556307e-12,4
0.565,7.03233736996682e-12,4
0.566666666666667,7.33066142955526e-12,4
0.568333333333333,6.98821936172554e-12,4
0.57,9.63439343289024e-12,4
0.571666666666667,7.65889030306529e-12,4
0.573333333333333,8.05757903648789e-12,4
0.575,8.07257589056871e-12,4
0.576666666666667,7.99959412288312e-12,4
0.578333333333333,8.54716588097084e-07,3
0.58,6.16527603823904e-07,3
0.581666666666667,4.63293688894593e-07,3
0.583333333333333,7.39240298274798e-07,3
0.585,4.32992128726266e-07,3
0.586666666666667,6.86777848137774e-07,3
0.588333333333333,4.02683590843667e-07,3
0.59,2.33840511540486e-11,4
0.591666666666667,1.57195037163255e-11,4
0.593333333333333,3.59265463118976e-07,3
0.595,3.45093463089968e-07,3
0.596666666666667,3.49224472434891e-07,3
0.598333333333333,3.77908753951248e-07,3
0.6,7.30930831806984e-07,3
0.601666666666667,1.0281979507245e-11,4
0.603333333333333,1.04512418730539e-11,4
0.605,2.96378217640636e-07,3
0.606666666666667,1.69312782905365e-11,4
0.608333333333333,8.53525523651152e-12,4
0.61,1.05927591152134e-11,4
0.611666666666667,1.14691133846718e-11,4
0.613333333333333,1.12574588103621e-11,4
0.615,1.76368379699737e-11,4
0.616666666666667,1.77807930683325e-11,4
0.618333333333333,2.68885601775283e-11,4
0.62,1.23875106741936e-11,4
0.621666666666667,1.30271975251797e-11,4
0.623333333333333,1.08076098094403e-11,4
0.625,1.5178879294454e-11,4
0.626666666666667,1.86648244100501e-11,4
0.628333333333333,1.41789028366081e-11,4
0.63,1.89673509056617e-11,4
0.631666666666667,1.8252145757528e-11,4
0.633333333333333,3.85477338983164e-11,4
0.635,1.94286321817999e-11,4
0.636666666666667,1.52151081306327e-11,4
0.638333333333333,1.97412031584348e-11,4
0.64,6.92736625611604e-07,3
0.641666666666667,7.17174108487573e-07,3
0.643333333333333,4.04354705352135e-11,4
0.645,7.83660740816138e-07,3
0.646666666666667,2.05405990917506e-11,4
0.648333333333333,1.52191994157058e-11,4
0.65,1.85388396980541e-11,4
0.651666666666667,2.10327553737966e-11,4
0.653333333333333,9.47486279993083e-07,3
0.655,9.84202107508116e-07,3
0.656666666666667,1.6888943637023e-11,4
0.658333333333333,4.34077010172379e-11,4
0.66,2.18743166069146e-11,4
0.661666666666667,2.20458697681267e-11,4
0.663333333333333,1.91880651392208e-11,4
0.665,4.47845151896404e-11,4
0.666666666666667,2.25671024804333e-11,4
0.668333333333333,2.2743054936771e-11,4
0.67,2.05695471458582e-11,4
0.671666666666667,2.30983028978213e-11,4
0.673333333333333,2.32776085841368e-11,4
0.675,2.34580412955212e-11,4
0.676666666666667,1.87383532988027e-11,4
0.678333333333333,2.38223089530559e-11,4
0.68,2.40061553068469e-11,4
0.681666666666667,1.92480757382847e-11,4
0.683333333333333,2.27128531404521e-10,4
0.685,2.04762704397369e-11,4
0.686666666666667,4.95061583598244e-11,4
0.688333333333333,1.76222440119549e-11,4
0.69,5.57692311420413e-11,4
0.691666666666667,2.53255254297385e-11,4
0.693333333333333,2.5518700948235e-11,4
0.695,2.58745941893639e-11,4
0.696666666666667,2.1716135357272e-11,4
0.698333333333333,2.61053827620572e-11,4
0.7,2.65733907970806e-11,4
0.701666666666667,2.65025229278707e-11,4
0.703333333333333,2.84099244543056e-11,4
0.705,1.05299353717318e-10,4
0.706666666666667,2.75665422843653e-11,4
0.708333333333333,3.61091096518382e-11,4
0.71,2.84502441797522e-11,4
0.711666666666667,3.13591997717413e-11,4
0.713333333333333,5.84208202647485e-11,4
0.715,4.19490529552508e-11,4
0.716666666666667,3.19163653839105e-11,4
0.718333333333333,4.48519225232369e-11,4
0.72,3.65002333913012e-11,4
0.721666666666667,4.14311323963801e-11,4
0.723333333333333,4.64913330056049e-10,4
0.725,1.84373425554663e-09,4
0.726666666666667,1.96800943597086e-10,4
0.728333333333333,6.0474670729449e-08,4
0.73,5.23328602675122e-11,4
0.731666666666667,5.9991392062364e-11,4
0.733333333333333,5.86551363035426e-11,4
0.735,9.24604698360199e-11,4
0.736666666666667,4.31562791058937e-09,4
0.738333333333333,6.11659473070958e-11,4
0.74,9.29224423101838e-11,4
0.741666666666667,7.18478124217548e-11,4
0.743333333333333,8.32667268468867e-11,4
0.745,8.99159661657545e-11,4
0.746666666666667,1.25091374758579e-10,4
0.748333333333333,1.40369771362003e-10,4
0.75,1.52027029853841e-10,4
0.751666666666667,9.76710518019175e-11,4
0.753333333333333,9.62989271657833e-11,4
0.755,8.25846127594509e-11,4
0.756666666666667,1.08946379695496e-10,4
0.758333333333333,9.9275439431612e-11,4
0.76,7.28822280304797e-11,4
0.761666666666667,1.58868113109278e-10,4
0.763333333333333,1.37189456843323e-10,4
0.765,1.3674689852694e-10,4
0.766666666666667,1.09357580282965e-10,4
0.768333333333333,4.41871086595547e-10,4
0.77,1.06115113441066e-10,4
0.771666666666667,1.62650864998781e-10,4
0.773333333333333,1.98972186817026e-10,4
0.775,1.45344300830907e-10,4
0.776666666666667,1.2659147688443e-10,4
0.778333333333333,1.53481938096334e-10,4
0.78,2.82162597106672e-10,4
0.781666666666667,1.2945139404863e-10,4
0.783333333333333,1.42405365277654e-10,4
0.785,2.67656820318596e-10,4
0.786666666666667,1.61255092612222e-10,4
0.788333333333333,1.80831356833e-10,4
0.79,2.19515548099958e-10,4
0.791666666666667,2.06124161142296e-10,4
0.793333333333333,1.70627970086379e-10,4
0.795,2.163869773468e-10,4
0.796666666666667,3.25208176360503e-10,4
0.798333333333333,2.41050601354487e-10,4
0.8,2.54295084989309e-10,4
0.801666666666667,9.3542097678867e-11,4
0.803333333333333,2.42295537800086e-10,4
0.805,2.87093887725576e-10,4
0.806666666666667,1.91981514019446e-10,4
0.808333333333333,5.70870863601802e-10,4
0.81,2.24349847727234e-10,4
0.811666666666667,2.45992882313972e-10,4
0.813333333333333,5.6940833992325e-10,4
0.815,2.86336211685612e-10,4
0.816666666666667,6.91455655319612e-10,4
0.818333333333333,2.58810462644421e-10,4
0.82,3.0361469588458e-10,4
0.821666666666667,2.93816818097703e-10,4
0.823333333333333,3.46922708008984e-10,4
0.825,3.09416228749804e-10,4
0.826666666666667,2.37049203183348e-10,4
0.828333333333333,4.06934963156913e-10,4
0.83,2.70892391851518e-10,4
0.831666666666667,2.99213643445428e-10,4
0.833333333333333,2.80212603120944e-10,4
0.835,3.58449560398238e-10,4
0.836666666666667,3.10738365594254e-10,4
0.838333333333333,4.50805514012192e-10,4
0.84,2.92316879035859e-10,4
0.841666666666667,3.55692308939837e-10,4
0.843333333333333,3.15166080733231e-10,4
0.845,3.80223259561357e-10,4
0.846666666666667,4.04634703347895e-10,4
0.848333333333333,4.33095046804832e-10,4
0.85,2.27519132006693e-10,4
0.851666666666667,1.04040821097273e-09,4
0.853333333333333,3.75979778560742e-10,4
0.855,2.82919718208596e-09,4
0.856666666666667,5.12091317267371e-10,4
0.858333333333333,2.55471463428414e-10,4
0.86,2.84096511723661e-10,4
0.861666666666667,2.79688856276439e-10,4
0.863333333333333,3.30115085007271e-10,4
0.865,3.1647347936703e-10,4
0.866666666666667,3.23210008670166e-10,4
0.868333333333333,3.46354056546261e-10,4
0.87,3.97973515253724e-10,4
0.871666666666667,3.58790649968022e-10,4
0.873333333333333,3.30651041269281e-10,4
0.875,3.42460629298991e-10,4
0.876666666666667,3.50784630509526e-10,4
0.878333333333333,2.08464259743302e-10,4
0.88,2.62321553368139e-10,4
0.881666666666667,2.65216433992417e-10,4
0.883333333333333,2.81587975159425e-10,4
0.885,3.83380780247244e-10,4
0.886666666666667,3.34215131210427e-10,4
0.888333333333333,2.13189957874726e-10,4
0.89,4.39652286798875e-10,4
0.891666666666667,5.41527181549453e-10,4
0.893333333333333,3.21619099408199e-10,4
0.895,3.55616633362921e-10,4
0.896666666666667,2.89364776497741e-10,4
0.898333333333333,1.87968751674816e-10,4
0.9,3.09355582817084e-10,4
0.901666666666667,3.51522429220541e-10,4
0.903333333333333,3.14446219062958e-10,4
0.905,3.48812822723032e-09,4
0.906666666666667,2.40905288773074e-10,4
0.908333333333333,2.56346721627665e-10,4
0.91,4.41710529264228e-10,4
0.911666666666667,2.86825599377224e-10,4
0.913333333333333,2.35523056786591e-10,4
0.915,2.05701777226258e-10,4
0.916666666666667,3.32169741799199e-10,4
0.918333333333333,2.47056368418708e-10,4
0.92,2.73979457827631e-10,4
0.921666666666667,3.5669316697344e-10,4
0.923333333333333,1.95490535218057e-10,4
0.925,2.92617964581243e-10,4
0.926666666666667,2.51824211196195e-10,4
0.928333333333333,2.37831167086699e-10,4
0.93,2.31334704647521e-10,4
0.931666666666667,3.45060600969241e-10,4
0.933333333333333,2.73369916981014e-10,4
0.935,1.87355780466737e-10,4
0.936666666666667,5.34905963191787e-10,4
0.938333333333333,1.82684411651965e-10,4
0.94,2.45672312354506e-10,4
0.941666666666667,2.35768578271678e-10,4
0.943333333333333,2.58351490537139e-10,4
0.945,2.23440842217482e-10,4
0.946666666666667,2.96657956880275e-10,4
0.948333333333333,4.28659090428302e-10,4
0.95,1.92984345517844e-10,4
0.951666666666667,4.52781497191357e-10,4
0.953333333333333,1.03922967453762e-10,4
0.955,1.45881026009098e-10,4
0.956666666666667,1.70076560473964e-10,4
0.958333333333333,4.18512940449089e-10,4
0.96,2.53150967636367e-10,4
0.961666666666667,2.32879798778285e-10,4
0.963333333333333,3.23548323549749e-10,4
0.965,3.61460002554215e-10,4
0.966666666666667,2.67986226525768e-10,4
0.968333333333333,2.37823523027703e-10,4
0.97,3.25341158093767e-10,4
0.971666666666667,2.47380759973992e-10,4
0.973333333333333,2.21614962492289e-10,4
0.975,2.94981705728503e-10,4
0.976666666666667,2.66231366596523e-10,4
0.978333333333333,1.98573255061341e-10,4
0.98,1.98763425857118e-10,4
0.981666666666667,1.60402312959773e-10,4
0.983333333333333,2.78070511061657e-10,4
0.985,1.72604701365042e-10,4
0.986666666666667,2.21988752033275e-10,4
0.988333333333333,1.87334488199742e-10,4
0.99,2.19165718559622e-10,4
0.991666666666667,2.42469832406611e-10,4
0.993333333333333,4.56339988800375e-10,4
0.995,3.89341430189621e-10,4
0.996666666666667,2.57901459736753e-10,4
0.998333333333333,2.03512547092277e-10,4
1,2.06065875300865e-10,4
