1,28382,-0
1,6077,-0.2048547421529132
1,6185,-0.6673642986973697
1,5996,-0.127780959149717
1,30491,0
1,5855,0.3116256588337552
1,6014,0.500784947815736
1,6005,0.1875893933505088
2,36881,-0
2,10520,-0.3139488137757076
2,10685,-0.4966181058830613
2,10670,-0.1894330803412311
2,31163,0
2,10661,0.1222656620866787
2,10742,0.2141761943475364
2,10847,0.6635581435657848
3,33026,-0
3,6017,-0.4963242965142989
3,6002,-0.1895727725355852
3,5852,-0.3141029309501159
3,39440,0
3,5993,0.1227481627986691
3,6074,0.2160230321550533
3,6176,0.6612288050462777
4,33992,-0
4,10664,-0.1220276161302762
4,10745,-0.2064193828517713
4,10850,-0.6715530010179527
4,42545,0
4,10523,0.3117778370767759
4,10682,0.5004939214347659
4,10673,0.1877282414884583
