# step, mean_h_oliver[mm], min_h_oliver[mm], max_h_oliver[mm]
1, 1.915696e+00, 7.500000e-01, 6.373774e+00
2, 1.915696e+00, 7.500000e-01, 6.373774e+00
3, 1.915696e+00, 7.500000e-01, 6.373774e+00
4, 1.915696e+00, 7.500000e-01, 6.373774e+00
5, 1.915696e+00, 7.500000e-01, 6.373774e+00
6, 1.915696e+00, 7.500000e-01, 6.373774e+00
7, 1.915696e+00, 7.500000e-01, 6.373774e+00
8, 1.915696e+00, 7.500000e-01, 6.373774e+00
9, 1.915696e+00, 7.500000e-01, 6.373774e+00
10, 1.915696e+00, 7.500000e-01, 6.373774e+00
11, 1.915696e+00, 7.500000e-01, 6.373774e+00
12, 1.915696e+00, 7.500000e-01, 6.373774e+00
13, 1.915696e+00, 7.500000e-01, 6.373774e+00
14, 1.915696e+00, 7.500000e-01, 6.373774e+00
15, 1.915696e+00, 7.500000e-01, 6.373774e+00
16, 1.915696e+00, 7.500000e-01, 6.373774e+00
17, 1.915696e+00, 7.500000e-01, 6.373774e+00
18, 1.915696e+00, 7.500000e-01, 6.373774e+00
19, 1.915696e+00, 7.500000e-01, 6.373774e+00
20, 1.915696e+00, 7.500000e-01, 6.373774e+00
21, 1.915696e+00, 7.500000e-01, 6.373774e+00
22, 1.915696e+00, 7.500000e-01, 6.373774e+00
23, 1.915696e+00, 7.500000e-01, 6.373774e+00
24, 1.915696e+00, 7.500000e-01, 6.373774e+00
25, 1.915696e+00, 7.500000e-01, 6.373774e+00
26, 1.915696e+00, 7.500000e-01, 6.373774e+00
27, 1.915696e+00, 7.500000e-01, 6.373774e+00
28, 1.915696e+00, 7.500000e-01, 6.373774e+00
29, 1.915696e+00, 7.500000e-01, 6.373774e+00
30, 1.915696e+00, 7.500000e-01, 6.373774e+00
31, 1.915696e+00, 7.500000e-01, 6.373774e+00
32, 1.915696e+00, 7.500000e-01, 6.373774e+00
33, 1.915696e+00, 7.500000e-01, 6.373774e+00
34, 1.915696e+00, 7.500000e-01, 6.373774e+00
35, 1.915696e+00, 7.500000e-01, 6.373774e+00
36, 1.915696e+00, 7.500000e-01, 6.373774e+00
37, 1.915696e+00, 7.500000e-01, 6.373774e+00
38, 1.915696e+00, 7.500000e-01, 6.373774e+00
39, 1.915696e+00, 7.500000e-01, 6.373774e+00
40, 1.915696e+00, 7.500000e-01, 6.373774e+00
41, 1.915696e+00, 7.500000e-01, 6.373774e+00
42, 1.915696e+00, 7.500000e-01, 6.373774e+00
43, 1.915696e+00, 7.500000e-01, 6.373774e+00
44, 1.915696e+00, 7.500000e-01, 6.373774e+00
45, 1.915696e+00, 7.500000e-01, 6.373774e+00
46, 1.915696e+00, 7.500000e-01, 6.373774e+00
47, 1.915696e+00, 7.500000e-01, 6.373774e+00
48, 1.915696e+00, 7.500000e-01, 6.373774e+00
49, 1.915696e+00, 7.500000e-01, 6.373774e+00
50, 1.915696e+00, 7.500000e-01, 6.373774e+00
51, 1.915696e+00, 7.500000e-01, 6.373774e+00
52, 1.915696e+00, 7.500000e-01, 6.373774e+00
53, 1.915696e+00, 7.500000e-01, 6.373774e+00
54, 1.915696e+00, 7.500000e-01, 6.373774e+00
55, 1.915696e+00, 7.500000e-01, 6.373774e+00
56, 1.915696e+00, 7.500000e-01, 6.373774e+00
57, 1.915696e+00, 7.500000e-01, 6.373774e+00
58, 1.915696e+00, 7.500000e-01, 6.373774e+00
59, 1.915696e+00, 7.500000e-01, 6.373774e+00
60, 1.915696e+00, 7.500000e-01, 6.373774e+00
61, 1.915696e+00, 7.500000e-01, 6.373774e+00
62, 1.915696e+00, 7.500000e-01, 6.373774e+00
63, 1.915696e+00, 7.500000e-01, 6.373774e+00
64, 1.915696e+00, 7.500000e-01, 6.373774e+00
65, 1.915696e+00, 7.500000e-01, 6.373774e+00
66, 1.915696e+00, 7.500000e-01, 6.373774e+00
67, 1.915696e+00, 7.500000e-01, 6.373774e+00
68, 1.915696e+00, 7.500000e-01, 6.373774e+00
69, 1.915696e+00, 7.500000e-01, 6.373774e+00
70, 1.915696e+00, 7.500000e-01, 6.373774e+00
71, 1.915696e+00, 7.500000e-01, 6.373774e+00
72, 1.915696e+00, 7.500000e-01, 6.373774e+00
73, 1.915704e+00, 7.500000e-01, 6.373774e+00
74, 1.915734e+00, 7.500000e-01, 6.373774e+00
75, 1.915772e+00, 7.500000e-01, 6.373774e+00
76, 1.915814e+00, 7.500000e-01, 6.373774e+00
77, 1.915858e+00, 7.500000e-01, 6.373774e+00
78, 1.915902e+00, 7.500000e-01, 6.373774e+00
79, 1.915945e+00, 7.500000e-01, 6.373774e+00
80, 1.915988e+00, 7.500000e-01, 6.373774e+00
81, 1.916030e+00, 7.500000e-01, 6.373774e+00
82, 1.916069e+00, 7.500000e-01, 6.373774e+00
83, 1.916107e+00, 7.500000e-01, 6.373774e+00
84, 1.916144e+00, 7.500000e-01, 6.373774e+00
85, 1.916181e+00, 7.500000e-01, 6.373774e+00
86, 1.916217e+00, 7.500000e-01, 6.373774e+00
87, 1.916252e+00, 7.500000e-01, 6.373774e+00
88, 1.916287e+00, 7.500000e-01, 6.373774e+00
89, 1.916321e+00, 7.500000e-01, 6.373774e+00
90, 1.916354e+00, 7.500000e-01, 6.373774e+00
91, 1.916386e+00, 7.500000e-01, 6.373774e+00
92, 1.916418e+00, 7.500000e-01, 6.373774e+00
93, 1.916450e+00, 7.500000e-01, 6.373774e+00
94, 1.916480e+00, 7.500000e-01, 6.373774e+00
95, 1.916510e+00, 7.500000e-01, 6.373774e+00
96, 1.916540e+00, 7.500000e-01, 6.373774e+00
97, 1.916569e+00, 7.500000e-01, 6.373774e+00
98, 1.916596e+00, 7.500000e-01, 6.373774e+00
99, 1.916622e+00, 7.500000e-01, 6.373774e+00
100, 1.916648e+00, 7.500000e-01, 6.373774e+00
101, 1.916673e+00, 7.500000e-01, 6.373774e+00
102, 1.916698e+00, 7.500000e-01, 6.373774e+00
103, 1.916723e+00, 7.500000e-01, 6.373774e+00
104, 1.916746e+00, 7.500000e-01, 6.373774e+00
105, 1.916770e+00, 7.500000e-01, 6.373774e+00
106, 1.916793e+00, 7.500000e-01, 6.373774e+00
107, 1.916816e+00, 7.500000e-01, 6.373774e+00
108, 1.916844e+00, 7.500000e-01, 6.373774e+00
109, 1.916876e+00, 7.500000e-01, 6.373774e+00
110, 1.916908e+00, 7.500000e-01, 6.373774e+00
111, 1.916940e+00, 7.500000e-01, 6.373774e+00
112, 1.916972e+00, 7.500000e-01, 6.373774e+00
113, 1.917003e+00, 7.500000e-01, 6.373774e+00
114, 1.917034e+00, 7.500000e-01, 6.373774e+00
115, 1.917068e+00, 7.500000e-01, 6.373774e+00
116, 1.917112e+00, 7.500000e-01, 6.373774e+00
117, 1.917163e+00, 7.500000e-01, 6.373774e+00
118, 1.917219e+00, 7.500000e-01, 6.373774e+00
119, 1.917277e+00, 7.500000e-01, 6.373774e+00
120, 1.917337e+00, 7.500000e-01, 6.373774e+00
121, 1.917397e+00, 7.500000e-01, 6.373774e+00
122, 1.917458e+00, 7.500000e-01, 6.373774e+00
123, 1.917519e+00, 7.500000e-01, 6.373774e+00
124, 1.917579e+00, 7.500000e-01, 6.373774e+00
125, 1.917639e+00, 7.500000e-01, 6.373774e+00
126, 1.917698e+00, 7.500000e-01, 6.373774e+00
127, 1.917756e+00, 7.500000e-01, 6.373774e+00
128, 1.917814e+00, 7.500000e-01, 6.373774e+00
129, 1.917871e+00, 7.500000e-01, 6.373774e+00
130, 1.917928e+00, 7.500000e-01, 6.373774e+00
131, 1.917984e+00, 7.500000e-01, 6.373774e+00
132, 1.918041e+00, 7.500000e-01, 6.373774e+00
133, 1.918097e+00, 7.500000e-01, 6.373774e+00
134, 1.918152e+00, 7.500000e-01, 6.373774e+00
135, 1.918207e+00, 7.500000e-01, 6.373774e+00
136, 1.918263e+00, 7.500000e-01, 6.373774e+00
137, 1.918325e+00, 7.500000e-01, 6.373774e+00
138, 1.918393e+00, 7.500000e-01, 6.373774e+00
139, 1.918466e+00, 7.500000e-01, 6.373774e+00
140, 1.918541e+00, 7.500000e-01, 6.373774e+00
141, 1.918617e+00, 7.500000e-01, 6.373774e+00
142, 1.918695e+00, 7.500000e-01, 6.373774e+00
143, 1.918772e+00, 7.500000e-01, 6.373774e+00
144, 1.918848e+00, 7.500000e-01, 6.373774e+00
145, 1.918923e+00, 7.500000e-01, 6.373774e+00
146, 1.918998e+00, 7.500000e-01, 6.373774e+00
147, 1.919071e+00, 7.500000e-01, 6.373774e+00
148, 1.919144e+00, 7.500000e-01, 6.373774e+00
149, 1.919222e+00, 7.500000e-01, 6.373774e+00
150, 1.919304e+00, 7.500000e-01, 6.373774e+00
151, 1.919388e+00, 7.500000e-01, 6.373774e+00
152, 1.919473e+00, 7.500000e-01, 6.373774e+00
153, 1.919558e+00, 7.500000e-01, 6.373774e+00
154, 1.919642e+00, 7.500000e-01, 6.373774e+00
155, 1.919725e+00, 7.500000e-01, 6.373774e+00
156, 1.919808e+00, 7.500000e-01, 6.373774e+00
157, 1.919890e+00, 7.500000e-01, 6.373774e+00
158, 1.919972e+00, 7.500000e-01, 6.373774e+00
159, 1.920057e+00, 7.500000e-01, 6.373774e+00
160, 1.920145e+00, 7.500000e-01, 6.373774e+00
161, 1.920235e+00, 7.500000e-01, 6.373774e+00
162, 1.920328e+00, 7.500000e-01, 6.373774e+00
163, 1.920420e+00, 7.500000e-01, 6.373774e+00
164, 1.920512e+00, 7.500000e-01, 6.373774e+00
165, 1.920604e+00, 7.500000e-01, 6.373774e+00
166, 1.920696e+00, 7.500000e-01, 6.373774e+00
167, 1.920787e+00, 7.500000e-01, 6.373774e+00
168, 1.920879e+00, 7.500000e-01, 6.373774e+00
169, 1.920969e+00, 7.500000e-01, 6.373774e+00
170, 1.921062e+00, 7.500000e-01, 6.373774e+00
171, 1.921157e+00, 7.500000e-01, 6.373774e+00
172, 1.921254e+00, 7.500000e-01, 6.373774e+00
173, 1.921351e+00, 7.500000e-01, 6.373774e+00
174, 1.921449e+00, 7.500000e-01, 6.373774e+00
175, 1.921548e+00, 7.500000e-01, 6.373774e+00
176, 1.921647e+00, 7.500000e-01, 6.373774e+00
177, 1.921745e+00, 7.500000e-01, 6.373774e+00
178, 1.921842e+00, 7.500000e-01, 6.373774e+00
179, 1.921939e+00, 7.500000e-01, 6.373774e+00
180, 1.922035e+00, 7.500000e-01, 6.373774e+00
181, 1.922132e+00, 7.500000e-01, 6.373774e+00
182, 1.922232e+00, 7.500000e-01, 6.373774e+00
183, 1.922333e+00, 7.500000e-01, 6.373774e+00
184, 1.922436e+00, 7.500000e-01, 6.373774e+00
185, 1.922540e+00, 7.500000e-01, 6.373774e+00
186, 1.922644e+00, 7.500000e-01, 6.373774e+00
187, 1.922749e+00, 7.500000e-01, 6.373774e+00
188, 1.922852e+00, 7.500000e-01, 6.373774e+00
189, 1.922954e+00, 7.500000e-01, 6.373774e+00
190, 1.923057e+00, 7.500000e-01, 6.373774e+00
191, 1.923162e+00, 7.500000e-01, 6.373774e+00
192, 1.923267e+00, 7.500000e-01, 6.373774e+00
193, 1.923373e+00, 7.500000e-01, 6.373774e+00
194, 1.923481e+00, 7.500000e-01, 6.373774e+00
195, 1.923589e+00, 7.500000e-01, 6.373774e+00
196, 1.923698e+00, 7.500000e-01, 6.373774e+00
197, 1.923807e+00, 7.500000e-01, 6.373774e+00
198, 1.923917e+00, 7.500000e-01, 6.373774e+00
199, 1.924027e+00, 7.500000e-01, 6.373774e+00
200, 1.924137e+00, 7.500000e-01, 6.373774e+00
201, 1.924246e+00, 7.500000e-01, 6.373774e+00
202, 1.924357e+00, 7.500000e-01, 6.373774e+00
203, 1.924461e+00, 7.500000e-01, 6.373774e+00
204, 1.924553e+00, 7.500000e-01, 6.373774e+00
205, 1.924641e+00, 7.500000e-01, 6.373774e+00
206, 1.924745e+00, 7.500000e-01, 6.373774e+00
207, 1.924858e+00, 7.500000e-01, 6.373774e+00
208, 1.924974e+00, 7.500000e-01, 6.373774e+00
209, 1.925096e+00, 7.500000e-01, 6.373774e+00
210, 1.925209e+00, 7.500000e-01, 6.373774e+00
211, 1.925329e+00, 7.500000e-01, 6.373774e+00
212, 1.925434e+00, 7.500000e-01, 6.373774e+00
213, 1.925540e+00, 7.500000e-01, 6.373774e+00
214, 1.925647e+00, 7.500000e-01, 6.373774e+00
215, 1.925755e+00, 7.500000e-01, 6.373774e+00
216, 1.925863e+00, 7.500000e-01, 6.373774e+00
217, 1.925971e+00, 7.500000e-01, 6.373774e+00
218, 1.926079e+00, 7.500000e-01, 6.373774e+00
219, 1.926188e+00, 7.500000e-01, 6.373774e+00
220, 1.926299e+00, 7.500000e-01, 6.373774e+00
221, 1.926412e+00, 7.500000e-01, 6.373774e+00
222, 1.926525e+00, 7.500000e-01, 6.373774e+00
223, 1.926639e+00, 7.500000e-01, 6.373774e+00
224, 1.926754e+00, 7.500000e-01, 6.373774e+00
225, 1.926868e+00, 7.500000e-01, 6.373774e+00
226, 1.926983e+00, 7.500000e-01, 6.373774e+00
227, 1.927099e+00, 7.500000e-01, 6.373774e+00
228, 1.927214e+00, 7.500000e-01, 6.373774e+00
229, 1.927331e+00, 7.500000e-01, 6.373774e+00
230, 1.927450e+00, 7.500000e-01, 6.373774e+00
231, 1.927568e+00, 7.500000e-01, 6.373774e+00
232, 1.927687e+00, 7.500000e-01, 6.373774e+00
233, 1.927799e+00, 7.500000e-01, 6.373774e+00
234, 1.927900e+00, 7.500000e-01, 6.373774e+00
235, 1.928001e+00, 7.500000e-01, 6.373774e+00
236, 1.928104e+00, 7.500000e-01, 6.373774e+00
237, 1.928207e+00, 7.500000e-01, 6.373774e+00
238, 1.928311e+00, 7.500000e-01, 6.373774e+00
239, 1.928416e+00, 7.500000e-01, 6.373774e+00
240, 1.928522e+00, 7.500000e-01, 6.373774e+00
241, 1.928628e+00, 7.500000e-01, 6.373774e+00
242, 1.928735e+00, 7.500000e-01, 6.373774e+00
243, 1.928845e+00, 7.500000e-01, 6.373774e+00
244, 1.928955e+00, 7.500000e-01, 6.373774e+00
245, 1.929067e+00, 7.500000e-01, 6.373774e+00
246, 1.929180e+00, 7.500000e-01, 6.373774e+00
247, 1.929294e+00, 7.500000e-01, 6.373774e+00
248, 1.929410e+00, 7.500000e-01, 6.373774e+00
249, 1.929526e+00, 7.500000e-01, 6.373774e+00
250, 1.929642e+00, 7.500000e-01, 6.373774e+00
251, 1.929758e+00, 7.500000e-01, 6.373774e+00
252, 1.929875e+00, 7.500000e-01, 6.373774e+00
253, 1.929991e+00, 7.500000e-01, 6.373774e+00
254, 1.930108e+00, 7.500000e-01, 6.373774e+00
255, 1.930225e+00, 7.500000e-01, 6.373774e+00
256, 1.930343e+00, 7.500000e-01, 6.373774e+00
257, 1.930462e+00, 7.500000e-01, 6.373774e+00
258, 1.930582e+00, 7.500000e-01, 6.373774e+00
259, 1.930701e+00, 7.500000e-01, 6.373774e+00
260, 1.930820e+00, 7.500000e-01, 6.373774e+00
261, 1.930939e+00, 7.500000e-01, 6.373774e+00
262, 1.931058e+00, 7.500000e-01, 6.373774e+00
263, 1.931178e+00, 7.500000e-01, 6.373774e+00
264, 1.931298e+00, 7.500000e-01, 6.373774e+00
265, 1.931420e+00, 7.500000e-01, 6.373774e+00
266, 1.931544e+00, 7.500000e-01, 6.373774e+00
267, 1.931667e+00, 7.500000e-01, 6.373774e+00
268, 1.931789e+00, 7.500000e-01, 6.373774e+00
269, 1.931910e+00, 7.500000e-01, 6.373774e+00
270, 1.932031e+00, 7.500000e-01, 6.373774e+00
271, 1.932151e+00, 7.500000e-01, 6.373774e+00
272, 1.932271e+00, 7.500000e-01, 6.373774e+00
273, 1.932390e+00, 7.500000e-01, 6.373774e+00
274, 1.932510e+00, 7.500000e-01, 6.373774e+00
275, 1.932630e+00, 7.500000e-01, 6.373774e+00
276, 1.932752e+00, 7.500000e-01, 6.373774e+00
277, 1.932878e+00, 7.500000e-01, 6.373774e+00
278, 1.933007e+00, 7.500000e-01, 6.373774e+00
279, 1.933128e+00, 7.500000e-01, 6.373774e+00
280, 1.933252e+00, 7.500000e-01, 6.373774e+00
281, 1.933379e+00, 7.500000e-01, 6.373774e+00
282, 1.933504e+00, 7.500000e-01, 6.373774e+00
283, 1.933628e+00, 7.500000e-01, 6.373774e+00
284, 1.933753e+00, 7.500000e-01, 6.373774e+00
285, 1.933882e+00, 7.500000e-01, 6.373774e+00
286, 1.934011e+00, 7.500000e-01, 6.373774e+00
287, 1.934139e+00, 7.500000e-01, 6.373774e+00
288, 1.934263e+00, 7.500000e-01, 6.373774e+00
289, 1.934388e+00, 7.500000e-01, 6.373774e+00
290, 1.934513e+00, 7.500000e-01, 6.373774e+00
291, 1.934640e+00, 7.500000e-01, 6.373774e+00
292, 1.934769e+00, 7.500000e-01, 6.373774e+00
293, 1.934900e+00, 7.500000e-01, 6.373774e+00
294, 1.935033e+00, 7.500000e-01, 6.373774e+00
295, 1.935168e+00, 7.500000e-01, 6.373774e+00
296, 1.935303e+00, 7.500000e-01, 6.373774e+00
297, 1.935438e+00, 7.500000e-01, 6.373774e+00
298, 1.935574e+00, 7.500000e-01, 6.373774e+00
299, 1.935710e+00, 7.500000e-01, 6.373774e+00
300, 1.935845e+00, 7.500000e-01, 6.373774e+00
301, 1.935979e+00, 7.500000e-01, 6.373774e+00
302, 1.936113e+00, 7.500000e-01, 6.373774e+00
303, 1.936248e+00, 7.500000e-01, 6.373774e+00
304, 1.936383e+00, 7.500000e-01, 6.373774e+00
305, 1.936517e+00, 7.500000e-01, 6.373774e+00
306, 1.936650e+00, 7.500000e-01, 6.373774e+00
307, 1.936783e+00, 7.500000e-01, 6.373774e+00
308, 1.936917e+00, 7.500000e-01, 6.373774e+00
309, 1.937050e+00, 7.500000e-01, 6.373774e+00
310, 1.937183e+00, 7.500000e-01, 6.373774e+00
311, 1.937316e+00, 7.500000e-01, 6.373774e+00
312, 1.937449e+00, 7.500000e-01, 6.373774e+00
313, 1.937580e+00, 7.500000e-01, 6.373774e+00
314, 1.937711e+00, 7.500000e-01, 6.373774e+00
315, 1.937843e+00, 7.500000e-01, 6.373774e+00
316, 1.937974e+00, 7.500000e-01, 6.373774e+00
317, 1.938108e+00, 7.500000e-01, 6.373774e+00
318, 1.938242e+00, 7.500000e-01, 6.373774e+00
319, 1.938376e+00, 7.500000e-01, 6.373774e+00
320, 1.938509e+00, 7.500000e-01, 6.373774e+00
321, 1.938643e+00, 7.500000e-01, 6.373774e+00
322, 1.938778e+00, 7.500000e-01, 6.373774e+00
323, 1.938914e+00, 7.500000e-01, 6.373774e+00
324, 1.939051e+00, 7.500000e-01, 6.373774e+00
325, 1.939188e+00, 7.500000e-01, 6.373774e+00
326, 1.939326e+00, 7.500000e-01, 6.373774e+00
327, 1.939464e+00, 7.500000e-01, 6.373774e+00
328, 1.939604e+00, 7.500000e-01, 6.373774e+00
329, 1.939742e+00, 7.500000e-01, 6.373774e+00
330, 1.939880e+00, 7.500000e-01, 6.373774e+00
331, 1.940019e+00, 7.500000e-01, 6.373774e+00
332, 1.940158e+00, 7.500000e-01, 6.373774e+00
333, 1.940296e+00, 7.500000e-01, 6.373774e+00
334, 1.940435e+00, 7.500000e-01, 6.373774e+00
335, 1.940574e+00, 7.500000e-01, 6.373774e+00
336, 1.940714e+00, 7.500000e-01, 6.373774e+00
337, 1.940854e+00, 7.500000e-01, 6.373774e+00
338, 1.940995e+00, 7.500000e-01, 6.373774e+00
339, 1.941136e+00, 7.500000e-01, 6.373774e+00
340, 1.941277e+00, 7.500000e-01, 6.373774e+00
341, 1.941419e+00, 7.500000e-01, 6.373774e+00
342, 1.941563e+00, 7.500000e-01, 6.373774e+00
343, 1.941708e+00, 7.500000e-01, 6.373774e+00
344, 1.941852e+00, 7.500000e-01, 6.373774e+00
345, 1.941995e+00, 7.500000e-01, 6.373774e+00
346, 1.942139e+00, 7.500000e-01, 6.373774e+00
347, 1.942282e+00, 7.500000e-01, 6.373774e+00
348, 1.942425e+00, 7.500000e-01, 6.373774e+00
349, 1.942568e+00, 7.500000e-01, 6.373774e+00
350, 1.942713e+00, 7.500000e-01, 6.373774e+00
351, 1.942859e+00, 7.500000e-01, 6.373774e+00
352, 1.943005e+00, 7.500000e-01, 6.373774e+00
353, 1.943152e+00, 7.500000e-01, 6.373774e+00
354, 1.943300e+00, 7.500000e-01, 6.373774e+00
355, 1.943449e+00, 7.500000e-01, 6.373774e+00
356, 1.943597e+00, 7.500000e-01, 6.373774e+00
357, 1.943745e+00, 7.500000e-01, 6.373774e+00
358, 1.943893e+00, 7.500000e-01, 6.373774e+00
359, 1.944042e+00, 7.500000e-01, 6.373774e+00
360, 1.944193e+00, 7.500000e-01, 6.373774e+00
361, 1.944344e+00, 7.500000e-01, 6.373774e+00
362, 1.944496e+00, 7.500000e-01, 6.373774e+00
363, 1.944649e+00, 7.500000e-01, 6.373774e+00
364, 1.944801e+00, 7.500000e-01, 6.373774e+00
365, 1.944956e+00, 7.500000e-01, 6.373774e+00
366, 1.945112e+00, 7.500000e-01, 6.373774e+00
367, 1.945269e+00, 7.500000e-01, 6.373774e+00
368, 1.945426e+00, 7.500000e-01, 6.373774e+00
369, 1.945583e+00, 7.500000e-01, 6.373774e+00
370, 1.945740e+00, 7.500000e-01, 6.373774e+00
371, 1.945898e+00, 7.500000e-01, 6.373774e+00
372, 1.946055e+00, 7.500000e-01, 6.373774e+00
373, 1.946213e+00, 7.500000e-01, 6.373774e+00
374, 1.946368e+00, 7.500000e-01, 6.373774e+00
375, 1.946522e+00, 7.500000e-01, 6.373774e+00
376, 1.946677e+00, 7.500000e-01, 6.373774e+00
377, 1.946832e+00, 7.500000e-01, 6.373774e+00
378, 1.946988e+00, 7.500000e-01, 6.373774e+00
379, 1.947145e+00, 7.500000e-01, 6.373774e+00
380, 1.947302e+00, 7.500000e-01, 6.373774e+00
381, 1.947458e+00, 7.500000e-01, 6.373774e+00
382, 1.947613e+00, 7.500000e-01, 6.373774e+00
383, 1.947765e+00, 7.500000e-01, 6.373774e+00
384, 1.947917e+00, 7.500000e-01, 6.373774e+00
385, 1.948068e+00, 7.500000e-01, 6.373774e+00
386, 1.948220e+00, 7.500000e-01, 6.373774e+00
387, 1.948373e+00, 7.500000e-01, 6.373774e+00
388, 1.948524e+00, 7.500000e-01, 6.373774e+00
389, 1.948675e+00, 7.500000e-01, 6.373774e+00
390, 1.948828e+00, 7.500000e-01, 6.373774e+00
391, 1.948981e+00, 7.500000e-01, 6.373774e+00
392, 1.949136e+00, 7.500000e-01, 6.373774e+00
393, 1.949290e+00, 7.500000e-01, 6.373774e+00
394, 1.949443e+00, 7.500000e-01, 6.373774e+00
395, 1.949598e+00, 7.500000e-01, 6.373774e+00
396, 1.949751e+00, 7.500000e-01, 6.373774e+00
397, 1.949903e+00, 7.500000e-01, 6.373774e+00
398, 1.950054e+00, 7.500000e-01, 6.373774e+00
399, 1.950207e+00, 7.500000e-01, 6.373774e+00
400, 1.950360e+00, 7.500000e-01, 6.373774e+00
401, 1.950511e+00, 7.500000e-01, 6.373774e+00
402, 1.950661e+00, 7.500000e-01, 6.373774e+00
403, 1.950813e+00, 7.500000e-01, 6.373774e+00
404, 1.950964e+00, 7.500000e-01, 6.373774e+00
405, 1.951116e+00, 7.500000e-01, 6.373774e+00
406, 1.951269e+00, 7.500000e-01, 6.373774e+00
407, 1.951422e+00, 7.500000e-01, 6.373774e+00
408, 1.951575e+00, 7.500000e-01, 6.373774e+00
409, 1.951729e+00, 7.500000e-01, 6.373774e+00
410, 1.951880e+00, 7.500000e-01, 6.373774e+00
411, 1.952031e+00, 7.500000e-01, 6.373774e+00
412, 1.952183e+00, 7.500000e-01, 6.373774e+00
413, 1.952335e+00, 7.500000e-01, 6.373774e+00
414, 1.952486e+00, 7.500000e-01, 6.373774e+00
415, 1.952639e+00, 7.500000e-01, 6.373774e+00
416, 1.952792e+00, 7.500000e-01, 6.373774e+00
417, 1.952945e+00, 7.500000e-01, 6.373774e+00
418, 1.953099e+00, 7.500000e-01, 6.373774e+00
419, 1.953253e+00, 7.500000e-01, 6.373774e+00
420, 1.953405e+00, 7.500000e-01, 6.373774e+00
421, 1.953559e+00, 7.500000e-01, 6.373774e+00
422, 1.953713e+00, 7.500000e-01, 6.373774e+00
423, 1.953867e+00, 7.500000e-01, 6.373774e+00
424, 1.954020e+00, 7.500000e-01, 6.373774e+00
425, 1.954172e+00, 7.500000e-01, 6.373774e+00
426, 1.954325e+00, 7.500000e-01, 6.373774e+00
427, 1.954479e+00, 7.500000e-01, 6.373774e+00
428, 1.954634e+00, 7.500000e-01, 6.373774e+00
429, 1.954790e+00, 7.500000e-01, 6.373774e+00
430, 1.954947e+00, 7.500000e-01, 6.373774e+00
431, 1.955103e+00, 7.500000e-01, 6.373774e+00
432, 1.955256e+00, 7.500000e-01, 6.373774e+00
433, 1.955411e+00, 7.500000e-01, 6.373774e+00
434, 1.955565e+00, 7.500000e-01, 6.373774e+00
435, 1.955719e+00, 7.500000e-01, 6.373774e+00
436, 1.955872e+00, 7.500000e-01, 6.373774e+00
437, 1.956025e+00, 7.500000e-01, 6.373774e+00
438, 1.956176e+00, 7.500000e-01, 6.373774e+00
439, 1.956328e+00, 7.500000e-01, 6.373774e+00
440, 1.956478e+00, 7.500000e-01, 6.373774e+00
441, 1.956627e+00, 7.500000e-01, 6.373774e+00
442, 1.956776e+00, 7.500000e-01, 6.373774e+00
443, 1.956925e+00, 7.500000e-01, 6.373774e+00
444, 1.957074e+00, 7.500000e-01, 6.373774e+00
445, 1.957224e+00, 7.500000e-01, 6.373774e+00
446, 1.957374e+00, 7.500000e-01, 6.373774e+00
447, 1.957526e+00, 7.500000e-01, 6.373774e+00
448, 1.957679e+00, 7.500000e-01, 6.373774e+00
449, 1.957832e+00, 7.500000e-01, 6.373774e+00
450, 1.957987e+00, 7.500000e-01, 6.373774e+00
451, 1.958139e+00, 7.500000e-01, 6.373774e+00
452, 1.958293e+00, 7.500000e-01, 6.373774e+00
453, 1.958447e+00, 7.500000e-01, 6.373774e+00
454, 1.958602e+00, 7.500000e-01, 6.373774e+00
455, 1.958757e+00, 7.500000e-01, 6.373774e+00
456, 1.958913e+00, 7.500000e-01, 6.373774e+00
457, 1.959069e+00, 7.500000e-01, 6.373774e+00
458, 1.959224e+00, 7.500000e-01, 6.373774e+00
459, 1.959379e+00, 7.500000e-01, 6.373774e+00
460, 1.959533e+00, 7.500000e-01, 6.373774e+00
461, 1.959687e+00, 7.500000e-01, 6.373774e+00
462, 1.959841e+00, 7.500000e-01, 6.373774e+00
463, 1.959994e+00, 7.500000e-01, 6.373774e+00
464, 1.960148e+00, 7.500000e-01, 6.373774e+00
465, 1.960302e+00, 7.500000e-01, 6.373774e+00
466, 1.960454e+00, 7.500000e-01, 6.373774e+00
467, 1.960607e+00, 7.500000e-01, 6.373774e+00
468, 1.960760e+00, 7.500000e-01, 6.373774e+00
469, 1.960913e+00, 7.500000e-01, 6.373774e+00
470, 1.961068e+00, 7.500000e-01, 6.373774e+00
471, 1.961224e+00, 7.500000e-01, 6.373774e+00
472, 1.961380e+00, 7.500000e-01, 6.373774e+00
473, 1.961537e+00, 7.500000e-01, 6.373774e+00
474, 1.961696e+00, 7.500000e-01, 6.373774e+00
475, 1.961855e+00, 7.500000e-01, 6.373774e+00
476, 1.962015e+00, 7.500000e-01, 6.373774e+00
477, 1.962176e+00, 7.500000e-01, 6.373774e+00
478, 1.962337e+00, 7.500000e-01, 6.373774e+00
479, 1.962498e+00, 7.500000e-01, 6.373774e+00
480, 1.962659e+00, 7.500000e-01, 6.373774e+00
481, 1.962821e+00, 7.500000e-01, 6.373774e+00
482, 1.962985e+00, 7.500000e-01, 6.373774e+00
483, 1.963148e+00, 7.500000e-01, 6.373774e+00
484, 1.963311e+00, 7.500000e-01, 6.373774e+00
485, 1.963473e+00, 7.500000e-01, 6.373774e+00
486, 1.963636e+00, 7.500000e-01, 6.373774e+00
487, 1.963796e+00, 7.500000e-01, 6.373774e+00
488, 1.963953e+00, 7.500000e-01, 6.373774e+00
489, 1.964110e+00, 7.500000e-01, 6.373774e+00
490, 1.964268e+00, 7.500000e-01, 6.373774e+00
491, 1.964425e+00, 7.500000e-01, 6.373774e+00
492, 1.964583e+00, 7.500000e-01, 6.373774e+00
493, 1.964743e+00, 7.500000e-01, 6.373774e+00
494, 1.964903e+00, 7.500000e-01, 6.373774e+00
495, 1.965066e+00, 7.500000e-01, 6.373774e+00
496, 1.965227e+00, 7.500000e-01, 6.373774e+00
497, 1.965389e+00, 7.500000e-01, 6.373774e+00
498, 1.965552e+00, 7.500000e-01, 6.373774e+00
499, 1.965716e+00, 7.500000e-01, 6.373774e+00
500, 1.965880e+00, 7.500000e-01, 6.373774e+00
501, 1.966046e+00, 7.500000e-01, 6.373774e+00
502, 1.966213e+00, 7.500000e-01, 6.373774e+00
503, 1.966380e+00, 7.500000e-01, 6.373774e+00
504, 1.966548e+00, 7.500000e-01, 6.373774e+00
505, 1.966715e+00, 7.500000e-01, 6.373774e+00
506, 1.966881e+00, 7.500000e-01, 6.373774e+00
507, 1.967047e+00, 7.500000e-01, 6.373774e+00
508, 1.967213e+00, 7.500000e-01, 6.373774e+00
509, 1.967376e+00, 7.500000e-01, 6.373774e+00
510, 1.967536e+00, 7.500000e-01, 6.373774e+00
511, 1.967697e+00, 7.500000e-01, 6.373774e+00
512, 1.967857e+00, 7.500000e-01, 6.373774e+00
513, 1.968019e+00, 7.500000e-01, 6.373774e+00
514, 1.968182e+00, 7.500000e-01, 6.373774e+00
515, 1.968345e+00, 7.500000e-01, 6.373774e+00
516, 1.968509e+00, 7.500000e-01, 6.373774e+00
517, 1.968674e+00, 7.500000e-01, 6.373774e+00
518, 1.968841e+00, 7.500000e-01, 6.373774e+00
519, 1.969008e+00, 7.500000e-01, 6.373774e+00
520, 1.969176e+00, 7.500000e-01, 6.373774e+00
521, 1.969343e+00, 7.500000e-01, 6.373774e+00
522, 1.969503e+00, 7.500000e-01, 6.373774e+00
523, 1.969663e+00, 7.500000e-01, 6.373774e+00
524, 1.969825e+00, 7.500000e-01, 6.373774e+00
525, 1.969988e+00, 7.500000e-01, 6.373774e+00
526, 1.970151e+00, 7.500000e-01, 6.373774e+00
527, 1.970317e+00, 7.500000e-01, 6.373774e+00
528, 1.970481e+00, 7.500000e-01, 6.373774e+00
529, 1.970644e+00, 7.500000e-01, 6.373774e+00
530, 1.970807e+00, 7.500000e-01, 6.373774e+00
531, 1.970969e+00, 7.500000e-01, 6.373774e+00
532, 1.971134e+00, 7.500000e-01, 6.373774e+00
533, 1.971299e+00, 7.500000e-01, 6.373774e+00
534, 1.971460e+00, 7.500000e-01, 6.373774e+00
535, 1.971619e+00, 7.500000e-01, 6.373774e+00
536, 1.971779e+00, 7.500000e-01, 6.373774e+00
537, 1.971939e+00, 7.500000e-01, 6.373774e+00
538, 1.972101e+00, 7.500000e-01, 6.373774e+00
539, 1.972263e+00, 7.500000e-01, 6.373774e+00
540, 1.972426e+00, 7.500000e-01, 6.373774e+00
541, 1.972586e+00, 7.500000e-01, 6.373774e+00
542, 1.972744e+00, 7.500000e-01, 6.373774e+00
543, 1.972903e+00, 7.500000e-01, 6.373774e+00
544, 1.973064e+00, 7.500000e-01, 6.373774e+00
545, 1.973224e+00, 7.500000e-01, 6.373774e+00
546, 1.973386e+00, 7.500000e-01, 6.373774e+00
547, 1.973547e+00, 7.500000e-01, 6.373774e+00
548, 1.973706e+00, 7.500000e-01, 6.373774e+00
549, 1.973865e+00, 7.500000e-01, 6.373774e+00
550, 1.974023e+00, 7.500000e-01, 6.373774e+00
551, 1.974181e+00, 7.500000e-01, 6.373774e+00
552, 1.974338e+00, 7.500000e-01, 6.373774e+00
553, 1.974496e+00, 7.500000e-01, 6.373774e+00
554, 1.974654e+00, 7.500000e-01, 6.373774e+00
555, 1.974814e+00, 7.500000e-01, 6.373774e+00
556, 1.974975e+00, 7.500000e-01, 6.373774e+00
557, 1.975137e+00, 7.500000e-01, 6.373774e+00
558, 1.975300e+00, 7.500000e-01, 6.373774e+00
559, 1.975464e+00, 7.500000e-01, 6.373774e+00
560, 1.975626e+00, 7.500000e-01, 6.373774e+00
561, 1.975789e+00, 7.500000e-01, 6.373774e+00
562, 1.975951e+00, 7.500000e-01, 6.373774e+00
563, 1.976115e+00, 7.500000e-01, 6.373774e+00
564, 1.976280e+00, 7.500000e-01, 6.373774e+00
565, 1.976446e+00, 7.500000e-01, 6.373774e+00
566, 1.976612e+00, 7.500000e-01, 6.373774e+00
567, 1.976780e+00, 7.500000e-01, 6.373774e+00
568, 1.976947e+00, 7.500000e-01, 6.373774e+00
569, 1.977114e+00, 7.500000e-01, 6.373774e+00
570, 1.977282e+00, 7.500000e-01, 6.373774e+00
571, 1.977451e+00, 7.500000e-01, 6.373774e+00
572, 1.977622e+00, 7.500000e-01, 6.373774e+00
573, 1.977792e+00, 7.500000e-01, 6.373774e+00
574, 1.977964e+00, 7.500000e-01, 6.373774e+00
575, 1.978135e+00, 7.500000e-01, 6.373774e+00
576, 1.978304e+00, 7.500000e-01, 6.373774e+00
577, 1.978472e+00, 7.500000e-01, 6.373774e+00
578, 1.978638e+00, 7.500000e-01, 6.373774e+00
579, 1.978804e+00, 7.500000e-01, 6.373774e+00
580, 1.978970e+00, 7.500000e-01, 6.373774e+00
581, 1.979134e+00, 7.500000e-01, 6.373774e+00
582, 1.979297e+00, 7.500000e-01, 6.373774e+00
583, 1.979460e+00, 7.500000e-01, 6.373774e+00
584, 1.979624e+00, 7.500000e-01, 6.373774e+00
585, 1.979786e+00, 7.500000e-01, 6.373774e+00
586, 1.979948e+00, 7.500000e-01, 6.373774e+00
587, 1.980109e+00, 7.500000e-01, 6.373774e+00
588, 1.980269e+00, 7.500000e-01, 6.373774e+00
589, 1.980428e+00, 7.500000e-01, 6.373774e+00
590, 1.980586e+00, 7.500000e-01, 6.373774e+00
591, 1.980746e+00, 7.500000e-01, 6.373774e+00
592, 1.980907e+00, 7.500000e-01, 6.373774e+00
593, 1.981066e+00, 7.500000e-01, 6.373774e+00
594, 1.981225e+00, 7.500000e-01, 6.373774e+00
595, 1.981385e+00, 7.500000e-01, 6.373774e+00
596, 1.981545e+00, 7.500000e-01, 6.373774e+00
597, 1.981705e+00, 7.500000e-01, 6.373774e+00
598, 1.981867e+00, 7.500000e-01, 6.373774e+00
599, 1.982030e+00, 7.500000e-01, 6.373774e+00
600, 1.982194e+00, 7.500000e-01, 6.373774e+00
601, 1.982357e+00, 7.500000e-01, 6.373774e+00
602, 1.982521e+00, 7.500000e-01, 6.373774e+00
603, 1.982685e+00, 7.500000e-01, 6.373774e+00
604, 1.982848e+00, 7.500000e-01, 6.373774e+00
605, 1.983012e+00, 7.500000e-01, 6.373774e+00
606, 1.983175e+00, 7.500000e-01, 6.373774e+00
607, 1.983336e+00, 7.500000e-01, 6.373774e+00
608, 1.983498e+00, 7.500000e-01, 6.373774e+00
609, 1.983661e+00, 7.500000e-01, 6.373774e+00
610, 1.983824e+00, 7.500000e-01, 6.373774e+00
611, 1.983989e+00, 7.500000e-01, 6.373774e+00
612, 1.984155e+00, 7.500000e-01, 6.373774e+00
613, 1.984321e+00, 7.500000e-01, 6.373774e+00
614, 1.984485e+00, 7.500000e-01, 6.373774e+00
615, 1.984648e+00, 7.500000e-01, 6.373774e+00
616, 1.984812e+00, 7.500000e-01, 6.373774e+00
617, 1.984976e+00, 7.500000e-01, 6.373774e+00
618, 1.985140e+00, 7.500000e-01, 6.373774e+00
619, 1.985300e+00, 7.500000e-01, 6.373774e+00
620, 1.985460e+00, 7.500000e-01, 6.373774e+00
621, 1.985615e+00, 7.500000e-01, 6.373774e+00
622, 1.985769e+00, 7.500000e-01, 6.373774e+00
623, 1.985924e+00, 7.500000e-01, 6.373774e+00
624, 1.986075e+00, 7.500000e-01, 6.373774e+00
625, 1.986227e+00, 7.500000e-01, 6.373774e+00
626, 1.986377e+00, 7.500000e-01, 6.373774e+00
627, 1.986526e+00, 7.500000e-01, 6.373774e+00
628, 1.986675e+00, 7.500000e-01, 6.373774e+00
629, 1.986824e+00, 7.500000e-01, 6.373774e+00
630, 1.986974e+00, 7.500000e-01, 6.373774e+00
631, 1.987125e+00, 7.500000e-01, 6.373774e+00
632, 1.987278e+00, 7.500000e-01, 6.373774e+00
633, 1.987430e+00, 7.500000e-01, 6.373774e+00
634, 1.987584e+00, 7.500000e-01, 6.373774e+00
635, 1.987735e+00, 7.500000e-01, 6.373774e+00
636, 1.987886e+00, 7.500000e-01, 6.373774e+00
637, 1.988037e+00, 7.500000e-01, 6.373774e+00
638, 1.988187e+00, 7.500000e-01, 6.373774e+00
639, 1.988336e+00, 7.500000e-01, 6.373774e+00
640, 1.988485e+00, 7.500000e-01, 6.373774e+00
641, 1.988633e+00, 7.500000e-01, 6.373774e+00
642, 1.988782e+00, 7.500000e-01, 6.373774e+00
643, 1.988931e+00, 7.500000e-01, 6.373774e+00
644, 1.989080e+00, 7.500000e-01, 6.373774e+00
645, 1.989231e+00, 7.500000e-01, 6.373774e+00
646, 1.989388e+00, 7.500000e-01, 6.373774e+00
647, 1.989546e+00, 7.500000e-01, 6.373774e+00
648, 1.989703e+00, 7.500000e-01, 6.373774e+00
649, 1.989859e+00, 7.500000e-01, 6.373774e+00
650, 1.990013e+00, 7.500000e-01, 6.373774e+00
651, 1.990164e+00, 7.500000e-01, 6.373774e+00
652, 1.990314e+00, 7.500000e-01, 6.373774e+00
653, 1.990464e+00, 7.500000e-01, 6.373774e+00
654, 1.990615e+00, 7.500000e-01, 6.373774e+00
655, 1.990766e+00, 7.500000e-01, 6.373774e+00
656, 1.990917e+00, 7.500000e-01, 6.373774e+00
657, 1.991067e+00, 7.500000e-01, 6.373774e+00
658, 1.991212e+00, 7.500000e-01, 6.373774e+00
659, 1.991358e+00, 7.500000e-01, 6.373774e+00
660, 1.991505e+00, 7.500000e-01, 6.373774e+00
661, 1.991650e+00, 7.500000e-01, 6.373774e+00
662, 1.991795e+00, 7.500000e-01, 6.373774e+00
663, 1.991939e+00, 7.500000e-01, 6.373774e+00
664, 1.992085e+00, 7.500000e-01, 6.373774e+00
665, 1.992230e+00, 7.500000e-01, 6.373774e+00
666, 1.992376e+00, 7.500000e-01, 6.373774e+00
667, 1.992521e+00, 7.500000e-01, 6.373774e+00
668, 1.992669e+00, 7.500000e-01, 6.373774e+00
669, 1.992816e+00, 7.500000e-01, 6.373774e+00
670, 1.992963e+00, 7.500000e-01, 6.373774e+00
671, 1.993111e+00, 7.500000e-01, 6.373774e+00
672, 1.993256e+00, 7.500000e-01, 6.373774e+00
673, 1.993403e+00, 7.500000e-01, 6.373774e+00
674, 1.993550e+00, 7.500000e-01, 6.373774e+00
675, 1.993697e+00, 7.500000e-01, 6.373774e+00
676, 1.993846e+00, 7.500000e-01, 6.373774e+00
677, 1.993996e+00, 7.500000e-01, 6.373774e+00
678, 1.994143e+00, 7.500000e-01, 6.373774e+00
679, 1.994291e+00, 7.500000e-01, 6.373774e+00
680, 1.994438e+00, 7.500000e-01, 6.373774e+00
681, 1.994583e+00, 7.500000e-01, 6.373774e+00
682, 1.994729e+00, 7.500000e-01, 6.373774e+00
683, 1.994876e+00, 7.500000e-01, 6.373774e+00
684, 1.995025e+00, 7.500000e-01, 6.373774e+00
685, 1.995176e+00, 7.500000e-01, 6.373774e+00
686, 1.995328e+00, 7.500000e-01, 6.373774e+00
687, 1.995477e+00, 7.500000e-01, 6.373774e+00
688, 1.995626e+00, 7.500000e-01, 6.373774e+00
689, 1.995778e+00, 7.500000e-01, 6.373774e+00
690, 1.995932e+00, 7.500000e-01, 6.373774e+00
691, 1.996087e+00, 7.500000e-01, 6.373774e+00
692, 1.996242e+00, 7.500000e-01, 6.373774e+00
693, 1.996393e+00, 7.500000e-01, 6.373774e+00
694, 1.996541e+00, 7.500000e-01, 6.373774e+00
695, 1.996690e+00, 7.500000e-01, 6.373774e+00
696, 1.996841e+00, 7.500000e-01, 6.373774e+00
697, 1.996992e+00, 7.500000e-01, 6.373774e+00
698, 1.997143e+00, 7.500000e-01, 6.373774e+00
699, 1.997291e+00, 7.500000e-01, 6.373774e+00
700, 1.997438e+00, 7.500000e-01, 6.373774e+00
701, 1.997583e+00, 7.500000e-01, 6.373774e+00
702, 1.997726e+00, 7.500000e-01, 6.373774e+00
703, 1.997868e+00, 7.500000e-01, 6.373774e+00
704, 1.998010e+00, 7.500000e-01, 6.373774e+00
705, 1.998154e+00, 7.500000e-01, 6.373774e+00
706, 1.998298e+00, 7.500000e-01, 6.373774e+00
707, 1.998443e+00, 7.500000e-01, 6.373774e+00
708, 1.998587e+00, 7.500000e-01, 6.373774e+00
709, 1.998728e+00, 7.500000e-01, 6.373774e+00
710, 1.998869e+00, 7.500000e-01, 6.373774e+00
711, 1.999012e+00, 7.500000e-01, 6.373774e+00
712, 1.999156e+00, 7.500000e-01, 6.373774e+00
713, 1.999301e+00, 7.500000e-01, 6.373774e+00
714, 1.999444e+00, 7.500000e-01, 6.373774e+00
715, 1.999587e+00, 7.500000e-01, 6.373774e+00
716, 1.999731e+00, 7.500000e-01, 6.373774e+00
717, 1.999877e+00, 7.500000e-01, 6.373774e+00
718, 2.000024e+00, 7.500000e-01, 6.373774e+00
719, 2.000171e+00, 7.500000e-01, 6.373774e+00
720, 2.000318e+00, 7.500000e-01, 6.373774e+00
721, 2.000465e+00, 7.500000e-01, 6.373774e+00
722, 2.000614e+00, 7.500000e-01, 6.373774e+00
723, 2.000762e+00, 7.500000e-01, 6.373774e+00
724, 2.000907e+00, 7.500000e-01, 6.373774e+00
725, 2.001054e+00, 7.500000e-01, 6.373774e+00
726, 2.001200e+00, 7.500000e-01, 6.373774e+00
727, 2.001346e+00, 7.500000e-01, 6.373774e+00
728, 2.001493e+00, 7.500000e-01, 6.373774e+00
729, 2.001640e+00, 7.500000e-01, 6.373774e+00
730, 2.001788e+00, 7.500000e-01, 6.373774e+00
731, 2.001936e+00, 7.500000e-01, 6.373774e+00
732, 2.002084e+00, 7.500000e-01, 6.373774e+00
733, 2.002230e+00, 7.500000e-01, 6.373774e+00
734, 2.002378e+00, 7.500000e-01, 6.373774e+00
735, 2.002526e+00, 7.500000e-01, 6.373774e+00
736, 2.002676e+00, 7.500000e-01, 6.373774e+00
737, 2.002823e+00, 7.500000e-01, 6.373774e+00
738, 2.002970e+00, 7.500000e-01, 6.373774e+00
739, 2.003118e+00, 7.500000e-01, 6.373774e+00
740, 2.003268e+00, 7.500000e-01, 6.373774e+00
741, 2.003413e+00, 7.500000e-01, 6.373774e+00
742, 2.003556e+00, 7.500000e-01, 6.373774e+00
743, 2.003697e+00, 7.500000e-01, 6.373774e+00
744, 2.003840e+00, 7.500000e-01, 6.373774e+00
745, 2.003983e+00, 7.500000e-01, 6.373774e+00
746, 2.004127e+00, 7.500000e-01, 6.373774e+00
747, 2.004271e+00, 7.500000e-01, 6.373774e+00
748, 2.004416e+00, 7.500000e-01, 6.373774e+00
749, 2.004563e+00, 7.500000e-01, 6.373774e+00
750, 2.004714e+00, 7.500000e-01, 6.373774e+00
751, 2.004868e+00, 7.500000e-01, 6.373774e+00
752, 2.005012e+00, 7.500000e-01, 6.373774e+00
753, 2.005155e+00, 7.500000e-01, 6.373774e+00
754, 2.005298e+00, 7.500000e-01, 6.373774e+00
755, 2.005443e+00, 7.500000e-01, 6.373774e+00
756, 2.005586e+00, 7.500000e-01, 6.373774e+00
757, 2.005724e+00, 7.500000e-01, 6.373774e+00
758, 2.005863e+00, 7.500000e-01, 6.373774e+00
759, 2.006003e+00, 7.500000e-01, 6.373774e+00
760, 2.006143e+00, 7.500000e-01, 6.373774e+00
761, 2.006281e+00, 7.500000e-01, 6.373774e+00
762, 2.006421e+00, 7.500000e-01, 6.373774e+00
763, 2.006561e+00, 7.500000e-01, 6.373774e+00
764, 2.006702e+00, 7.500000e-01, 6.373774e+00
765, 2.006845e+00, 7.500000e-01, 6.373774e+00
766, 2.006988e+00, 7.500000e-01, 6.373774e+00
767, 2.007133e+00, 7.500000e-01, 6.373774e+00
768, 2.007278e+00, 7.500000e-01, 6.373774e+00
769, 2.007424e+00, 7.500000e-01, 6.373774e+00
770, 2.007569e+00, 7.500000e-01, 6.373774e+00
771, 2.007715e+00, 7.500000e-01, 6.373774e+00
772, 2.007863e+00, 7.500000e-01, 6.373774e+00
773, 2.008010e+00, 7.500000e-01, 6.373774e+00
774, 2.008157e+00, 7.500000e-01, 6.373774e+00
775, 2.008301e+00, 7.500000e-01, 6.373774e+00
776, 2.008441e+00, 7.500000e-01, 6.373774e+00
777, 2.008580e+00, 7.500000e-01, 6.373774e+00
778, 2.008716e+00, 7.500000e-01, 6.373774e+00
779, 2.008853e+00, 7.500000e-01, 6.373774e+00
780, 2.008992e+00, 7.500000e-01, 6.373774e+00
781, 2.009131e+00, 7.500000e-01, 6.373774e+00
782, 2.009271e+00, 7.500000e-01, 6.373774e+00
783, 2.009412e+00, 7.500000e-01, 6.373774e+00
784, 2.009554e+00, 7.500000e-01, 6.373774e+00
785, 2.009694e+00, 7.500000e-01, 6.373774e+00
786, 2.009834e+00, 7.500000e-01, 6.373774e+00
787, 2.009975e+00, 7.500000e-01, 6.373774e+00
788, 2.010116e+00, 7.500000e-01, 6.373774e+00
789, 2.010254e+00, 7.500000e-01, 6.373774e+00
790, 2.010393e+00, 7.500000e-01, 6.373774e+00
791, 2.010531e+00, 7.500000e-01, 6.373774e+00
792, 2.010670e+00, 7.500000e-01, 6.373774e+00
793, 2.010812e+00, 7.500000e-01, 6.373774e+00
794, 2.010954e+00, 7.500000e-01, 6.373774e+00
795, 2.011097e+00, 7.500000e-01, 6.373774e+00
796, 2.011243e+00, 7.500000e-01, 6.373774e+00
797, 2.011389e+00, 7.500000e-01, 6.373774e+00
798, 2.011536e+00, 7.500000e-01, 6.373774e+00
799, 2.011684e+00, 7.500000e-01, 6.373774e+00
800, 2.011829e+00, 7.500000e-01, 6.373774e+00
801, 2.011974e+00, 7.500000e-01, 6.373774e+00
802, 2.012122e+00, 7.500000e-01, 6.373774e+00
803, 2.012271e+00, 7.500000e-01, 6.373774e+00
804, 2.012420e+00, 7.500000e-01, 6.373774e+00
805, 2.012569e+00, 7.500000e-01, 6.373774e+00
806, 2.012718e+00, 7.500000e-01, 6.373774e+00
807, 2.012868e+00, 7.500000e-01, 6.373774e+00
808, 2.013014e+00, 7.500000e-01, 6.373774e+00
809, 2.013161e+00, 7.500000e-01, 6.373774e+00
810, 2.013311e+00, 7.500000e-01, 6.373774e+00
811, 2.013464e+00, 7.500000e-01, 6.373774e+00
812, 2.013618e+00, 7.500000e-01, 6.373774e+00
813, 2.013769e+00, 7.500000e-01, 6.373774e+00
814, 2.013914e+00, 7.500000e-01, 6.373774e+00
815, 2.014061e+00, 7.500000e-01, 6.373774e+00
816, 2.014206e+00, 7.500000e-01, 6.373774e+00
817, 2.014350e+00, 7.500000e-01, 6.373774e+00
818, 2.014497e+00, 7.500000e-01, 6.373774e+00
819, 2.014646e+00, 7.500000e-01, 6.373774e+00
820, 2.014798e+00, 7.500000e-01, 6.373774e+00
821, 2.014950e+00, 7.500000e-01, 6.373774e+00
822, 2.015103e+00, 7.500000e-01, 6.373774e+00
823, 2.015257e+00, 7.500000e-01, 6.373774e+00
824, 2.015410e+00, 7.500000e-01, 6.373774e+00
825, 2.015562e+00, 7.500000e-01, 6.373774e+00
826, 2.015713e+00, 7.500000e-01, 6.373774e+00
827, 2.015867e+00, 7.500000e-01, 6.373774e+00
828, 2.016014e+00, 7.500000e-01, 6.373774e+00
829, 2.016159e+00, 7.500000e-01, 6.373774e+00
830, 2.016306e+00, 7.500000e-01, 6.373774e+00
831, 2.016454e+00, 7.500000e-01, 6.373774e+00
832, 2.016603e+00, 7.500000e-01, 6.373774e+00
833, 2.016753e+00, 7.500000e-01, 6.373774e+00
834, 2.016900e+00, 7.500000e-01, 6.373774e+00
835, 2.017048e+00, 7.500000e-01, 6.373774e+00
836, 2.017196e+00, 7.500000e-01, 6.373774e+00
837, 2.017341e+00, 7.500000e-01, 6.373774e+00
838, 2.017483e+00, 7.500000e-01, 6.373774e+00
839, 2.017627e+00, 7.500000e-01, 6.373774e+00
840, 2.017770e+00, 7.500000e-01, 6.373774e+00
841, 2.017914e+00, 7.500000e-01, 6.373774e+00
842, 2.018056e+00, 7.500000e-01, 6.373774e+00
843, 2.018197e+00, 7.500000e-01, 6.373774e+00
844, 2.018337e+00, 7.500000e-01, 6.373774e+00
845, 2.018477e+00, 7.500000e-01, 6.373774e+00
846, 2.018620e+00, 7.500000e-01, 6.373774e+00
847, 2.018761e+00, 7.500000e-01, 6.373774e+00
848, 2.018900e+00, 7.500000e-01, 6.373774e+00
849, 2.019039e+00, 7.500000e-01, 6.373774e+00
850, 2.019179e+00, 7.500000e-01, 6.373774e+00
851, 2.019320e+00, 7.500000e-01, 6.373774e+00
852, 2.019462e+00, 7.500000e-01, 6.373774e+00
853, 2.019606e+00, 7.500000e-01, 6.373774e+00
854, 2.019751e+00, 7.500000e-01, 6.373774e+00
855, 2.019897e+00, 7.500000e-01, 6.373774e+00
856, 2.020043e+00, 7.500000e-01, 6.373774e+00
857, 2.020187e+00, 7.500000e-01, 6.373774e+00
858, 2.020333e+00, 7.500000e-01, 6.373774e+00
859, 2.020478e+00, 7.500000e-01, 6.373774e+00
860, 2.020621e+00, 7.500000e-01, 6.373774e+00
861, 2.020763e+00, 7.500000e-01, 6.373774e+00
862, 2.020906e+00, 7.500000e-01, 6.373774e+00
863, 2.021050e+00, 7.500000e-01, 6.373774e+00
864, 2.021195e+00, 7.500000e-01, 6.373774e+00
865, 2.021342e+00, 7.500000e-01, 6.373774e+00
866, 2.021483e+00, 7.500000e-01, 6.373774e+00
867, 2.021625e+00, 7.500000e-01, 6.373774e+00
868, 2.021765e+00, 7.500000e-01, 6.373774e+00
869, 2.021902e+00, 7.500000e-01, 6.373774e+00
870, 2.022037e+00, 7.500000e-01, 6.373774e+00
871, 2.022173e+00, 7.500000e-01, 6.373774e+00
872, 2.022308e+00, 7.500000e-01, 6.373774e+00
873, 2.022444e+00, 7.500000e-01, 6.373774e+00
874, 2.022581e+00, 7.500000e-01, 6.373774e+00
875, 2.022718e+00, 7.500000e-01, 6.373774e+00
876, 2.022855e+00, 7.500000e-01, 6.373774e+00
877, 2.022995e+00, 7.500000e-01, 6.373774e+00
878, 2.023135e+00, 7.500000e-01, 6.373774e+00
879, 2.023275e+00, 7.500000e-01, 6.373774e+00
880, 2.023415e+00, 7.500000e-01, 6.373774e+00
881, 2.023558e+00, 7.500000e-01, 6.373774e+00
882, 2.023700e+00, 7.500000e-01, 6.373774e+00
883, 2.023840e+00, 7.500000e-01, 6.373774e+00
884, 2.023980e+00, 7.500000e-01, 6.373774e+00
885, 2.024121e+00, 7.500000e-01, 6.373774e+00
886, 2.024260e+00, 7.500000e-01, 6.373774e+00
887, 2.024400e+00, 7.500000e-01, 6.373774e+00
888, 2.024541e+00, 7.500000e-01, 6.373774e+00
889, 2.024679e+00, 7.500000e-01, 6.373774e+00
890, 2.024816e+00, 7.500000e-01, 6.373774e+00
891, 2.024953e+00, 7.500000e-01, 6.373774e+00
892, 2.025090e+00, 7.500000e-01, 6.373774e+00
893, 2.025228e+00, 7.500000e-01, 6.373774e+00
894, 2.025369e+00, 7.500000e-01, 6.373774e+00
895, 2.025509e+00, 7.500000e-01, 6.373774e+00
896, 2.025648e+00, 7.500000e-01, 6.373774e+00
897, 2.025789e+00, 7.500000e-01, 6.373774e+00
898, 2.025927e+00, 7.500000e-01, 6.373774e+00
899, 2.026063e+00, 7.500000e-01, 6.373774e+00
900, 2.026199e+00, 7.500000e-01, 6.373774e+00
901, 2.026335e+00, 7.500000e-01, 6.373774e+00
902, 2.026471e+00, 7.500000e-01, 6.373774e+00
903, 2.026608e+00, 7.500000e-01, 6.373774e+00
904, 2.026747e+00, 7.500000e-01, 6.373774e+00
905, 2.026887e+00, 7.500000e-01, 6.373774e+00
906, 2.027028e+00, 7.500000e-01, 6.373774e+00
907, 2.027170e+00, 7.500000e-01, 6.373774e+00
908, 2.027313e+00, 7.500000e-01, 6.373774e+00
909, 2.027454e+00, 7.500000e-01, 6.373774e+00
910, 2.027591e+00, 7.500000e-01, 6.373774e+00
911, 2.027724e+00, 7.500000e-01, 6.373774e+00
912, 2.027856e+00, 7.500000e-01, 6.373774e+00
913, 2.027987e+00, 7.500000e-01, 6.373774e+00
914, 2.028120e+00, 7.500000e-01, 6.373774e+00
915, 2.028254e+00, 7.500000e-01, 6.373774e+00
916, 2.028393e+00, 7.500000e-01, 6.373774e+00
917, 2.028533e+00, 7.500000e-01, 6.373774e+00
918, 2.028672e+00, 7.500000e-01, 6.373774e+00
919, 2.028805e+00, 7.500000e-01, 6.373774e+00
920, 2.028927e+00, 7.500000e-01, 6.373774e+00
921, 2.029049e+00, 7.500000e-01, 6.373774e+00
922, 2.029173e+00, 7.500000e-01, 6.373774e+00
923, 2.029298e+00, 7.500000e-01, 6.373774e+00
924, 2.029423e+00, 7.500000e-01, 6.373774e+00
925, 2.029544e+00, 7.500000e-01, 6.373774e+00
926, 2.029662e+00, 7.500000e-01, 6.373774e+00
927, 2.029776e+00, 7.500000e-01, 6.373774e+00
928, 2.029888e+00, 7.500000e-01, 6.373774e+00
929, 2.030000e+00, 7.500000e-01, 6.373774e+00
930, 2.030114e+00, 7.500000e-01, 6.373774e+00
931, 2.030229e+00, 7.500000e-01, 6.373774e+00
932, 2.030341e+00, 7.500000e-01, 6.373774e+00
933, 2.030454e+00, 7.500000e-01, 6.373774e+00
934, 2.030566e+00, 7.500000e-01, 6.373774e+00
935, 2.030679e+00, 7.500000e-01, 6.373774e+00
936, 2.030794e+00, 7.500000e-01, 6.373774e+00
937, 2.030908e+00, 7.500000e-01, 6.373774e+00
938, 2.031020e+00, 7.500000e-01, 6.373774e+00
939, 2.031129e+00, 7.500000e-01, 6.373774e+00
940, 2.031239e+00, 7.500000e-01, 6.373774e+00
941, 2.031348e+00, 7.500000e-01, 6.373774e+00
942, 2.031446e+00, 7.500000e-01, 6.373774e+00
943, 2.031542e+00, 7.500000e-01, 6.373774e+00
944, 2.031637e+00, 7.500000e-01, 6.373774e+00
945, 2.031734e+00, 7.500000e-01, 6.373774e+00
946, 2.031832e+00, 7.500000e-01, 6.373774e+00
947, 2.031931e+00, 7.500000e-01, 6.373774e+00
948, 2.032030e+00, 7.500000e-01, 6.373774e+00
949, 2.032131e+00, 7.500000e-01, 6.373774e+00
950, 2.032232e+00, 7.500000e-01, 6.373774e+00
951, 2.032334e+00, 7.500000e-01, 6.373774e+00
952, 2.032433e+00, 7.500000e-01, 6.373774e+00
953, 2.032534e+00, 7.500000e-01, 6.373774e+00
954, 2.032635e+00, 7.500000e-01, 6.373774e+00
955, 2.032735e+00, 7.500000e-01, 6.373774e+00
956, 2.032835e+00, 7.500000e-01, 6.373774e+00
957, 2.032934e+00, 7.500000e-01, 6.373774e+00
958, 2.033034e+00, 7.500000e-01, 6.373774e+00
959, 2.033134e+00, 7.500000e-01, 6.373774e+00
960, 2.033236e+00, 7.500000e-01, 6.373774e+00
961, 2.033338e+00, 7.500000e-01, 6.373774e+00
962, 2.033441e+00, 7.500000e-01, 6.373774e+00
963, 2.033540e+00, 7.500000e-01, 6.373774e+00
964, 2.033640e+00, 7.500000e-01, 6.373774e+00
965, 2.033741e+00, 7.500000e-01, 6.373774e+00
966, 2.033842e+00, 7.500000e-01, 6.373774e+00
967, 2.033940e+00, 7.500000e-01, 6.373774e+00
968, 2.034035e+00, 7.500000e-01, 6.373774e+00
969, 2.034129e+00, 7.500000e-01, 6.373774e+00
970, 2.034222e+00, 7.500000e-01, 6.373774e+00
971, 2.034310e+00, 7.500000e-01, 6.373774e+00
972, 2.034398e+00, 7.500000e-01, 6.373774e+00
973, 2.034486e+00, 7.500000e-01, 6.373774e+00
974, 2.034575e+00, 7.500000e-01, 6.373774e+00
975, 2.034664e+00, 7.500000e-01, 6.373774e+00
976, 2.034754e+00, 7.500000e-01, 6.373774e+00
977, 2.034842e+00, 7.500000e-01, 6.373774e+00
978, 2.034931e+00, 7.500000e-01, 6.373774e+00
979, 2.035022e+00, 7.500000e-01, 6.373774e+00
980, 2.035113e+00, 7.500000e-01, 6.373774e+00
981, 2.035203e+00, 7.500000e-01, 6.373774e+00
982, 2.035293e+00, 7.500000e-01, 6.373774e+00
983, 2.035384e+00, 7.500000e-01, 6.373774e+00
984, 2.035477e+00, 7.500000e-01, 6.373774e+00
985, 2.035568e+00, 7.500000e-01, 6.373774e+00
986, 2.035659e+00, 7.500000e-01, 6.373774e+00
987, 2.035752e+00, 7.500000e-01, 6.373774e+00
988, 2.035846e+00, 7.500000e-01, 6.373774e+00
989, 2.035941e+00, 7.500000e-01, 6.373774e+00
990, 2.036036e+00, 7.500000e-01, 6.373774e+00
991, 2.036130e+00, 7.500000e-01, 6.373774e+00
992, 2.036224e+00, 7.500000e-01, 6.373774e+00
993, 2.036319e+00, 7.500000e-01, 6.373774e+00
994, 2.036413e+00, 7.500000e-01, 6.373774e+00
995, 2.036508e+00, 7.500000e-01, 6.373774e+00
996, 2.036604e+00, 7.500000e-01, 6.373774e+00
997, 2.036697e+00, 7.500000e-01, 6.373774e+00
998, 2.036789e+00, 7.500000e-01, 6.373774e+00
999, 2.036876e+00, 7.500000e-01, 6.373774e+00
1000, 2.036963e+00, 7.500000e-01, 6.373774e+00
1001, 2.037049e+00, 7.500000e-01, 6.373774e+00
1002, 2.037136e+00, 7.500000e-01, 6.373774e+00
1003, 2.037222e+00, 7.500000e-01, 6.373774e+00
1004, 2.037307e+00, 7.500000e-01, 6.373774e+00
1005, 2.037390e+00, 7.500000e-01, 6.373774e+00
1006, 2.037472e+00, 7.500000e-01, 6.373774e+00
1007, 2.037557e+00, 7.500000e-01, 6.373774e+00
1008, 2.037638e+00, 7.500000e-01, 6.373774e+00
1009, 2.037719e+00, 7.500000e-01, 6.373774e+00
1010, 2.037797e+00, 7.500000e-01, 6.373774e+00
1011, 2.037876e+00, 7.500000e-01, 6.373774e+00
1012, 2.037957e+00, 7.500000e-01, 6.373774e+00
1013, 2.038039e+00, 7.500000e-01, 6.373774e+00
1014, 2.038120e+00, 7.500000e-01, 6.373774e+00
1015, 2.038199e+00, 7.500000e-01, 6.373774e+00
1016, 2.038275e+00, 7.500000e-01, 6.373774e+00
1017, 2.038351e+00, 7.500000e-01, 6.373774e+00
1018, 2.038427e+00, 7.500000e-01, 6.373774e+00
1019, 2.038505e+00, 7.500000e-01, 6.373774e+00
1020, 2.038584e+00, 7.500000e-01, 6.373774e+00
1021, 2.038663e+00, 7.500000e-01, 6.373774e+00
1022, 2.038740e+00, 7.500000e-01, 6.373774e+00
1023, 2.038817e+00, 7.500000e-01, 6.373774e+00
1024, 2.038896e+00, 7.500000e-01, 6.373774e+00
1025, 2.038975e+00, 7.500000e-01, 6.373774e+00
1026, 2.039056e+00, 7.500000e-01, 6.373774e+00
1027, 2.039138e+00, 7.500000e-01, 6.373774e+00
1028, 2.039214e+00, 7.500000e-01, 6.373774e+00
1029, 2.039288e+00, 7.500000e-01, 6.373774e+00
1030, 2.039363e+00, 7.500000e-01, 6.373774e+00
1031, 2.039439e+00, 7.500000e-01, 6.373774e+00
1032, 2.039516e+00, 7.500000e-01, 6.373774e+00
1033, 2.039593e+00, 7.500000e-01, 6.373774e+00
1034, 2.039671e+00, 7.500000e-01, 6.373774e+00
1035, 2.039750e+00, 7.500000e-01, 6.373774e+00
1036, 2.039829e+00, 7.500000e-01, 6.373774e+00
1037, 2.039908e+00, 7.500000e-01, 6.373774e+00
1038, 2.039988e+00, 7.500000e-01, 6.373774e+00
1039, 2.040068e+00, 7.500000e-01, 6.373774e+00
1040, 2.040148e+00, 7.500000e-01, 6.373774e+00
1041, 2.040226e+00, 7.500000e-01, 6.373774e+00
1042, 2.040303e+00, 7.500000e-01, 6.373774e+00
1043, 2.040377e+00, 7.500000e-01, 6.373774e+00
1044, 2.040450e+00, 7.500000e-01, 6.373774e+00
1045, 2.040523e+00, 7.500000e-01, 6.373774e+00
1046, 2.040597e+00, 7.500000e-01, 6.373774e+00
1047, 2.040673e+00, 7.500000e-01, 6.373774e+00
1048, 2.040748e+00, 7.500000e-01, 6.373774e+00
1049, 2.040820e+00, 7.500000e-01, 6.373774e+00
1050, 2.040890e+00, 7.500000e-01, 6.373774e+00
1051, 2.040961e+00, 7.500000e-01, 6.373774e+00
1052, 2.041032e+00, 7.500000e-01, 6.373774e+00
1053, 2.041103e+00, 7.500000e-01, 6.373774e+00
1054, 2.041174e+00, 7.500000e-01, 6.373774e+00
1055, 2.041247e+00, 7.500000e-01, 6.373774e+00
1056, 2.041321e+00, 7.500000e-01, 6.373774e+00
1057, 2.041396e+00, 7.500000e-01, 6.373774e+00
1058, 2.041471e+00, 7.500000e-01, 6.373774e+00
1059, 2.041545e+00, 7.500000e-01, 6.373774e+00
1060, 2.041619e+00, 7.500000e-01, 6.373774e+00
1061, 2.041693e+00, 7.500000e-01, 6.373774e+00
1062, 2.041768e+00, 7.500000e-01, 6.373774e+00
1063, 2.041843e+00, 7.500000e-01, 6.373774e+00
1064, 2.041919e+00, 7.500000e-01, 6.373774e+00
1065, 2.041992e+00, 7.500000e-01, 6.373774e+00
1066, 2.042065e+00, 7.500000e-01, 6.373774e+00
1067, 2.042136e+00, 7.500000e-01, 6.373774e+00
1068, 2.042208e+00, 7.500000e-01, 6.373774e+00
1069, 2.042278e+00, 7.500000e-01, 6.373774e+00
1070, 2.042345e+00, 7.500000e-01, 6.373774e+00
1071, 2.042411e+00, 7.500000e-01, 6.373774e+00
1072, 2.042479e+00, 7.500000e-01, 6.373774e+00
1073, 2.042549e+00, 7.500000e-01, 6.373774e+00
1074, 2.042618e+00, 7.500000e-01, 6.373774e+00
1075, 2.042688e+00, 7.500000e-01, 6.373774e+00
1076, 2.042759e+00, 7.500000e-01, 6.373774e+00
1077, 2.042829e+00, 7.500000e-01, 6.373774e+00
1078, 2.042899e+00, 7.500000e-01, 6.373774e+00
1079, 2.042967e+00, 7.500000e-01, 6.373774e+00
1080, 2.043035e+00, 7.500000e-01, 6.373774e+00
1081, 2.043104e+00, 7.500000e-01, 6.373774e+00
1082, 2.043172e+00, 7.500000e-01, 6.373774e+00
1083, 2.043240e+00, 7.500000e-01, 6.373774e+00
1084, 2.043308e+00, 7.500000e-01, 6.373774e+00
1085, 2.043377e+00, 7.500000e-01, 6.373774e+00
1086, 2.043446e+00, 7.500000e-01, 6.373774e+00
1087, 2.043515e+00, 7.500000e-01, 6.373774e+00
1088, 2.043584e+00, 7.500000e-01, 6.373774e+00
1089, 2.043653e+00, 7.500000e-01, 6.373774e+00
1090, 2.043721e+00, 7.500000e-01, 6.373774e+00
1091, 2.043787e+00, 7.500000e-01, 6.373774e+00
1092, 2.043852e+00, 7.500000e-01, 6.373774e+00
1093, 2.043917e+00, 7.500000e-01, 6.373774e+00
1094, 2.043982e+00, 7.500000e-01, 6.373774e+00
1095, 2.044049e+00, 7.500000e-01, 6.373774e+00
1096, 2.044116e+00, 7.500000e-01, 6.373774e+00
1097, 2.044183e+00, 7.500000e-01, 6.373774e+00
1098, 2.044248e+00, 7.500000e-01, 6.373774e+00
1099, 2.044315e+00, 7.500000e-01, 6.373774e+00
1100, 2.044382e+00, 7.500000e-01, 6.373774e+00
1101, 2.044451e+00, 7.500000e-01, 6.373774e+00
1102, 2.044521e+00, 7.500000e-01, 6.373774e+00
1103, 2.044591e+00, 7.500000e-01, 6.373774e+00
1104, 2.044659e+00, 7.500000e-01, 6.373774e+00
1105, 2.044727e+00, 7.500000e-01, 6.373774e+00
1106, 2.044796e+00, 7.500000e-01, 6.373774e+00
1107, 2.044862e+00, 7.500000e-01, 6.373774e+00
1108, 2.044926e+00, 7.500000e-01, 6.373774e+00
1109, 2.044990e+00, 7.500000e-01, 6.373774e+00
1110, 2.045056e+00, 7.500000e-01, 6.373774e+00
1111, 2.045122e+00, 7.500000e-01, 6.373774e+00
1112, 2.045189e+00, 7.500000e-01, 6.373774e+00
1113, 2.045257e+00, 7.500000e-01, 6.373774e+00
1114, 2.045322e+00, 7.500000e-01, 6.373774e+00
1115, 2.045386e+00, 7.500000e-01, 6.373774e+00
1116, 2.045450e+00, 7.500000e-01, 6.373774e+00
1117, 2.045515e+00, 7.500000e-01, 6.373774e+00
1118, 2.045580e+00, 7.500000e-01, 6.373774e+00
1119, 2.045645e+00, 7.500000e-01, 6.373774e+00
1120, 2.045710e+00, 7.500000e-01, 6.373774e+00
1121, 2.045774e+00, 7.500000e-01, 6.373774e+00
1122, 2.045839e+00, 7.500000e-01, 6.373774e+00
1123, 2.045905e+00, 7.500000e-01, 6.373774e+00
1124, 2.045972e+00, 7.500000e-01, 6.373774e+00
1125, 2.046036e+00, 7.500000e-01, 6.373774e+00
1126, 2.046100e+00, 7.500000e-01, 6.373774e+00
1127, 2.046164e+00, 7.500000e-01, 6.373774e+00
1128, 2.046227e+00, 7.500000e-01, 6.373774e+00
1129, 2.046286e+00, 7.500000e-01, 6.373774e+00
1130, 2.046346e+00, 7.500000e-01, 6.373774e+00
1131, 2.046406e+00, 7.500000e-01, 6.373774e+00
1132, 2.046466e+00, 7.500000e-01, 6.373774e+00
1133, 2.046526e+00, 7.500000e-01, 6.373774e+00
1134, 2.046586e+00, 7.500000e-01, 6.373774e+00
1135, 2.046647e+00, 7.500000e-01, 6.373774e+00
1136, 2.046707e+00, 7.500000e-01, 6.373774e+00
1137, 2.046768e+00, 7.500000e-01, 6.373774e+00
1138, 2.046828e+00, 7.500000e-01, 6.373774e+00
1139, 2.046885e+00, 7.500000e-01, 6.373774e+00
1140, 2.046942e+00, 7.500000e-01, 6.373774e+00
1141, 2.046999e+00, 7.500000e-01, 6.373774e+00
1142, 2.047056e+00, 7.500000e-01, 6.373774e+00
1143, 2.047116e+00, 7.500000e-01, 6.373774e+00
1144, 2.047179e+00, 7.500000e-01, 6.373774e+00
1145, 2.047241e+00, 7.500000e-01, 6.373774e+00
1146, 2.047299e+00, 7.500000e-01, 6.373774e+00
1147, 2.047357e+00, 7.500000e-01, 6.373774e+00
1148, 2.047414e+00, 7.500000e-01, 6.373774e+00
1149, 2.047472e+00, 7.500000e-01, 6.373774e+00
1150, 2.047529e+00, 7.500000e-01, 6.373774e+00
1151, 2.047586e+00, 7.500000e-01, 6.373774e+00
1152, 2.047644e+00, 7.500000e-01, 6.373774e+00
1153, 2.047702e+00, 7.500000e-01, 6.373774e+00
1154, 2.047760e+00, 7.500000e-01, 6.373774e+00
1155, 2.047818e+00, 7.500000e-01, 6.373774e+00
1156, 2.047878e+00, 7.500000e-01, 6.373774e+00
1157, 2.047938e+00, 7.500000e-01, 6.373774e+00
1158, 2.047999e+00, 7.500000e-01, 6.373774e+00
1159, 2.048059e+00, 7.500000e-01, 6.373774e+00
1160, 2.048120e+00, 7.500000e-01, 6.373774e+00
1161, 2.048179e+00, 7.500000e-01, 6.373774e+00
1162, 2.048238e+00, 7.500000e-01, 6.373774e+00
1163, 2.048297e+00, 7.500000e-01, 6.373774e+00
1164, 2.048355e+00, 7.500000e-01, 6.373774e+00
1165, 2.048411e+00, 7.500000e-01, 6.373774e+00
1166, 2.048468e+00, 7.500000e-01, 6.373774e+00
1167, 2.048525e+00, 7.500000e-01, 6.373774e+00
1168, 2.048581e+00, 7.500000e-01, 6.373774e+00
1169, 2.048637e+00, 7.500000e-01, 6.373774e+00
1170, 2.048693e+00, 7.500000e-01, 6.373774e+00
1171, 2.048749e+00, 7.500000e-01, 6.373774e+00
1172, 2.048804e+00, 7.500000e-01, 6.373774e+00
1173, 2.048858e+00, 7.500000e-01, 6.373774e+00
1174, 2.048912e+00, 7.500000e-01, 6.373774e+00
1175, 2.048966e+00, 7.500000e-01, 6.373774e+00
1176, 2.049021e+00, 7.500000e-01, 6.373774e+00
1177, 2.049075e+00, 7.500000e-01, 6.373774e+00
1178, 2.049130e+00, 7.500000e-01, 6.373774e+00
1179, 2.049186e+00, 7.500000e-01, 6.373774e+00
1180, 2.049244e+00, 7.500000e-01, 6.373774e+00
1181, 2.049303e+00, 7.500000e-01, 6.373774e+00
1182, 2.049358e+00, 7.500000e-01, 6.373774e+00
1183, 2.049413e+00, 7.500000e-01, 6.373774e+00
1184, 2.049470e+00, 7.500000e-01, 6.373774e+00
1185, 2.049529e+00, 7.500000e-01, 6.373774e+00
1186, 2.049590e+00, 7.500000e-01, 6.373774e+00
1187, 2.049652e+00, 7.500000e-01, 6.373774e+00
1188, 2.049712e+00, 7.500000e-01, 6.373774e+00
1189, 2.049772e+00, 7.500000e-01, 6.373774e+00
1190, 2.049832e+00, 7.500000e-01, 6.373774e+00
1191, 2.049893e+00, 7.500000e-01, 6.373774e+00
1192, 2.049951e+00, 7.500000e-01, 6.373774e+00
1193, 2.050009e+00, 7.500000e-01, 6.373774e+00
1194, 2.050067e+00, 7.500000e-01, 6.373774e+00
1195, 2.050124e+00, 7.500000e-01, 6.373774e+00
1196, 2.050179e+00, 7.500000e-01, 6.373774e+00
1197, 2.050235e+00, 7.500000e-01, 6.373774e+00
1198, 2.050292e+00, 7.500000e-01, 6.373774e+00
1199, 2.050348e+00, 7.500000e-01, 6.373774e+00
1200, 2.050405e+00, 7.500000e-01, 6.373774e+00
1201, 2.050461e+00, 7.500000e-01, 6.373774e+00
1202, 2.050517e+00, 7.500000e-01, 6.373774e+00
1203, 2.050572e+00, 7.500000e-01, 6.373774e+00
1204, 2.050628e+00, 7.500000e-01, 6.373774e+00
1205, 2.050685e+00, 7.500000e-01, 6.373774e+00
1206, 2.050743e+00, 7.500000e-01, 6.373774e+00
1207, 2.050802e+00, 7.500000e-01, 6.373774e+00
1208, 2.050860e+00, 7.500000e-01, 6.373774e+00
1209, 2.050915e+00, 7.500000e-01, 6.373774e+00
1210, 2.050970e+00, 7.500000e-01, 6.373774e+00
1211, 2.051025e+00, 7.500000e-01, 6.373774e+00
1212, 2.051080e+00, 7.500000e-01, 6.373774e+00
1213, 2.051136e+00, 7.500000e-01, 6.373774e+00
1214, 2.051192e+00, 7.500000e-01, 6.373774e+00
1215, 2.051250e+00, 7.500000e-01, 6.373774e+00
1216, 2.051307e+00, 7.500000e-01, 6.373774e+00
1217, 2.051365e+00, 7.500000e-01, 6.373774e+00
1218, 2.051423e+00, 7.500000e-01, 6.373774e+00
1219, 2.051480e+00, 7.500000e-01, 6.373774e+00
1220, 2.051537e+00, 7.500000e-01, 6.373774e+00
1221, 2.051594e+00, 7.500000e-01, 6.373774e+00
1222, 2.051650e+00, 7.500000e-01, 6.373774e+00
1223, 2.051706e+00, 7.500000e-01, 6.373774e+00
1224, 2.051758e+00, 7.500000e-01, 6.373774e+00
1225, 2.051810e+00, 7.500000e-01, 6.373774e+00
1226, 2.051862e+00, 7.500000e-01, 6.373774e+00
1227, 2.051915e+00, 7.500000e-01, 6.373774e+00
1228, 2.051968e+00, 7.500000e-01, 6.373774e+00
1229, 2.052022e+00, 7.500000e-01, 6.373774e+00
1230, 2.052076e+00, 7.500000e-01, 6.373774e+00
1231, 2.052132e+00, 7.500000e-01, 6.373774e+00
1232, 2.052186e+00, 7.500000e-01, 6.373774e+00
1233, 2.052241e+00, 7.500000e-01, 6.373774e+00
1234, 2.052296e+00, 7.500000e-01, 6.373774e+00
1235, 2.052353e+00, 7.500000e-01, 6.373774e+00
1236, 2.052409e+00, 7.500000e-01, 6.373774e+00
1237, 2.052465e+00, 7.500000e-01, 6.373774e+00
1238, 2.052523e+00, 7.500000e-01, 6.373774e+00
1239, 2.052581e+00, 7.500000e-01, 6.373774e+00
1240, 2.052640e+00, 7.500000e-01, 6.373774e+00
1241, 2.052700e+00, 7.500000e-01, 6.373774e+00
1242, 2.052761e+00, 7.500000e-01, 6.373774e+00
1243, 2.052821e+00, 7.500000e-01, 6.373774e+00
1244, 2.052882e+00, 7.500000e-01, 6.373774e+00
1245, 2.052943e+00, 7.500000e-01, 6.373774e+00
1246, 2.053004e+00, 7.500000e-01, 6.373774e+00
1247, 2.053062e+00, 7.500000e-01, 6.373774e+00
1248, 2.053117e+00, 7.500000e-01, 6.373774e+00
1249, 2.053173e+00, 7.500000e-01, 6.373774e+00
1250, 2.053225e+00, 7.500000e-01, 6.373774e+00
1251, 2.053278e+00, 7.500000e-01, 6.373774e+00
1252, 2.053332e+00, 7.500000e-01, 6.373774e+00
1253, 2.053386e+00, 7.500000e-01, 6.373774e+00
1254, 2.053441e+00, 7.500000e-01, 6.373774e+00
1255, 2.053495e+00, 7.500000e-01, 6.373774e+00
1256, 2.053548e+00, 7.500000e-01, 6.373774e+00
1257, 2.053601e+00, 7.500000e-01, 6.373774e+00
1258, 2.053653e+00, 7.500000e-01, 6.373774e+00
1259, 2.053706e+00, 7.500000e-01, 6.373774e+00
1260, 2.053759e+00, 7.500000e-01, 6.373774e+00
1261, 2.053810e+00, 7.500000e-01, 6.373774e+00
1262, 2.053861e+00, 7.500000e-01, 6.373774e+00
1263, 2.053912e+00, 7.500000e-01, 6.373774e+00
1264, 2.053963e+00, 7.500000e-01, 6.373774e+00
1265, 2.054013e+00, 7.500000e-01, 6.373774e+00
1266, 2.054063e+00, 7.500000e-01, 6.373774e+00
1267, 2.054111e+00, 7.500000e-01, 6.373774e+00
1268, 2.054159e+00, 7.500000e-01, 6.373774e+00
1269, 2.054207e+00, 7.500000e-01, 6.373774e+00
1270, 2.054256e+00, 7.500000e-01, 6.373774e+00
1271, 2.054305e+00, 7.500000e-01, 6.373774e+00
1272, 2.054354e+00, 7.500000e-01, 6.373774e+00
1273, 2.054404e+00, 7.500000e-01, 6.373774e+00
1274, 2.054454e+00, 7.500000e-01, 6.373774e+00
1275, 2.054504e+00, 7.500000e-01, 6.373774e+00
1276, 2.054553e+00, 7.500000e-01, 6.373774e+00
1277, 2.054601e+00, 7.500000e-01, 6.373774e+00
1278, 2.054649e+00, 7.500000e-01, 6.373774e+00
1279, 2.054698e+00, 7.500000e-01, 6.373774e+00
1280, 2.054745e+00, 7.500000e-01, 6.373774e+00
1281, 2.054790e+00, 7.500000e-01, 6.373774e+00
1282, 2.054834e+00, 7.500000e-01, 6.373774e+00
1283, 2.054878e+00, 7.500000e-01, 6.373774e+00
1284, 2.054923e+00, 7.500000e-01, 6.373774e+00
1285, 2.054966e+00, 7.500000e-01, 6.373774e+00
1286, 2.055008e+00, 7.500000e-01, 6.373774e+00
1287, 2.055050e+00, 7.500000e-01, 6.373774e+00
1288, 2.055092e+00, 7.500000e-01, 6.373774e+00
1289, 2.055134e+00, 7.500000e-01, 6.373774e+00
1290, 2.055175e+00, 7.500000e-01, 6.373774e+00
1291, 2.055217e+00, 7.500000e-01, 6.373774e+00
1292, 2.055259e+00, 7.500000e-01, 6.373774e+00
1293, 2.055301e+00, 7.500000e-01, 6.373774e+00
1294, 2.055344e+00, 7.500000e-01, 6.373774e+00
1295, 2.055388e+00, 7.500000e-01, 6.373774e+00
1296, 2.055432e+00, 7.500000e-01, 6.373774e+00
1297, 2.055477e+00, 7.500000e-01, 6.373774e+00
1298, 2.055523e+00, 7.500000e-01, 6.373774e+00
1299, 2.055569e+00, 7.500000e-01, 6.373774e+00
1300, 2.055615e+00, 7.500000e-01, 6.373774e+00
1301, 2.055661e+00, 7.500000e-01, 6.373774e+00
1302, 2.055706e+00, 7.500000e-01, 6.373774e+00
1303, 2.055752e+00, 7.500000e-01, 6.373774e+00
1304, 2.055797e+00, 7.500000e-01, 6.373774e+00
1305, 2.055843e+00, 7.500000e-01, 6.373774e+00
1306, 2.055888e+00, 7.500000e-01, 6.373774e+00
1307, 2.055933e+00, 7.500000e-01, 6.373774e+00
1308, 2.055978e+00, 7.500000e-01, 6.373774e+00
1309, 2.056023e+00, 7.500000e-01, 6.373774e+00
1310, 2.056068e+00, 7.500000e-01, 6.373774e+00
1311, 2.056114e+00, 7.500000e-01, 6.373774e+00
1312, 2.056160e+00, 7.500000e-01, 6.373774e+00
1313, 2.056206e+00, 7.500000e-01, 6.373774e+00
1314, 2.056250e+00, 7.500000e-01, 6.373774e+00
1315, 2.056295e+00, 7.500000e-01, 6.373774e+00
1316, 2.056347e+00, 7.500000e-01, 6.373774e+00
1317, 2.056384e+00, 7.500000e-01, 6.373774e+00
1318, 2.056429e+00, 7.500000e-01, 6.373774e+00
1319, 2.056476e+00, 7.500000e-01, 6.373774e+00
1320, 2.056522e+00, 7.500000e-01, 6.373774e+00
1321, 2.056568e+00, 7.500000e-01, 6.373774e+00
1322, 2.056614e+00, 7.500000e-01, 6.373774e+00
1323, 2.056660e+00, 7.500000e-01, 6.373774e+00
1324, 2.056706e+00, 7.500000e-01, 6.373774e+00
1325, 2.056753e+00, 7.500000e-01, 6.373774e+00
1326, 2.056799e+00, 7.500000e-01, 6.373774e+00
1327, 2.056845e+00, 7.500000e-01, 6.373774e+00
1328, 2.056887e+00, 7.500000e-01, 6.373774e+00
1329, 2.056928e+00, 7.500000e-01, 6.373774e+00
1330, 2.056969e+00, 7.500000e-01, 6.373774e+00
1331, 2.057011e+00, 7.500000e-01, 6.373774e+00
1332, 2.057054e+00, 7.500000e-01, 6.373774e+00
1333, 2.057097e+00, 7.500000e-01, 6.373774e+00
1334, 2.057140e+00, 7.500000e-01, 6.373774e+00
1335, 2.057181e+00, 7.500000e-01, 6.373774e+00
1336, 2.057222e+00, 7.500000e-01, 6.373774e+00
1337, 2.057263e+00, 7.500000e-01, 6.373774e+00
1338, 2.057304e+00, 7.500000e-01, 6.373774e+00
1339, 2.057345e+00, 7.500000e-01, 6.373774e+00
1340, 2.057386e+00, 7.500000e-01, 6.373774e+00
1341, 2.057426e+00, 7.500000e-01, 6.373774e+00
1342, 2.057466e+00, 7.500000e-01, 6.373774e+00
1343, 2.057506e+00, 7.500000e-01, 6.373774e+00
1344, 2.057544e+00, 7.500000e-01, 6.373774e+00
1345, 2.057584e+00, 7.500000e-01, 6.373774e+00
1346, 2.057624e+00, 7.500000e-01, 6.373774e+00
1347, 2.057664e+00, 7.500000e-01, 6.373774e+00
1348, 2.057703e+00, 7.500000e-01, 6.373774e+00
1349, 2.057743e+00, 7.500000e-01, 6.373774e+00
1350, 2.057783e+00, 7.500000e-01, 6.373774e+00
1351, 2.057823e+00, 7.500000e-01, 6.373774e+00
1352, 2.057862e+00, 7.500000e-01, 6.373774e+00
1353, 2.057900e+00, 7.500000e-01, 6.373774e+00
1354, 2.057940e+00, 7.500000e-01, 6.373774e+00
1355, 2.057978e+00, 7.500000e-01, 6.373774e+00
1356, 2.058017e+00, 7.500000e-01, 6.373774e+00
1357, 2.058055e+00, 7.500000e-01, 6.373774e+00
1358, 2.058094e+00, 7.500000e-01, 6.373774e+00
1359, 2.058133e+00, 7.500000e-01, 6.373774e+00
1360, 2.058171e+00, 7.500000e-01, 6.373774e+00
1361, 2.058209e+00, 7.500000e-01, 6.373774e+00
1362, 2.058247e+00, 7.500000e-01, 6.373774e+00
1363, 2.058285e+00, 7.500000e-01, 6.373774e+00
1364, 2.058321e+00, 7.500000e-01, 6.373774e+00
1365, 2.058357e+00, 7.500000e-01, 6.373774e+00
1366, 2.058394e+00, 7.500000e-01, 6.373774e+00
1367, 2.058429e+00, 7.500000e-01, 6.373774e+00
1368, 2.058464e+00, 7.500000e-01, 6.373774e+00
1369, 2.058495e+00, 7.500000e-01, 6.373774e+00
1370, 2.058527e+00, 7.500000e-01, 6.373774e+00
1371, 2.058557e+00, 7.500000e-01, 6.373774e+00
1372, 2.058587e+00, 7.500000e-01, 6.373774e+00
1373, 2.058616e+00, 7.500000e-01, 6.373774e+00
1374, 2.058647e+00, 7.500000e-01, 6.373774e+00
1375, 2.058677e+00, 7.500000e-01, 6.373774e+00
1376, 2.058708e+00, 7.500000e-01, 6.373774e+00
1377, 2.058739e+00, 7.500000e-01, 6.373774e+00
1378, 2.058770e+00, 7.500000e-01, 6.373774e+00
1379, 2.058801e+00, 7.500000e-01, 6.373774e+00
1380, 2.058832e+00, 7.500000e-01, 6.373774e+00
1381, 2.058864e+00, 7.500000e-01, 6.373774e+00
1382, 2.058896e+00, 7.500000e-01, 6.373774e+00
1383, 2.058927e+00, 7.500000e-01, 6.373774e+00
1384, 2.058959e+00, 7.500000e-01, 6.373774e+00
1385, 2.058991e+00, 7.500000e-01, 6.373774e+00
1386, 2.059023e+00, 7.500000e-01, 6.373774e+00
1387, 2.059054e+00, 7.500000e-01, 6.373774e+00
1388, 2.059086e+00, 7.500000e-01, 6.373774e+00
1389, 2.059117e+00, 7.500000e-01, 6.373774e+00
1390, 2.059149e+00, 7.500000e-01, 6.373774e+00
1391, 2.059182e+00, 7.500000e-01, 6.373774e+00
1392, 2.059215e+00, 7.500000e-01, 6.373774e+00
1393, 2.059249e+00, 7.500000e-01, 6.373774e+00
1394, 2.059283e+00, 7.500000e-01, 6.373774e+00
1395, 2.059314e+00, 7.500000e-01, 6.373774e+00
1396, 2.059345e+00, 7.500000e-01, 6.373774e+00
1397, 2.059376e+00, 7.500000e-01, 6.373774e+00
1398, 2.059408e+00, 7.500000e-01, 6.373774e+00
1399, 2.059440e+00, 7.500000e-01, 6.373774e+00
1400, 2.059474e+00, 7.500000e-01, 6.373774e+00
1401, 2.059510e+00, 7.500000e-01, 6.373774e+00
1402, 2.059548e+00, 7.500000e-01, 6.373774e+00
1403, 2.059584e+00, 7.500000e-01, 6.373774e+00
1404, 2.059621e+00, 7.500000e-01, 6.373774e+00
1405, 2.059655e+00, 7.500000e-01, 6.373774e+00
1406, 2.059687e+00, 7.500000e-01, 6.373774e+00
1407, 2.059719e+00, 7.500000e-01, 6.373774e+00
1408, 2.059752e+00, 7.500000e-01, 6.373774e+00
1409, 2.059786e+00, 7.500000e-01, 6.373774e+00
1410, 2.059820e+00, 7.500000e-01, 6.373774e+00
1411, 2.059854e+00, 7.500000e-01, 6.373774e+00
1412, 2.059890e+00, 7.500000e-01, 6.373774e+00
1413, 2.059925e+00, 7.500000e-01, 6.373774e+00
1414, 2.059961e+00, 7.500000e-01, 6.373774e+00
1415, 2.059996e+00, 7.500000e-01, 6.373774e+00
1416, 2.060031e+00, 7.500000e-01, 6.373774e+00
1417, 2.060065e+00, 7.500000e-01, 6.373774e+00
1418, 2.060100e+00, 7.500000e-01, 6.373774e+00
1419, 2.060136e+00, 7.500000e-01, 6.373774e+00
1420, 2.060172e+00, 7.500000e-01, 6.373774e+00
1421, 2.060207e+00, 7.500000e-01, 6.373774e+00
1422, 2.060241e+00, 7.500000e-01, 6.373774e+00
1423, 2.060276e+00, 7.500000e-01, 6.373774e+00
1424, 2.060309e+00, 7.500000e-01, 6.373774e+00
1425, 2.060342e+00, 7.500000e-01, 6.373774e+00
1426, 2.060376e+00, 7.500000e-01, 6.373774e+00
1427, 2.060410e+00, 7.500000e-01, 6.373774e+00
1428, 2.060443e+00, 7.500000e-01, 6.373774e+00
1429, 2.060477e+00, 7.500000e-01, 6.373774e+00
1430, 2.060510e+00, 7.500000e-01, 6.373774e+00
1431, 2.060543e+00, 7.500000e-01, 6.373774e+00
1432, 2.060577e+00, 7.500000e-01, 6.373774e+00
1433, 2.060611e+00, 7.500000e-01, 6.373774e+00
1434, 2.060644e+00, 7.500000e-01, 6.373774e+00
1435, 2.060677e+00, 7.500000e-01, 6.373774e+00
1436, 2.060709e+00, 7.500000e-01, 6.373774e+00
1437, 2.060740e+00, 7.500000e-01, 6.373774e+00
1438, 2.060770e+00, 7.500000e-01, 6.373774e+00
1439, 2.060801e+00, 7.500000e-01, 6.373774e+00
1440, 2.060831e+00, 7.500000e-01, 6.373774e+00
1441, 2.060862e+00, 7.500000e-01, 6.373774e+00
1442, 2.060892e+00, 7.500000e-01, 6.373774e+00
1443, 2.060922e+00, 7.500000e-01, 6.373774e+00
1444, 2.060952e+00, 7.500000e-01, 6.373774e+00
1445, 2.060981e+00, 7.500000e-01, 6.373774e+00
1446, 2.061008e+00, 7.500000e-01, 6.373774e+00
1447, 2.061034e+00, 7.500000e-01, 6.373774e+00
1448, 2.061060e+00, 7.500000e-01, 6.373774e+00
1449, 2.061088e+00, 7.500000e-01, 6.373774e+00
1450, 2.061115e+00, 7.500000e-01, 6.373774e+00
1451, 2.061141e+00, 7.500000e-01, 6.373774e+00
1452, 2.061166e+00, 7.500000e-01, 6.373774e+00
1453, 2.061191e+00, 7.500000e-01, 6.373774e+00
1454, 2.061215e+00, 7.500000e-01, 6.373774e+00
1455, 2.061240e+00, 7.500000e-01, 6.373774e+00
1456, 2.061266e+00, 7.500000e-01, 6.373774e+00
1457, 2.061292e+00, 7.500000e-01, 6.373774e+00
1458, 2.061317e+00, 7.500000e-01, 6.373774e+00
1459, 2.061343e+00, 7.500000e-01, 6.373774e+00
1460, 2.061368e+00, 7.500000e-01, 6.373774e+00
1461, 2.061392e+00, 7.500000e-01, 6.373774e+00
1462, 2.061415e+00, 7.500000e-01, 6.373774e+00
1463, 2.061438e+00, 7.500000e-01, 6.373774e+00
1464, 2.061456e+00, 7.500000e-01, 6.373774e+00
1465, 2.061475e+00, 7.500000e-01, 6.373774e+00
1466, 2.061494e+00, 7.500000e-01, 6.373774e+00
1467, 2.061514e+00, 7.500000e-01, 6.373774e+00
1468, 2.061535e+00, 7.500000e-01, 6.373774e+00
1469, 2.061557e+00, 7.500000e-01, 6.373774e+00
1470, 2.061577e+00, 7.500000e-01, 6.373774e+00
1471, 2.061595e+00, 7.500000e-01, 6.373774e+00
1472, 2.061614e+00, 7.500000e-01, 6.373774e+00
1473, 2.061633e+00, 7.500000e-01, 6.373774e+00
1474, 2.061654e+00, 7.500000e-01, 6.373774e+00
1475, 2.061674e+00, 7.500000e-01, 6.373774e+00
1476, 2.061695e+00, 7.500000e-01, 6.373774e+00
1477, 2.061717e+00, 7.500000e-01, 6.373774e+00
1478, 2.061739e+00, 7.500000e-01, 6.373774e+00
1479, 2.061761e+00, 7.500000e-01, 6.373774e+00
1480, 2.061784e+00, 7.500000e-01, 6.373774e+00
1481, 2.061808e+00, 7.500000e-01, 6.373774e+00
1482, 2.061831e+00, 7.500000e-01, 6.373774e+00
1483, 2.061854e+00, 7.500000e-01, 6.373774e+00
1484, 2.061877e+00, 7.500000e-01, 6.373774e+00
1485, 2.061900e+00, 7.500000e-01, 6.373774e+00
1486, 2.061922e+00, 7.500000e-01, 6.373774e+00
1487, 2.061945e+00, 7.500000e-01, 6.373774e+00
1488, 2.061968e+00, 7.500000e-01, 6.373774e+00
1489, 2.061991e+00, 7.500000e-01, 6.373774e+00
1490, 2.062015e+00, 7.500000e-01, 6.373774e+00
1491, 2.062039e+00, 7.500000e-01, 6.373774e+00
1492, 2.062062e+00, 7.500000e-01, 6.373774e+00
1493, 2.062085e+00, 7.500000e-01, 6.373774e+00
1494, 2.062108e+00, 7.500000e-01, 6.373774e+00
1495, 2.062131e+00, 7.500000e-01, 6.373774e+00
1496, 2.062154e+00, 7.500000e-01, 6.373774e+00
1497, 2.062177e+00, 7.500000e-01, 6.373774e+00
1498, 2.062201e+00, 7.500000e-01, 6.373774e+00
1499, 2.062224e+00, 7.500000e-01, 6.373774e+00
1500, 2.062248e+00, 7.500000e-01, 6.373774e+00
1501, 2.062271e+00, 7.500000e-01, 6.373774e+00
1502, 2.062294e+00, 7.500000e-01, 6.373774e+00
1503, 2.062316e+00, 7.500000e-01, 6.373774e+00
1504, 2.062339e+00, 7.500000e-01, 6.373774e+00
1505, 2.062361e+00, 7.500000e-01, 6.373774e+00
1506, 2.062383e+00, 7.500000e-01, 6.373774e+00
1507, 2.062404e+00, 7.500000e-01, 6.373774e+00
1508, 2.062425e+00, 7.500000e-01, 6.373774e+00
1509, 2.062447e+00, 7.500000e-01, 6.373774e+00
1510, 2.062468e+00, 7.500000e-01, 6.373774e+00
1511, 2.062489e+00, 7.500000e-01, 6.373774e+00
1512, 2.062510e+00, 7.500000e-01, 6.373774e+00
1513, 2.062530e+00, 7.500000e-01, 6.373774e+00
1514, 2.062550e+00, 7.500000e-01, 6.373774e+00
1515, 2.062569e+00, 7.500000e-01, 6.373774e+00
1516, 2.062588e+00, 7.500000e-01, 6.373774e+00
1517, 2.062607e+00, 7.500000e-01, 6.373774e+00
1518, 2.062626e+00, 7.500000e-01, 6.373774e+00
1519, 2.062646e+00, 7.500000e-01, 6.373774e+00
1520, 2.062665e+00, 7.500000e-01, 6.373774e+00
1521, 2.062684e+00, 7.500000e-01, 6.373774e+00
1522, 2.062703e+00, 7.500000e-01, 6.373774e+00
1523, 2.062723e+00, 7.500000e-01, 6.373774e+00
1524, 2.062742e+00, 7.500000e-01, 6.373774e+00
1525, 2.062761e+00, 7.500000e-01, 6.373774e+00
1526, 2.062780e+00, 7.500000e-01, 6.373774e+00
1527, 2.062799e+00, 7.500000e-01, 6.373774e+00
1528, 2.062818e+00, 7.500000e-01, 6.373774e+00
1529, 2.062837e+00, 7.500000e-01, 6.373774e+00
1530, 2.062856e+00, 7.500000e-01, 6.373774e+00
1531, 2.062874e+00, 7.500000e-01, 6.373774e+00
1532, 2.062892e+00, 7.500000e-01, 6.373774e+00
1533, 2.062909e+00, 7.500000e-01, 6.373774e+00
1534, 2.062926e+00, 7.500000e-01, 6.373774e+00
1535, 2.062942e+00, 7.500000e-01, 6.373774e+00
1536, 2.062959e+00, 7.500000e-01, 6.373774e+00
1537, 2.062974e+00, 7.500000e-01, 6.373774e+00
1538, 2.062989e+00, 7.500000e-01, 6.373774e+00
1539, 2.063003e+00, 7.500000e-01, 6.373774e+00
1540, 2.063018e+00, 7.500000e-01, 6.373774e+00
1541, 2.063032e+00, 7.500000e-01, 6.373774e+00
1542, 2.063046e+00, 7.500000e-01, 6.373774e+00
1543, 2.063060e+00, 7.500000e-01, 6.373774e+00
1544, 2.063074e+00, 7.500000e-01, 6.373774e+00
1545, 2.063088e+00, 7.500000e-01, 6.373774e+00
1546, 2.063102e+00, 7.500000e-01, 6.373774e+00
1547, 2.063116e+00, 7.500000e-01, 6.373774e+00
1548, 2.063130e+00, 7.500000e-01, 6.373774e+00
1549, 2.063144e+00, 7.500000e-01, 6.373774e+00
1550, 2.063158e+00, 7.500000e-01, 6.373774e+00
1551, 2.063172e+00, 7.500000e-01, 6.373774e+00
1552, 2.063187e+00, 7.500000e-01, 6.373774e+00
1553, 2.063201e+00, 7.500000e-01, 6.373774e+00
1554, 2.063215e+00, 7.500000e-01, 6.373774e+00
1555, 2.063229e+00, 7.500000e-01, 6.373774e+00
1556, 2.063242e+00, 7.500000e-01, 6.373774e+00
1557, 2.063255e+00, 7.500000e-01, 6.373774e+00
1558, 2.063269e+00, 7.500000e-01, 6.373774e+00
1559, 2.063283e+00, 7.500000e-01, 6.373774e+00
1560, 2.063295e+00, 7.500000e-01, 6.373774e+00
1561, 2.063307e+00, 7.500000e-01, 6.373774e+00
1562, 2.063316e+00, 7.500000e-01, 6.373774e+00
1563, 2.063324e+00, 7.500000e-01, 6.373774e+00
1564, 2.063332e+00, 7.500000e-01, 6.373774e+00
1565, 2.063341e+00, 7.500000e-01, 6.373774e+00
1566, 2.063349e+00, 7.500000e-01, 6.373774e+00
1567, 2.063358e+00, 7.500000e-01, 6.373774e+00
1568, 2.063368e+00, 7.500000e-01, 6.373774e+00
1569, 2.063378e+00, 7.500000e-01, 6.373774e+00
1570, 2.063388e+00, 7.500000e-01, 6.373774e+00
1571, 2.063399e+00, 7.500000e-01, 6.373774e+00
1572, 2.063408e+00, 7.500000e-01, 6.373774e+00
1573, 2.063418e+00, 7.500000e-01, 6.373774e+00
1574, 2.063427e+00, 7.500000e-01, 6.373774e+00
1575, 2.063435e+00, 7.500000e-01, 6.373774e+00
1576, 2.063443e+00, 7.500000e-01, 6.373774e+00
1577, 2.063451e+00, 7.500000e-01, 6.373774e+00
1578, 2.063459e+00, 7.500000e-01, 6.373774e+00
1579, 2.063467e+00, 7.500000e-01, 6.373774e+00
1580, 2.063475e+00, 7.500000e-01, 6.373774e+00
1581, 2.063484e+00, 7.500000e-01, 6.373774e+00
1582, 2.063493e+00, 7.500000e-01, 6.373774e+00
1583, 2.063503e+00, 7.500000e-01, 6.373774e+00
1584, 2.063512e+00, 7.500000e-01, 6.373774e+00
1585, 2.063523e+00, 7.500000e-01, 6.373774e+00
1586, 2.063533e+00, 7.500000e-01, 6.373774e+00
1587, 2.063544e+00, 7.500000e-01, 6.373774e+00
1588, 2.063554e+00, 7.500000e-01, 6.373774e+00
1589, 2.063565e+00, 7.500000e-01, 6.373774e+00
1590, 2.063576e+00, 7.500000e-01, 6.373774e+00
1591, 2.063587e+00, 7.500000e-01, 6.373774e+00
1592, 2.063599e+00, 7.500000e-01, 6.373774e+00
1593, 2.063610e+00, 7.500000e-01, 6.373774e+00
1594, 2.063622e+00, 7.500000e-01, 6.373774e+00
1595, 2.063635e+00, 7.500000e-01, 6.373774e+00
1596, 2.063648e+00, 7.500000e-01, 6.373774e+00
1597, 2.063662e+00, 7.500000e-01, 6.373774e+00
1598, 2.063678e+00, 7.500000e-01, 6.373774e+00
1599, 2.063698e+00, 7.500000e-01, 6.373774e+00
1600, 2.063704e+00, 7.500000e-01, 6.373774e+00
1601, 2.063715e+00, 7.500000e-01, 6.373774e+00
1602, 2.063727e+00, 7.500000e-01, 6.373774e+00
1603, 2.063739e+00, 7.500000e-01, 6.373774e+00
1604, 2.063750e+00, 7.500000e-01, 6.373774e+00
1605, 2.063760e+00, 7.500000e-01, 6.373774e+00
1606, 2.063769e+00, 7.500000e-01, 6.373774e+00
1607, 2.063778e+00, 7.500000e-01, 6.373774e+00
1608, 2.063787e+00, 7.500000e-01, 6.373774e+00
1609, 2.063793e+00, 7.500000e-01, 6.373774e+00
1610, 2.063799e+00, 7.500000e-01, 6.373774e+00
1611, 2.063805e+00, 7.500000e-01, 6.373774e+00
1612, 2.063811e+00, 7.500000e-01, 6.373774e+00
1613, 2.063817e+00, 7.500000e-01, 6.373774e+00
1614, 2.063823e+00, 7.500000e-01, 6.373774e+00
1615, 2.063830e+00, 7.500000e-01, 6.373774e+00
1616, 2.063836e+00, 7.500000e-01, 6.373774e+00
1617, 2.063843e+00, 7.500000e-01, 6.373774e+00
1618, 2.063851e+00, 7.500000e-01, 6.373774e+00
1619, 2.063858e+00, 7.500000e-01, 6.373774e+00
1620, 2.063865e+00, 7.500000e-01, 6.373774e+00
1621, 2.063873e+00, 7.500000e-01, 6.373774e+00
1622, 2.063881e+00, 7.500000e-01, 6.373774e+00
1623, 2.063889e+00, 7.500000e-01, 6.373774e+00
1624, 2.063897e+00, 7.500000e-01, 6.373774e+00
1625, 2.063906e+00, 7.500000e-01, 6.373774e+00
1626, 2.063914e+00, 7.500000e-01, 6.373774e+00
1627, 2.063922e+00, 7.500000e-01, 6.373774e+00
1628, 2.063930e+00, 7.500000e-01, 6.373774e+00
1629, 2.063938e+00, 7.500000e-01, 6.373774e+00
1630, 2.063946e+00, 7.500000e-01, 6.373774e+00
1631, 2.063954e+00, 7.500000e-01, 6.373774e+00
1632, 2.063962e+00, 7.500000e-01, 6.373774e+00
1633, 2.063970e+00, 7.500000e-01, 6.373774e+00
1634, 2.063978e+00, 7.500000e-01, 6.373774e+00
1635, 2.063986e+00, 7.500000e-01, 6.373774e+00
1636, 2.063994e+00, 7.500000e-01, 6.373774e+00
1637, 2.064001e+00, 7.500000e-01, 6.373774e+00
1638, 2.064007e+00, 7.500000e-01, 6.373774e+00
1639, 2.064014e+00, 7.500000e-01, 6.373774e+00
1640, 2.064021e+00, 7.500000e-01, 6.373774e+00
1641, 2.064028e+00, 7.500000e-01, 6.373774e+00
1642, 2.064035e+00, 7.500000e-01, 6.373774e+00
1643, 2.064042e+00, 7.500000e-01, 6.373774e+00
1644, 2.064048e+00, 7.500000e-01, 6.373774e+00
1645, 2.064055e+00, 7.500000e-01, 6.373774e+00
1646, 2.064061e+00, 7.500000e-01, 6.373774e+00
1647, 2.064067e+00, 7.500000e-01, 6.373774e+00
1648, 2.064073e+00, 7.500000e-01, 6.373774e+00
1649, 2.064078e+00, 7.500000e-01, 6.373774e+00
1650, 2.064084e+00, 7.500000e-01, 6.373774e+00
1651, 2.064090e+00, 7.500000e-01, 6.373774e+00
1652, 2.064096e+00, 7.500000e-01, 6.373774e+00
1653, 2.064101e+00, 7.500000e-01, 6.373774e+00
1654, 2.064107e+00, 7.500000e-01, 6.373774e+00
1655, 2.064113e+00, 7.500000e-01, 6.373774e+00
1656, 2.064119e+00, 7.500000e-01, 6.373774e+00
1657, 2.064124e+00, 7.500000e-01, 6.373774e+00
1658, 2.064130e+00, 7.500000e-01, 6.373774e+00
1659, 2.064136e+00, 7.500000e-01, 6.373774e+00
1660, 2.064142e+00, 7.500000e-01, 6.373774e+00
1661, 2.064149e+00, 7.500000e-01, 6.373774e+00
1662, 2.064155e+00, 7.500000e-01, 6.373774e+00
1663, 2.064162e+00, 7.500000e-01, 6.373774e+00
1664, 2.064167e+00, 7.500000e-01, 6.373774e+00
1665, 2.064172e+00, 7.500000e-01, 6.373774e+00
1666, 2.064178e+00, 7.500000e-01, 6.373774e+00
1667, 2.064184e+00, 7.500000e-01, 6.373774e+00
1668, 2.064189e+00, 7.500000e-01, 6.373774e+00
1669, 2.064194e+00, 7.500000e-01, 6.373774e+00
1670, 2.064199e+00, 7.500000e-01, 6.373774e+00
1671, 2.064204e+00, 7.500000e-01, 6.373774e+00
1672, 2.064209e+00, 7.500000e-01, 6.373774e+00
1673, 2.064215e+00, 7.500000e-01, 6.373774e+00
1674, 2.064220e+00, 7.500000e-01, 6.373774e+00
1675, 2.064225e+00, 7.500000e-01, 6.373774e+00
1676, 2.064231e+00, 7.500000e-01, 6.373774e+00
1677, 2.064236e+00, 7.500000e-01, 6.373774e+00
1678, 2.064242e+00, 7.500000e-01, 6.373774e+00
1679, 2.064248e+00, 7.500000e-01, 6.373774e+00
1680, 2.064253e+00, 7.500000e-01, 6.373774e+00
1681, 2.064259e+00, 7.500000e-01, 6.373774e+00
1682, 2.064265e+00, 7.500000e-01, 6.373774e+00
1683, 2.064271e+00, 7.500000e-01, 6.373774e+00
1684, 2.064276e+00, 7.500000e-01, 6.373774e+00
1685, 2.064282e+00, 7.500000e-01, 6.373774e+00
1686, 2.064288e+00, 7.500000e-01, 6.373774e+00
1687, 2.064294e+00, 7.500000e-01, 6.373774e+00
1688, 2.064300e+00, 7.500000e-01, 6.373774e+00
1689, 2.064306e+00, 7.500000e-01, 6.373774e+00
1690, 2.064312e+00, 7.500000e-01, 6.373774e+00
1691, 2.064318e+00, 7.500000e-01, 6.373774e+00
1692, 2.064324e+00, 7.500000e-01, 6.373774e+00
1693, 2.064330e+00, 7.500000e-01, 6.373774e+00
1694, 2.064336e+00, 7.500000e-01, 6.373774e+00
1695, 2.064341e+00, 7.500000e-01, 6.373774e+00
1696, 2.064346e+00, 7.500000e-01, 6.373774e+00
1697, 2.064351e+00, 7.500000e-01, 6.373774e+00
1698, 2.064356e+00, 7.500000e-01, 6.373774e+00
1699, 2.064361e+00, 7.500000e-01, 6.373774e+00
1700, 2.064367e+00, 7.500000e-01, 6.373774e+00
1701, 2.064373e+00, 7.500000e-01, 6.373774e+00
1702, 2.064378e+00, 7.500000e-01, 6.373774e+00
1703, 2.064384e+00, 7.500000e-01, 6.373774e+00
1704, 2.064386e+00, 7.500000e-01, 6.373774e+00
1705, 2.064389e+00, 7.500000e-01, 6.373774e+00
1706, 2.064391e+00, 7.500000e-01, 6.373774e+00
1707, 2.064392e+00, 7.500000e-01, 6.373774e+00
1708, 2.064394e+00, 7.500000e-01, 6.373774e+00
1709, 2.064395e+00, 7.500000e-01, 6.373774e+00
1710, 2.064396e+00, 7.500000e-01, 6.373774e+00
1711, 2.064397e+00, 7.500000e-01, 6.373774e+00
1712, 2.064399e+00, 7.500000e-01, 6.373774e+00
1713, 2.064401e+00, 7.500000e-01, 6.373774e+00
1714, 2.064403e+00, 7.500000e-01, 6.373774e+00
1715, 2.064406e+00, 7.500000e-01, 6.373774e+00
1716, 2.064409e+00, 7.500000e-01, 6.373774e+00
1717, 2.064412e+00, 7.500000e-01, 6.373774e+00
1718, 2.064415e+00, 7.500000e-01, 6.373774e+00
1719, 2.064418e+00, 7.500000e-01, 6.373774e+00
1720, 2.064420e+00, 7.500000e-01, 6.373774e+00
1721, 2.064423e+00, 7.500000e-01, 6.373774e+00
1722, 2.064425e+00, 7.500000e-01, 6.373774e+00
1723, 2.064428e+00, 7.500000e-01, 6.373774e+00
1724, 2.064430e+00, 7.500000e-01, 6.373774e+00
1725, 2.064433e+00, 7.500000e-01, 6.373774e+00
1726, 2.064437e+00, 7.500000e-01, 6.373774e+00
1727, 2.064440e+00, 7.500000e-01, 6.373774e+00
1728, 2.064443e+00, 7.500000e-01, 6.373774e+00
1729, 2.064446e+00, 7.500000e-01, 6.373774e+00
1730, 2.064449e+00, 7.500000e-01, 6.373774e+00
1731, 2.064452e+00, 7.500000e-01, 6.373774e+00
1732, 2.064455e+00, 7.500000e-01, 6.373774e+00
1733, 2.064457e+00, 7.500000e-01, 6.373774e+00
1734, 2.064461e+00, 7.500000e-01, 6.373774e+00
1735, 2.064464e+00, 7.500000e-01, 6.373774e+00
1736, 2.064467e+00, 7.500000e-01, 6.373774e+00
1737, 2.064471e+00, 7.500000e-01, 6.373774e+00
1738, 2.064474e+00, 7.500000e-01, 6.373774e+00
1739, 2.064478e+00, 7.500000e-01, 6.373774e+00
1740, 2.064482e+00, 7.500000e-01, 6.373774e+00
1741, 2.064486e+00, 7.500000e-01, 6.373774e+00
1742, 2.064491e+00, 7.500000e-01, 6.373774e+00
1743, 2.064495e+00, 7.500000e-01, 6.373774e+00
1744, 2.064500e+00, 7.500000e-01, 6.373774e+00
1745, 2.064505e+00, 7.500000e-01, 6.373774e+00
1746, 2.064511e+00, 7.500000e-01, 6.373774e+00
1747, 2.064516e+00, 7.500000e-01, 6.373774e+00
1748, 2.064521e+00, 7.500000e-01, 6.373774e+00
1749, 2.064526e+00, 7.500000e-01, 6.373774e+00
1750, 2.064531e+00, 7.500000e-01, 6.373774e+00
1751, 2.064536e+00, 7.500000e-01, 6.373774e+00
1752, 2.064541e+00, 7.500000e-01, 6.373774e+00
1753, 2.064546e+00, 7.500000e-01, 6.373774e+00
1754, 2.064551e+00, 7.500000e-01, 6.373774e+00
1755, 2.064556e+00, 7.500000e-01, 6.373774e+00
1756, 2.064560e+00, 7.500000e-01, 6.373774e+00
1757, 2.064564e+00, 7.500000e-01, 6.373774e+00
1758, 2.064568e+00, 7.500000e-01, 6.373774e+00
1759, 2.064573e+00, 7.500000e-01, 6.373774e+00
1760, 2.064576e+00, 7.500000e-01, 6.373774e+00
1761, 2.064577e+00, 7.500000e-01, 6.373774e+00
1762, 2.064578e+00, 7.500000e-01, 6.373774e+00
1763, 2.064579e+00, 7.500000e-01, 6.373774e+00
1764, 2.064581e+00, 7.500000e-01, 6.373774e+00
1765, 2.064582e+00, 7.500000e-01, 6.373774e+00
1766, 2.064585e+00, 7.500000e-01, 6.373774e+00
1767, 2.064587e+00, 7.500000e-01, 6.373774e+00
1768, 2.064590e+00, 7.500000e-01, 6.373774e+00
1769, 2.064592e+00, 7.500000e-01, 6.373774e+00
1770, 2.064595e+00, 7.500000e-01, 6.373774e+00
1771, 2.064598e+00, 7.500000e-01, 6.373774e+00
1772, 2.064602e+00, 7.500000e-01, 6.373774e+00
1773, 2.064605e+00, 7.500000e-01, 6.373774e+00
1774, 2.064608e+00, 7.500000e-01, 6.373774e+00
1775, 2.064611e+00, 7.500000e-01, 6.373774e+00
1776, 2.064615e+00, 7.500000e-01, 6.373774e+00
1777, 2.064619e+00, 7.500000e-01, 6.373774e+00
1778, 2.064623e+00, 7.500000e-01, 6.373774e+00
1779, 2.064627e+00, 7.500000e-01, 6.373774e+00
1780, 2.064630e+00, 7.500000e-01, 6.373774e+00
1781, 2.064634e+00, 7.500000e-01, 6.373774e+00
1782, 2.064637e+00, 7.500000e-01, 6.373774e+00
1783, 2.064640e+00, 7.500000e-01, 6.373774e+00
1784, 2.064643e+00, 7.500000e-01, 6.373774e+00
1785, 2.064646e+00, 7.500000e-01, 6.373774e+00
1786, 2.064649e+00, 7.500000e-01, 6.373774e+00
1787, 2.064651e+00, 7.500000e-01, 6.373774e+00
1788, 2.064654e+00, 7.500000e-01, 6.373774e+00
1789, 2.064657e+00, 7.500000e-01, 6.373774e+00
1790, 2.064660e+00, 7.500000e-01, 6.373774e+00
1791, 2.064663e+00, 7.500000e-01, 6.373774e+00
1792, 2.064666e+00, 7.500000e-01, 6.373774e+00
1793, 2.064669e+00, 7.500000e-01, 6.373774e+00
1794, 2.064672e+00, 7.500000e-01, 6.373774e+00
1795, 2.064675e+00, 7.500000e-01, 6.373774e+00
1796, 2.064677e+00, 7.500000e-01, 6.373774e+00
1797, 2.064680e+00, 7.500000e-01, 6.373774e+00
1798, 2.064682e+00, 7.500000e-01, 6.373774e+00
1799, 2.064684e+00, 7.500000e-01, 6.373774e+00
1800, 2.064687e+00, 7.500000e-01, 6.373774e+00
1801, 2.064689e+00, 7.500000e-01, 6.373774e+00
1802, 2.064692e+00, 7.500000e-01, 6.373774e+00
1803, 2.064695e+00, 7.500000e-01, 6.373774e+00
1804, 2.064697e+00, 7.500000e-01, 6.373774e+00
1805, 2.064699e+00, 7.500000e-01, 6.373774e+00
1806, 2.064701e+00, 7.500000e-01, 6.373774e+00
1807, 2.064703e+00, 7.500000e-01, 6.373774e+00
1808, 2.064705e+00, 7.500000e-01, 6.373774e+00
1809, 2.064707e+00, 7.500000e-01, 6.373774e+00
1810, 2.064709e+00, 7.500000e-01, 6.373774e+00
1811, 2.064711e+00, 7.500000e-01, 6.373774e+00
1812, 2.064713e+00, 7.500000e-01, 6.373774e+00
1813, 2.064715e+00, 7.500000e-01, 6.373774e+00
1814, 2.064717e+00, 7.500000e-01, 6.373774e+00
1815, 2.064719e+00, 7.500000e-01, 6.373774e+00
1816, 2.064721e+00, 7.500000e-01, 6.373774e+00
1817, 2.064723e+00, 7.500000e-01, 6.373774e+00
1818, 2.064724e+00, 7.500000e-01, 6.373774e+00
1819, 2.064726e+00, 7.500000e-01, 6.373774e+00
1820, 2.064728e+00, 7.500000e-01, 6.373774e+00
1821, 2.064730e+00, 7.500000e-01, 6.373774e+00
1822, 2.064732e+00, 7.500000e-01, 6.373774e+00
1823, 2.064733e+00, 7.500000e-01, 6.373774e+00
1824, 2.064735e+00, 7.500000e-01, 6.373774e+00
1825, 2.064738e+00, 7.500000e-01, 6.373774e+00
1826, 2.064740e+00, 7.500000e-01, 6.373774e+00
1827, 2.064742e+00, 7.500000e-01, 6.373774e+00
1828, 2.064743e+00, 7.500000e-01, 6.373774e+00
1829, 2.064745e+00, 7.500000e-01, 6.373774e+00
1830, 2.064747e+00, 7.500000e-01, 6.373774e+00
1831, 2.064749e+00, 7.500000e-01, 6.373774e+00
1832, 2.064751e+00, 7.500000e-01, 6.373774e+00
1833, 2.064753e+00, 7.500000e-01, 6.373774e+00
1834, 2.064756e+00, 7.500000e-01, 6.373774e+00
1835, 2.064758e+00, 7.500000e-01, 6.373774e+00
1836, 2.064760e+00, 7.500000e-01, 6.373774e+00
1837, 2.064763e+00, 7.500000e-01, 6.373774e+00
1838, 2.064765e+00, 7.500000e-01, 6.373774e+00
1839, 2.064768e+00, 7.500000e-01, 6.373774e+00
1840, 2.064770e+00, 7.500000e-01, 6.373774e+00
1841, 2.064772e+00, 7.500000e-01, 6.373774e+00
1842, 2.064774e+00, 7.500000e-01, 6.373774e+00
1843, 2.064776e+00, 7.500000e-01, 6.373774e+00
1844, 2.064778e+00, 7.500000e-01, 6.373774e+00
1845, 2.064780e+00, 7.500000e-01, 6.373774e+00
1846, 2.064781e+00, 7.500000e-01, 6.373774e+00
1847, 2.064783e+00, 7.500000e-01, 6.373774e+00
1848, 2.064785e+00, 7.500000e-01, 6.373774e+00
1849, 2.064787e+00, 7.500000e-01, 6.373774e+00
1850, 2.064789e+00, 7.500000e-01, 6.373774e+00
1851, 2.064790e+00, 7.500000e-01, 6.373774e+00
1852, 2.064792e+00, 7.500000e-01, 6.373774e+00
1853, 2.064792e+00, 7.500000e-01, 6.373774e+00
1854, 2.064793e+00, 7.500000e-01, 6.373774e+00
1855, 2.064793e+00, 7.500000e-01, 6.373774e+00
1856, 2.064794e+00, 7.500000e-01, 6.373774e+00
1857, 2.064795e+00, 7.500000e-01, 6.373774e+00
1858, 2.064796e+00, 7.500000e-01, 6.373774e+00
1859, 2.064796e+00, 7.500000e-01, 6.373774e+00
1860, 2.064796e+00, 7.500000e-01, 6.373774e+00
1861, 2.064796e+00, 7.500000e-01, 6.373774e+00
1862, 2.064797e+00, 7.500000e-01, 6.373774e+00
1863, 2.064797e+00, 7.500000e-01, 6.373774e+00
1864, 2.064797e+00, 7.500000e-01, 6.373774e+00
1865, 2.064798e+00, 7.500000e-01, 6.373774e+00
1866, 2.064798e+00, 7.500000e-01, 6.373774e+00
1867, 2.064799e+00, 7.500000e-01, 6.373774e+00
1868, 2.064800e+00, 7.500000e-01, 6.373774e+00
1869, 2.064802e+00, 7.500000e-01, 6.373774e+00
1870, 2.064803e+00, 7.500000e-01, 6.373774e+00
1871, 2.064804e+00, 7.500000e-01, 6.373774e+00
1872, 2.064806e+00, 7.500000e-01, 6.373774e+00
1873, 2.064807e+00, 7.500000e-01, 6.373774e+00
1874, 2.064809e+00, 7.500000e-01, 6.373774e+00
1875, 2.064810e+00, 7.500000e-01, 6.373774e+00
1876, 2.064811e+00, 7.500000e-01, 6.373774e+00
1877, 2.064813e+00, 7.500000e-01, 6.373774e+00
1878, 2.064814e+00, 7.500000e-01, 6.373774e+00
1879, 2.064815e+00, 7.500000e-01, 6.373774e+00
1880, 2.064816e+00, 7.500000e-01, 6.373774e+00
1881, 2.064818e+00, 7.500000e-01, 6.373774e+00
1882, 2.064819e+00, 7.500000e-01, 6.373774e+00
1883, 2.064821e+00, 7.500000e-01, 6.373774e+00
1884, 2.064823e+00, 7.500000e-01, 6.373774e+00
1885, 2.064825e+00, 7.500000e-01, 6.373774e+00
1886, 2.064827e+00, 7.500000e-01, 6.373774e+00
1887, 2.064829e+00, 7.500000e-01, 6.373774e+00
1888, 2.064832e+00, 7.500000e-01, 6.373774e+00
1889, 2.064835e+00, 7.500000e-01, 6.373774e+00
1890, 2.064838e+00, 7.500000e-01, 6.373774e+00
1891, 2.064840e+00, 7.500000e-01, 6.373774e+00
1892, 2.064837e+00, 7.500000e-01, 6.373774e+00
1893, 2.064833e+00, 7.500000e-01, 6.373774e+00
1894, 2.064831e+00, 7.500000e-01, 6.373774e+00
1895, 2.064829e+00, 7.500000e-01, 6.373774e+00
1896, 2.064827e+00, 7.500000e-01, 6.373774e+00
1897, 2.064825e+00, 7.500000e-01, 6.373774e+00
1898, 2.064824e+00, 7.500000e-01, 6.373774e+00
1899, 2.064822e+00, 7.500000e-01, 6.373774e+00
1900, 2.064820e+00, 7.500000e-01, 6.373774e+00
1901, 2.064818e+00, 7.500000e-01, 6.373774e+00
1902, 2.064816e+00, 7.500000e-01, 6.373774e+00
1903, 2.064815e+00, 7.500000e-01, 6.373774e+00
1904, 2.064813e+00, 7.500000e-01, 6.373774e+00
1905, 2.064811e+00, 7.500000e-01, 6.373774e+00
1906, 2.064809e+00, 7.500000e-01, 6.373774e+00
1907, 2.064808e+00, 7.500000e-01, 6.373774e+00
1908, 2.064805e+00, 7.500000e-01, 6.373774e+00
1909, 2.064802e+00, 7.500000e-01, 6.373774e+00
1910, 2.064799e+00, 7.500000e-01, 6.373774e+00
1911, 2.064797e+00, 7.500000e-01, 6.373774e+00
1912, 2.064794e+00, 7.500000e-01, 6.373774e+00
1913, 2.064792e+00, 7.500000e-01, 6.373774e+00
1914, 2.064790e+00, 7.500000e-01, 6.373774e+00
1915, 2.064787e+00, 7.500000e-01, 6.373774e+00
1916, 2.064785e+00, 7.500000e-01, 6.373774e+00
1917, 2.064782e+00, 7.500000e-01, 6.373774e+00
1918, 2.064780e+00, 7.500000e-01, 6.373774e+00
1919, 2.064778e+00, 7.500000e-01, 6.373774e+00
1920, 2.064775e+00, 7.500000e-01, 6.373774e+00
1921, 2.064773e+00, 7.500000e-01, 6.373774e+00
1922, 2.064770e+00, 7.500000e-01, 6.373774e+00
1923, 2.064768e+00, 7.500000e-01, 6.373774e+00
1924, 2.064766e+00, 7.500000e-01, 6.373774e+00
1925, 2.064764e+00, 7.500000e-01, 6.373774e+00
1926, 2.064762e+00, 7.500000e-01, 6.373774e+00
1927, 2.064760e+00, 7.500000e-01, 6.373774e+00
1928, 2.064759e+00, 7.500000e-01, 6.373774e+00
1929, 2.064757e+00, 7.500000e-01, 6.373774e+00
1930, 2.064756e+00, 7.500000e-01, 6.373774e+00
1931, 2.064755e+00, 7.500000e-01, 6.373774e+00
1932, 2.064754e+00, 7.500000e-01, 6.373774e+00
1933, 2.064753e+00, 7.500000e-01, 6.373774e+00
1934, 2.064752e+00, 7.500000e-01, 6.373774e+00
1935, 2.064751e+00, 7.500000e-01, 6.373774e+00
1936, 2.064749e+00, 7.500000e-01, 6.373774e+00
1937, 2.064748e+00, 7.500000e-01, 6.373774e+00
1938, 2.064746e+00, 7.500000e-01, 6.373774e+00
1939, 2.064744e+00, 7.500000e-01, 6.373774e+00
1940, 2.064742e+00, 7.500000e-01, 6.373774e+00
1941, 2.064740e+00, 7.500000e-01, 6.373774e+00
1942, 2.064738e+00, 7.500000e-01, 6.373774e+00
1943, 2.064736e+00, 7.500000e-01, 6.373774e+00
1944, 2.064734e+00, 7.500000e-01, 6.373774e+00
1945, 2.064732e+00, 7.500000e-01, 6.373774e+00
1946, 2.064730e+00, 7.500000e-01, 6.373774e+00
1947, 2.064728e+00, 7.500000e-01, 6.373774e+00
1948, 2.064726e+00, 7.500000e-01, 6.373774e+00
1949, 2.064724e+00, 7.500000e-01, 6.373774e+00
1950, 2.064722e+00, 7.500000e-01, 6.373774e+00
1951, 2.064720e+00, 7.500000e-01, 6.373774e+00
1952, 2.064718e+00, 7.500000e-01, 6.373774e+00
1953, 2.064717e+00, 7.500000e-01, 6.373774e+00
1954, 2.064715e+00, 7.500000e-01, 6.373774e+00
1955, 2.064714e+00, 7.500000e-01, 6.373774e+00
1956, 2.064713e+00, 7.500000e-01, 6.373774e+00
1957, 2.064712e+00, 7.500000e-01, 6.373774e+00
1958, 2.064711e+00, 7.500000e-01, 6.373774e+00
1959, 2.064710e+00, 7.500000e-01, 6.373774e+00
1960, 2.064710e+00, 7.500000e-01, 6.373774e+00
1961, 2.064709e+00, 7.500000e-01, 6.373774e+00
1962, 2.064708e+00, 7.500000e-01, 6.373774e+00
1963, 2.064708e+00, 7.500000e-01, 6.373774e+00
1964, 2.064708e+00, 7.500000e-01, 6.373774e+00
1965, 2.064708e+00, 7.500000e-01, 6.373774e+00
1966, 2.064709e+00, 7.500000e-01, 6.373774e+00
1967, 2.064709e+00, 7.500000e-01, 6.373774e+00
1968, 2.064710e+00, 7.500000e-01, 6.373774e+00
1969, 2.064711e+00, 7.500000e-01, 6.373774e+00
1970, 2.064712e+00, 7.500000e-01, 6.373774e+00
1971, 2.064713e+00, 7.500000e-01, 6.373774e+00
1972, 2.064713e+00, 7.500000e-01, 6.373774e+00
1973, 2.064714e+00, 7.500000e-01, 6.373774e+00
1974, 2.064715e+00, 7.500000e-01, 6.373774e+00
1975, 2.064715e+00, 7.500000e-01, 6.373774e+00
1976, 2.064715e+00, 7.500000e-01, 6.373774e+00
1977, 2.064715e+00, 7.500000e-01, 6.373774e+00
1978, 2.064716e+00, 7.500000e-01, 6.373774e+00
1979, 2.064716e+00, 7.500000e-01, 6.373774e+00
1980, 2.064717e+00, 7.500000e-01, 6.373774e+00
1981, 2.064718e+00, 7.500000e-01, 6.373774e+00
1982, 2.064719e+00, 7.500000e-01, 6.373774e+00
1983, 2.064720e+00, 7.500000e-01, 6.373774e+00
1984, 2.064721e+00, 7.500000e-01, 6.373774e+00
1985, 2.064722e+00, 7.500000e-01, 6.373774e+00
1986, 2.064723e+00, 7.500000e-01, 6.373774e+00
1987, 2.064725e+00, 7.500000e-01, 6.373774e+00
1988, 2.064726e+00, 7.500000e-01, 6.373774e+00
1989, 2.064727e+00, 7.500000e-01, 6.373774e+00
1990, 2.064729e+00, 7.500000e-01, 6.373774e+00
1991, 2.064730e+00, 7.500000e-01, 6.373774e+00
1992, 2.064731e+00, 7.500000e-01, 6.373774e+00
1993, 2.064733e+00, 7.500000e-01, 6.373774e+00
1994, 2.064734e+00, 7.500000e-01, 6.373774e+00
1995, 2.064736e+00, 7.500000e-01, 6.373774e+00
1996, 2.064738e+00, 7.500000e-01, 6.373774e+00
1997, 2.064739e+00, 7.500000e-01, 6.373774e+00
1998, 2.064741e+00, 7.500000e-01, 6.373774e+00
1999, 2.064743e+00, 7.500000e-01, 6.373774e+00
2000, 2.064744e+00, 7.500000e-01, 6.373774e+00
