1,67706,-0
1,11579,-0.378624424643028
1,15260,-0.03475024139078979
1,15167,-0.5866253339661823
1,44510,0
1,11966,0.4144619405447701
1,13751,0.3435459160125517
1,13688,0.2419921434426782
2,18044,-0.4533469558981043
2,21053,-0.4623126279656251
2,52448,0
2,20678,-0.08434041613627066
2,77810,0
2,18593,0.2990087934386147
2,22001,0.1767165624854035
2,22355,0.5242746440759818
3,51791,-0
3,14387,-0.3098823827714087
3,11621,-0.2653457998311413
3,15005,-0.4247718173974501
3,59528,2.220446049250313e-16
3,12008,0.4870823769562607
3,15146,0.1578855090628153
3,15029,0.3550321139809239
4,18086,-0.3677956248961627
4,22358,-0.5145710579195663
4,21998,-0.1176333171842711
4,62141,0
4,60242,0
4,18551,0.2068874224783935
4,20474,0.1727109847157799
4,20414,0.6204015928058265
