edge_mm,direction_id,width_mm,mapping_error,direction_error,width_error,integral_N_per_mm,finite_interval_target_N_per_mm,relative_integral_error,unloading_error
0.5,1,0.5,2.22044604925031e-16,0,0,0.107985281162043,0.107985279722239,1.33333308838246e-08,0
0.5,2,0.5,2.22044604925031e-16,0,0,0.107985281162043,0.107985279722239,1.33333308838246e-08,0
0.5,3,0.5,2.22044604925031e-16,0,0,0.107985281162043,0.107985279722239,1.333333066178e-08,0
0.5,4,0.353553390593274,2.22044604925031e-16,1.11022302462516e-16,0,0.107985281162044,0.107985279722239,1.33333408758318e-08,0
0.5,5,0.353553390593274,2.22044604925031e-16,1.11022302462516e-16,0,0.107985281162044,0.107985279722239,1.33333408758318e-08,0
0.5,6,0.353553390593274,2.22044604925031e-16,1.11022302462516e-16,0,0.107985281162044,0.107985279722239,1.33333408758318e-08,0
0.5,7,0.288675134594813,6.66133814775094e-16,0,2.22044604925031e-16,0.107985281162043,0.107985279722239,1.33333293295124e-08,0
0.5,8,0.311804782231162,2.22044604925031e-16,0,4.44089209850063e-16,0.107985281162043,0.107985279722239,1.33333357688059e-08,0
1,1,1,2.22044604925031e-16,0,0,0.107985281162043,0.107985279722239,1.33333326601814e-08,0
1,2,1,2.22044604925031e-16,0,0,0.107985281162043,0.107985279722239,1.33333326601814e-08,0
1,3,1,2.22044604925031e-16,0,0,0.107985281162043,0.107985279722239,1.33333326601814e-08,0
1,4,0.707106781186548,2.22044604925031e-16,1.11022302462516e-16,0,0.107985281162043,0.107985279722239,1.33333355467613e-08,0
1,5,0.707106781186548,2.22044604925031e-16,1.11022302462516e-16,0,0.107985281162043,0.107985279722239,1.33333355467613e-08,0
1,6,0.707106781186548,2.22044604925031e-16,1.11022302462516e-16,0,0.107985281162043,0.107985279722239,1.33333355467613e-08,0
1,7,0.577350269189626,6.66133814775094e-16,0,2.22044604925031e-16,0.107985281162043,0.107985279722239,1.33333326601814e-08,0
1,8,0.623609564462324,2.22044604925031e-16,0,4.44089209850063e-16,0.107985281162043,0.107985279722239,1.33333335483599e-08,0
2,1,2,2.22044604925031e-16,0,0,0.107985281162043,0.107985279722239,1.33333333263153e-08,0
2,2,2,2.22044604925031e-16,0,0,0.107985281162043,0.107985279722239,1.33333333263153e-08,0
2,3,2,2.22044604925031e-16,0,0,0.107985281162043,0.107985279722239,1.33333333263153e-08,0
2,4,1.4142135623731,2.22044604925031e-16,1.11022302462516e-16,0,0.107985281162043,0.107985279722239,1.33333339924491e-08,0
2,5,1.4142135623731,2.22044604925031e-16,1.11022302462516e-16,0,0.107985281162043,0.107985279722239,1.33333339924491e-08,0
2,6,1.4142135623731,2.22044604925031e-16,1.11022302462516e-16,0,0.107985281162043,0.107985279722239,1.33333339924491e-08,0
2,7,1.15470053837925,6.66133814775094e-16,0,2.22044604925031e-16,0.107985281162043,0.107985279722239,1.33333319940476e-08,0
2,8,1.24721912892465,2.22044604925031e-16,0,4.44089209850063e-16,0.107985281162043,0.107985279722239,1.33333324381368e-08,0
4,1,4,2.22044604925031e-16,0,0,0.107985281162043,0.107985279722239,1.33333335483599e-08,0
4,2,4,2.22044604925031e-16,0,0,0.107985281162043,0.107985279722239,1.33333335483599e-08,0
4,3,4,2.22044604925031e-16,0,0,0.107985281162043,0.107985279722239,1.33333333263153e-08,0
4,4,2.82842712474619,2.22044604925031e-16,1.11022302462516e-16,0,0.107985281162043,0.107985279722239,1.33333342144937e-08,0
4,5,2.82842712474619,2.22044604925031e-16,1.11022302462516e-16,0,0.107985281162043,0.107985279722239,1.33333344365383e-08,0
4,6,2.82842712474619,2.22044604925031e-16,1.11022302462516e-16,0,0.107985281162043,0.107985279722239,1.33333344365383e-08,0
4,7,2.3094010767585,6.66133814775094e-16,0,2.22044604925031e-16,0.107985281162043,0.107985279722239,1.33333319940476e-08,0
4,8,2.49443825784929,2.22044604925031e-16,0,4.44089209850063e-16,0.107985281162043,0.107985279722239,1.3333332882226e-08,0
