5.3331536396854e-05,72.3127457357848,1.9990259312601e-05,2.00316984040346e-05,1.9974884600488e-05,2.0003157682565e-05,7.78253871937251e-11,2
0.000106663072784794,144.625491364896,3.99805186213517e-05,4.00633968118283e-05,3.99497692001589e-05,4.00063153663498e-05,4.94787164113679e-11,2
0.000159994609172734,216.938236994009,5.99707779301024e-05,6.00950952196218e-05,5.99246537998299e-05,6.00094730501345e-05,3.2991555103181e-11,2
0.000213326145560674,289.250982623122,7.99610372388532e-05,8.01267936274154e-05,7.98995383995008e-05,8.00126307339193e-05,2.47415122718743e-11,2
0.000266657681948614,361.563728252232,9.99512965476041e-05,0.000100158492035209,9.98744229991718e-05,0.000100015788417704,1.97932098187811e-11,2
0.000319989218336555,433.876473881345,0.000119941555856355,0.000120190190443003,0.000119849307598843,0.000120018946101489,1.64857252836362e-11,2
0.000373320754724495,506.189219510456,0.000139931815165106,0.000140221888850796,0.000139824192198514,0.000140022103785273,1.41453923567986e-11,2
0.000426652291112434,578.501965139569,0.000159922074473856,0.00016025358725859,0.000159799076798185,0.000160025261469058,1.23729101961214e-11,2
0.000479983827500375,650.814710768682,0.000179912333782607,0.000180285285666383,0.000179773961397856,0.000180028419152843,1.09943129599825e-11,2
0.000533315363888315,723.127456397792,0.000199902593091358,0.000200316984074177,0.000199748845997527,0.000200031576836627,9.8845421848538e-12,2
0.000586646900276255,795.440202026905,0.000219892852400108,0.00022034868248197,0.000219723730597198,0.000220034734520412,9.01414602071733e-12,2
0.000639978436664195,867.752947656017,0.000239883111708859,0.000240380380889764,0.000239698615196869,0.000240037892204197,8.24286264270762e-12,2
0.000693309973052135,940.065693285128,0.00025987337101761,0.000260412079297558,0.00025967349979654,0.000260041049887982,7.61409858270261e-12,2
0.000746641509440075,1012.37843891424,0.000279863630326361,0.000280443777705351,0.000279648384396211,0.000280044207571766,7.06531083671546e-12,2
0.000799973045828015,1084.69118454335,0.000299853889635111,0.000300475476113145,0.000299623268995881,0.000300047365255551,6.59888543842985e-12,2
0.000853304582215955,1157.00393017247,0.000319844148943862,0.000320507174520939,0.000319598153595552,0.000320050522939336,6.1907632149253e-12,2
0.000906636118603896,1229.31667580158,0.000339834408252613,0.000340538872928732,0.000339573038195223,0.00034005368062312,5.81038188188148e-12,2
0.000959967654991835,1301.62942143069,0.000359824667561364,0.000360570571336525,0.000359547922794894,0.000360056838306905,5.4990711987707e-12,2
0.00101329919137978,1373.9421670598,0.000379814926870115,0.000380602269744319,0.000379522807394566,0.00038005999599069,5.22053006124828e-12,2
0.00106663072776772,1446.25491268892,0.000399805186178866,0.000400633968152113,0.000399497691994237,0.000400063153674474,4.93537810656451e-12,2
