delta_s_mm,delta_mm,Ps_N,P_N,max_damage,mean_damage,nElem_D_ge_0p005,nElem_D_ge_0p050,nElem_D_ge_0p950,nElem_D_ge_liveThreshold,newton_iterations,relative_residual,mean_h_oliver_mm,min_h_oliver_mm,max_h_oliver_mm,saved_png
9.84077399478204e-06,5.3331536396854e-05,-5.0014016011836e-10,72.3127457357848,0,0,0,0,0,0,2,7.78253871937251e-11,7.55235794658596,1.91279658321332,16.4229189464686,
1.96815479917384e-05,0.000106663072784794,-5.00136039757081e-10,144.625491364896,0,0,0,0,0,0,2,4.94787164113679e-11,7.55235794657409,1.91279658320646,16.4229189474375,
2.95223219886946e-05,0.000159994609172734,-5.00140559314823e-10,216.938236994009,0,0,0,0,0,0,2,3.2991555103181e-11,7.55235794657013,1.91279658320417,16.4229189477605,
3.93630959856507e-05,0.000213326145560674,-5.00131461195024e-10,289.250982623122,0,0,0,0,0,0,2,2.47415122718743e-11,7.55235794656813,1.91279658320303,16.422918947922,
4.92038699826068e-05,0.000266657681948614,-5.00148478242788e-10,361.563728252232,0,0,0,0,0,0,2,1.97932098187811e-11,7.55235794656695,1.91279658320234,16.4229189480189,
5.90446439795632e-05,0.000319989218336555,-5.00128197624512e-10,433.876473881345,0,0,0,0,0,0,2,1.64857252836362e-11,7.55235794656616,1.91279658320189,16.4229189480835,
6.88854179765194e-05,0.000373320754724495,-5.00159184258127e-10,506.189219510456,0,0,0,0,0,0,2,1.41453923567986e-11,7.55235794656558,1.91279658320156,16.4229189481296,
7.87261919734757e-05,0.000426652291112434,-5.00118629831719e-10,578.501965139569,0,0,0,0,0,0,2,1.23729101961214e-11,7.55235794656516,1.91279658320132,16.4229189481642,
8.8566965970432e-05,0.000479983827500375,-5.00184031386876e-10,650.814710768682,0,0,0,0,0,0,2,1.09943129599825e-11,7.55235794656483,1.91279658320113,16.4229189481912,
9.84077399673881e-05,0.000533315363888315,-5.00143903546589e-10,723.127456397792,0,0,0,0,0,0,2,9.8845421848538e-12,7.55235794656457,1.91279658320097,16.4229189482126,
0.000108248513964344,0.000586646900276255,-5.00078619166582e-10,795.440202026905,0,0,0,0,0,0,2,9.01414602071733e-12,7.55235794656435,1.91279658320085,16.4229189482303,
0.0001180892879613,0.000639978436664195,-5.00131242098093e-10,867.752947656017,0,0,0,0,0,0,2,8.24286264270762e-12,7.55235794656417,1.91279658320074,16.422918948245,
0.000127930061958257,0.000693309973052135,-5.00112290027278e-10,940.065693285128,0,0,0,0,0,0,2,7.61409858270261e-12,7.55235794656401,1.91279658320066,16.4229189482574,
0.000137770835955213,0.000746641509440075,-5.00094165677058e-10,1012.37843891424,0,0,0,0,0,0,2,7.06531083671546e-12,7.5523579465639,1.91279658320058,16.422918948268,
0.000147611609952169,0.000799973045828015,-5.00209826467465e-10,1084.69118454335,0,0,0,0,0,0,2,6.59888543842985e-12,7.55235794656378,1.91279658320052,16.4229189482773,
0.000157452383949125,0.000853304582215955,-5.00150702591965e-10,1157.00393017247,0,0,0,0,0,0,2,6.1907632149253e-12,7.55235794656369,1.91279658320046,16.4229189482854,
0.000167293157946082,0.000906636118603896,-5.00113370881976e-10,1229.31667580158,0,0,0,0,0,0,2,5.81038188188148e-12,7.55235794656359,1.91279658320041,16.4229189482925,
0.000177133931943037,0.000959967654991835,-5.00105577853601e-10,1301.62942143069,0,0,0,0,0,0,2,5.4990711987707e-12,7.55235794656351,1.91279658320036,16.4229189482988,
0.000186974705939994,0.00101329919137978,-5.00161241335237e-10,1373.9421670598,0,0,0,0,0,0,2,5.22053006124828e-12,7.55235794656344,1.91279658320032,16.4229189483045,
0.00019681547993695,0.00106663072776772,-5.001537316631e-10,1446.25491268892,0,0,0,0,0,0,2,4.93537810656451e-12,7.55235794656338,1.91279658320029,16.4229189483096,
