1,1730,-0.14450389863379029
1,1865,0.014980193102264415
1,1994,0.27976665593820915
1,2021,-0.63032903982853516
1,2024,-0.2251670615376748
1,2132,0.70525315095952645
1,10451,1.8538525089036974e-16
2,3338,-0.45488922851877078
2,3461,0.33881182790661385
2,3476,-0.20391376351223164
2,3623,0.26260564849344165
2,3644,0.39858252359994456
2,3653,-0.34119700796899782
2,9485,3.2169792672841126e-16
2,10622,-8.1887851226767605e-17
3,1727,0.38175090410949675
3,1868,-0.015966592561699123
3,1988,0.41352838633344907
3,1997,-0.26193948286986923
3,2129,-0.72209392456843158
3,2138,0.20472070955705421
3,9386,-6.1693197928492814e-17
4,3335,0.43327946741282364
4,3464,-0.32067945596684411
4,3467,0.20760840404825709
4,3626,-0.30802973191595268
4,3647,-0.37129081211720311
4,3650,0.35911212853891944
4,9269,-4.1469878632413024e-17
4,10349,-2.5371074214519694e-16
