gauge_displacement_mm,normal_load_N
0,0
0.00253485425,9926.47059
0.00456273764,15277.7778
0.00659062104,19852.9412
0.00912547529,18178.1046
0.0126742712,17075.1634
0.0162230672,14419.9346
0.0197718631,12949.3464
0.0233206591,12009.8039
0.0253485425,10743.4641
0.0258555133,8986.9281
0.0288973384,7720.58824
0.0326996198,6781.04575
0.0392902408,5637.2549
0.0501901141,5065.35948
0.062103929,4248.36601
0.0747782003,3635.62092
0.100126743,2818.62745
0.125475285,2369.28105
0.150823828,1879.08497
0.17617237,1470.58824
0.2,1184.64052
