size,mesh,config,observations,time_1_s,time_2_s,time_3_s,median_s,minimum_s,maximum_s,repeat_response_check
small,coarse,matlab_cpu1,3,39.91,31.29,29.91,31.29,29.91,39.91,True
small,coarse,matlab_cpu8,3,42.31,33.84,33.44,33.84,33.44,42.31,True
small,coarse,matlab_gpu_hybrid,3,61.55,38.51,38.14,38.51,38.14,61.55,True
small,coarse,abaqus_cpu1,3,158.0,160.0,154.0,158.0,154.0,160.0,True
small,coarse,abaqus_cpu8,3,234.0,239.0,229.0,234.0,229.0,239.0,True
small,medium,matlab_cpu1,3,133.94,131.24,128.55,131.24,128.55,133.94,True
small,medium,matlab_cpu8,3,145.34,144.01,142.86,144.01,142.86,145.34,True
small,medium,matlab_gpu_hybrid,3,139.1,146.32,146.11,146.11,139.1,146.32,True
small,medium,abaqus_cpu1,3,830.0,832.0,837.0,832.0,830.0,837.0,True
small,medium,abaqus_cpu8,3,403.0,405.0,400.0,403.0,400.0,405.0,True
small,fine,matlab_cpu1,3,235.66,232.34,227.81,232.34,227.81,235.66,True
small,fine,matlab_cpu8,3,261.14,251.84,250.61,251.84,250.61,261.14,True
small,fine,matlab_gpu_hybrid,3,256.72,250.38,254.99,254.99,250.38,256.72,True
small,fine,abaqus_cpu1,3,1667.0,1671.0,1666.0,1667.0,1666.0,1671.0,True
small,fine,abaqus_cpu8,3,691.0,686.0,693.0,691.0,686.0,693.0,True
large,coarse,matlab_cpu1,3,132.13,126.93,127.63,127.63,126.93,132.13,True
large,coarse,matlab_cpu8,3,140.03,138.73,141.52,140.03,138.73,141.52,True
large,coarse,matlab_gpu_hybrid,3,145.23,147.06,147.02,147.02,145.23,147.06,True
large,coarse,abaqus_cpu1,3,819.0,826.0,813.0,819.0,813.0,826.0,True
large,coarse,abaqus_cpu8,3,390.0,398.0,407.0,398.0,390.0,407.0,True
large,medium,matlab_cpu1,3,597.98,599.15,598.94,598.94,597.98,599.15,True
large,medium,matlab_cpu8,3,639.64,642.87,636.68,639.64,636.68,642.87,True
large,medium,matlab_gpu_hybrid,3,624.54,626.4,631.89,626.4,624.54,631.89,True
large,medium,abaqus_cpu1,3,4350.0,4393.0,4380.0,4380.0,4350.0,4393.0,True
large,medium,abaqus_cpu8,3,1583.0,1586.0,1607.0,1586.0,1583.0,1607.0,True
large,fine,matlab_cpu1,3,1156.6,1155.53,1101.45,1155.53,1101.45,1156.6,True
large,fine,matlab_cpu8,3,1221.31,1205.96,1132.93,1205.96,1132.93,1221.31,True
large,fine,matlab_gpu_hybrid,3,1193.87,1198.19,1192.09,1193.87,1192.09,1198.19,True
large,fine,abaqus_cpu1,3,8548.0,8590.0,8403.0,8548.0,8403.0,8590.0,True
large,fine,abaqus_cpu8,3,2947.0,2954.0,2943.0,2947.0,2943.0,2954.0,True
