# cmod[mm], load[N]
2.319509e-05, 9.785050e+00
4.639018e-05, 1.957010e+01
6.958526e-05, 2.935515e+01
9.278035e-05, 3.914020e+01
1.159754e-04, 4.892525e+01
1.391705e-04, 5.871030e+01
1.623656e-04, 6.849535e+01
1.855607e-04, 7.828040e+01
2.087558e-04, 8.806545e+01
2.319509e-04, 9.785050e+01
2.551460e-04, 1.076355e+02
2.783411e-04, 1.174206e+02
3.015361e-04, 1.272056e+02
3.247312e-04, 1.369907e+02
3.479263e-04, 1.467757e+02
3.711214e-04, 1.565608e+02
3.943165e-04, 1.663458e+02
4.175116e-04, 1.761309e+02
4.407067e-04, 1.859159e+02
4.639018e-04, 1.957010e+02
4.870968e-04, 2.054860e+02
5.102919e-04, 2.152711e+02
5.334870e-04, 2.250561e+02
5.566821e-04, 2.348412e+02
5.798772e-04, 2.446262e+02
6.030723e-04, 2.544113e+02
6.262674e-04, 2.641963e+02
6.494625e-04, 2.739814e+02
6.726576e-04, 2.837664e+02
6.958526e-04, 2.935515e+02
7.190477e-04, 3.033365e+02
7.422428e-04, 3.131216e+02
7.654379e-04, 3.229066e+02
7.886330e-04, 3.326917e+02
8.118281e-04, 3.424767e+02
8.350232e-04, 3.522618e+02
8.582183e-04, 3.620468e+02
8.814133e-04, 3.718319e+02
9.046084e-04, 3.816169e+02
9.278035e-04, 3.914020e+02
9.509986e-04, 4.011870e+02
9.741937e-04, 4.109721e+02
9.973888e-04, 4.207571e+02
1.020584e-03, 4.305422e+02
1.043779e-03, 4.403272e+02
1.066974e-03, 4.501123e+02
1.090169e-03, 4.598973e+02
1.113364e-03, 4.696824e+02
1.136559e-03, 4.794674e+02
1.159754e-03, 4.892525e+02
1.182949e-03, 4.990375e+02
1.206145e-03, 5.088226e+02
1.229340e-03, 5.186076e+02
1.252535e-03, 5.283927e+02
1.275730e-03, 5.381777e+02
1.298925e-03, 5.479628e+02
1.322120e-03, 5.577478e+02
1.345315e-03, 5.675329e+02
1.368510e-03, 5.773179e+02
1.391705e-03, 5.871030e+02
1.414900e-03, 5.968880e+02
1.438095e-03, 6.066731e+02
1.461291e-03, 6.164581e+02
1.484486e-03, 6.262432e+02
1.507681e-03, 6.360282e+02
1.530876e-03, 6.458133e+02
1.554071e-03, 6.555983e+02
1.577266e-03, 6.653834e+02
1.600461e-03, 6.751684e+02
1.623656e-03, 6.849535e+02
1.646851e-03, 6.947385e+02
1.670046e-03, 7.045236e+02
1.693358e-03, 7.142898e+02
1.716980e-03, 7.240057e+02
1.740752e-03, 7.336975e+02
1.764595e-03, 7.433777e+02
1.788473e-03, 7.530523e+02
1.812368e-03, 7.627244e+02
1.836271e-03, 7.723952e+02
1.860178e-03, 7.820654e+02
1.884087e-03, 7.917354e+02
1.907997e-03, 8.014052e+02
1.931908e-03, 8.110749e+02
1.955820e-03, 8.207446e+02
1.979732e-03, 8.304142e+02
2.003645e-03, 8.400838e+02
2.027559e-03, 8.497534e+02
2.051473e-03, 8.594229e+02
2.075388e-03, 8.690923e+02
2.099303e-03, 8.787617e+02
2.123219e-03, 8.884311e+02
2.147135e-03, 8.981004e+02
2.171052e-03, 9.077697e+02
2.194970e-03, 9.174390e+02
2.218888e-03, 9.271082e+02
2.242806e-03, 9.367773e+02
2.266725e-03, 9.464464e+02
2.290645e-03, 9.561155e+02
2.314564e-03, 9.657845e+02
2.338485e-03, 9.754535e+02
2.362405e-03, 9.851225e+02
2.386327e-03, 9.947914e+02
2.410248e-03, 1.004460e+03
2.434170e-03, 1.014129e+03
2.458093e-03, 1.023798e+03
2.482016e-03, 1.033467e+03
2.505939e-03, 1.043135e+03
2.530017e-03, 1.052780e+03
2.554172e-03, 1.062413e+03
2.578358e-03, 1.072040e+03
2.602555e-03, 1.081666e+03
2.626758e-03, 1.091291e+03
2.650962e-03, 1.100916e+03
2.675167e-03, 1.110540e+03
2.699448e-03, 1.120152e+03
2.723952e-03, 1.129727e+03
2.748637e-03, 1.139271e+03
2.773449e-03, 1.148796e+03
2.798347e-03, 1.158306e+03
2.823302e-03, 1.167806e+03
2.848296e-03, 1.177300e+03
2.873315e-03, 1.186790e+03
2.898352e-03, 1.196278e+03
2.923401e-03, 1.205763e+03
2.948457e-03, 1.215246e+03
2.973520e-03, 1.224729e+03
2.998587e-03, 1.234211e+03
3.023657e-03, 1.243692e+03
3.048730e-03, 1.253173e+03
3.073805e-03, 1.262653e+03
3.098903e-03, 1.272130e+03
3.124032e-03, 1.281603e+03
3.149186e-03, 1.291072e+03
3.174348e-03, 1.300540e+03
3.199539e-03, 1.310004e+03
3.224785e-03, 1.319458e+03
3.250265e-03, 1.328878e+03
3.275978e-03, 1.338260e+03
3.301852e-03, 1.347618e+03
3.327831e-03, 1.356958e+03
3.353878e-03, 1.366288e+03
3.379967e-03, 1.375612e+03
3.406082e-03, 1.384931e+03
3.432212e-03, 1.394247e+03
3.458352e-03, 1.403563e+03
3.484497e-03, 1.412877e+03
3.510645e-03, 1.422190e+03
3.536797e-03, 1.431504e+03
3.563173e-03, 1.440781e+03
3.589719e-03, 1.450032e+03
3.616374e-03, 1.459265e+03
3.643095e-03, 1.468488e+03
3.669856e-03, 1.477704e+03
3.696641e-03, 1.486916e+03
3.723441e-03, 1.496126e+03
3.750249e-03, 1.505335e+03
3.777064e-03, 1.514542e+03
3.803929e-03, 1.523741e+03
3.830893e-03, 1.532924e+03
3.858001e-03, 1.542085e+03
3.885228e-03, 1.551226e+03
3.912541e-03, 1.560354e+03
3.939912e-03, 1.569472e+03
3.967322e-03, 1.578583e+03
3.994755e-03, 1.587691e+03
4.022202e-03, 1.596797e+03
4.049658e-03, 1.605901e+03
4.077118e-03, 1.615004e+03
4.104581e-03, 1.624106e+03
4.132138e-03, 1.633193e+03
4.159868e-03, 1.642252e+03
4.187711e-03, 1.651293e+03
4.215630e-03, 1.660321e+03
4.243597e-03, 1.669341e+03
4.271596e-03, 1.678355e+03
4.299616e-03, 1.687366e+03
4.327649e-03, 1.696375e+03
4.355692e-03, 1.705382e+03
4.383741e-03, 1.714387e+03
4.411799e-03, 1.723391e+03
4.440004e-03, 1.732371e+03
4.468341e-03, 1.741329e+03
4.496778e-03, 1.750271e+03
4.525285e-03, 1.759200e+03
4.553841e-03, 1.768122e+03
4.582429e-03, 1.777038e+03
4.611040e-03, 1.785950e+03
4.639665e-03, 1.794860e+03
4.668299e-03, 1.803767e+03
4.696982e-03, 1.812666e+03
4.725825e-03, 1.821539e+03
4.754791e-03, 1.830391e+03
4.783844e-03, 1.839229e+03
4.812963e-03, 1.848056e+03
4.842128e-03, 1.856876e+03
4.871320e-03, 1.865690e+03
4.900531e-03, 1.874502e+03
4.929787e-03, 1.883305e+03
4.959068e-03, 1.892105e+03
4.988403e-03, 1.900896e+03
5.017842e-03, 1.909669e+03
5.047397e-03, 1.918423e+03
5.077042e-03, 1.927162e+03
5.106752e-03, 1.935890e+03
5.136510e-03, 1.944609e+03
5.166301e-03, 1.953322e+03
5.196115e-03, 1.962031e+03
5.225946e-03, 1.970737e+03
5.255810e-03, 1.979436e+03
5.285789e-03, 1.988117e+03
5.315916e-03, 1.996772e+03
5.346180e-03, 2.005405e+03
5.376529e-03, 2.014024e+03
5.406932e-03, 2.022634e+03
5.437372e-03, 2.031237e+03
5.467852e-03, 2.039834e+03
5.498384e-03, 2.048422e+03
5.528962e-03, 2.057002e+03
5.559619e-03, 2.065569e+03
5.590351e-03, 2.074124e+03
5.621194e-03, 2.082659e+03
5.652126e-03, 2.091180e+03
5.683125e-03, 2.099689e+03
5.714173e-03, 2.108189e+03
5.745263e-03, 2.116682e+03
5.776397e-03, 2.125167e+03
5.807617e-03, 2.133638e+03
5.838959e-03, 2.142088e+03
5.870432e-03, 2.150516e+03
5.902021e-03, 2.158925e+03
5.933690e-03, 2.167320e+03
5.965416e-03, 2.175705e+03
5.997182e-03, 2.184083e+03
6.028976e-03, 2.192456e+03
6.060790e-03, 2.200825e+03
6.092625e-03, 2.209190e+03
6.124520e-03, 2.217544e+03
6.156468e-03, 2.225888e+03
6.188505e-03, 2.234217e+03
6.220653e-03, 2.242527e+03
6.252886e-03, 2.250821e+03
6.285199e-03, 2.259102e+03
6.317600e-03, 2.267368e+03
6.350078e-03, 2.275621e+03
6.382642e-03, 2.283859e+03
6.415284e-03, 2.292083e+03
6.448007e-03, 2.300294e+03
6.480823e-03, 2.308488e+03
6.513705e-03, 2.316670e+03
6.546634e-03, 2.324843e+03
6.579599e-03, 2.333009e+03
6.612601e-03, 2.341169e+03
6.645645e-03, 2.349320e+03
6.678756e-03, 2.357460e+03
6.711945e-03, 2.365586e+03
6.745193e-03, 2.373701e+03
6.778518e-03, 2.381803e+03
6.811942e-03, 2.389887e+03
6.845467e-03, 2.397953e+03
6.879069e-03, 2.406005e+03
6.912725e-03, 2.414048e+03
6.946440e-03, 2.422080e+03
6.980225e-03, 2.430099e+03
7.014071e-03, 2.438107e+03
7.048010e-03, 2.446098e+03
7.082022e-03, 2.454075e+03
7.116090e-03, 2.462043e+03
7.150216e-03, 2.469999e+03
7.184393e-03, 2.477946e+03
7.218613e-03, 2.485885e+03
7.252890e-03, 2.493813e+03
7.287233e-03, 2.501729e+03
7.321632e-03, 2.509635e+03
7.356105e-03, 2.517527e+03
7.390680e-03, 2.525401e+03
7.425336e-03, 2.533260e+03
7.460055e-03, 2.541107e+03
7.494823e-03, 2.548945e+03
7.529667e-03, 2.556769e+03
7.564603e-03, 2.564577e+03
7.599648e-03, 2.572365e+03
7.634786e-03, 2.580136e+03
7.670006e-03, 2.587893e+03
7.705317e-03, 2.595633e+03
7.740720e-03, 2.603357e+03
7.776192e-03, 2.611068e+03
7.811713e-03, 2.618771e+03
7.847278e-03, 2.626466e+03
7.882908e-03, 2.634149e+03
7.918630e-03, 2.641815e+03
7.954456e-03, 2.649462e+03
7.990364e-03, 2.657095e+03
8.026336e-03, 2.664715e+03
8.062392e-03, 2.672320e+03
8.098511e-03, 2.679913e+03
8.134690e-03, 2.687496e+03
8.170968e-03, 2.695060e+03
8.207343e-03, 2.702607e+03
8.243813e-03, 2.710136e+03
8.280370e-03, 2.717649e+03
8.316988e-03, 2.725151e+03
8.353655e-03, 2.732644e+03
8.390359e-03, 2.740129e+03
8.427099e-03, 2.747608e+03
8.463904e-03, 2.755074e+03
8.500854e-03, 2.762515e+03
8.537953e-03, 2.769928e+03
8.575173e-03, 2.777320e+03
8.612490e-03, 2.784694e+03
8.649875e-03, 2.792055e+03
8.687309e-03, 2.799407e+03
8.724781e-03, 2.806751e+03
8.762292e-03, 2.814088e+03
8.799857e-03, 2.821414e+03
8.837512e-03, 2.828724e+03
8.875275e-03, 2.836013e+03
8.913138e-03, 2.843283e+03
8.951085e-03, 2.850538e+03
8.989094e-03, 2.857781e+03
9.027148e-03, 2.865014e+03
9.065235e-03, 2.872242e+03
9.103379e-03, 2.879458e+03
9.141609e-03, 2.886657e+03
9.179938e-03, 2.893838e+03
9.218369e-03, 2.901000e+03
9.256888e-03, 2.908144e+03
9.295475e-03, 2.915276e+03
9.334111e-03, 2.922398e+03
9.372784e-03, 2.929512e+03
9.411502e-03, 2.936617e+03
9.450312e-03, 2.943705e+03
9.489225e-03, 2.950772e+03
9.528245e-03, 2.957820e+03
9.567360e-03, 2.964849e+03
9.606547e-03, 2.971865e+03
9.645798e-03, 2.978868e+03
9.685092e-03, 2.985862e+03
9.724424e-03, 2.992849e+03
9.763801e-03, 2.999826e+03
9.803263e-03, 3.006787e+03
9.842831e-03, 3.013728e+03
9.882492e-03, 3.020651e+03
9.922257e-03, 3.027554e+03
9.962123e-03, 3.034439e+03
1.000209e-02, 3.041304e+03
1.004216e-02, 3.048150e+03
1.008231e-02, 3.054980e+03
1.012255e-02, 3.061794e+03
1.016287e-02, 3.068593e+03
1.020327e-02, 3.075378e+03
1.024376e-02, 3.082146e+03
1.028434e-02, 3.088897e+03
1.032501e-02, 3.095631e+03
1.036576e-02, 3.102348e+03
1.040660e-02, 3.109050e+03
1.044751e-02, 3.115737e+03
1.048850e-02, 3.122411e+03
1.052956e-02, 3.129070e+03
1.057075e-02, 3.135704e+03
1.061208e-02, 3.142312e+03
1.065354e-02, 3.148896e+03
1.069514e-02, 3.155454e+03
1.073687e-02, 3.161988e+03
1.077871e-02, 3.168500e+03
1.082066e-02, 3.174994e+03
1.086269e-02, 3.181471e+03
1.090481e-02, 3.187934e+03
1.094700e-02, 3.194380e+03
1.098929e-02, 3.200810e+03
1.103167e-02, 3.207219e+03
1.107415e-02, 3.213611e+03
1.111672e-02, 3.219986e+03
1.115938e-02, 3.226343e+03
1.120215e-02, 3.232680e+03
1.124502e-02, 3.238996e+03
1.128800e-02, 3.245292e+03
1.133111e-02, 3.251563e+03
1.137433e-02, 3.257814e+03
1.141764e-02, 3.264046e+03
1.146104e-02, 3.270262e+03
1.150450e-02, 3.276465e+03
1.154801e-02, 3.282658e+03
1.159157e-02, 3.288842e+03
1.163517e-02, 3.295016e+03
1.167883e-02, 3.301179e+03
1.172257e-02, 3.307325e+03
1.176641e-02, 3.313452e+03
1.181035e-02, 3.319560e+03
1.185439e-02, 3.325648e+03
1.189853e-02, 3.331716e+03
1.194278e-02, 3.337763e+03
1.198716e-02, 3.343786e+03
1.203165e-02, 3.349786e+03
1.207624e-02, 3.355766e+03
1.212093e-02, 3.361726e+03
1.216570e-02, 3.367672e+03
1.221052e-02, 3.373606e+03
1.225540e-02, 3.379529e+03
1.230033e-02, 3.385441e+03
1.234530e-02, 3.391344e+03
1.239034e-02, 3.397235e+03
1.243544e-02, 3.403111e+03
1.248064e-02, 3.408969e+03
1.252594e-02, 3.414808e+03
1.257135e-02, 3.420626e+03
1.261687e-02, 3.426423e+03
1.266250e-02, 3.432198e+03
1.270824e-02, 3.437951e+03
1.275409e-02, 3.443683e+03
1.280006e-02, 3.449392e+03
1.284611e-02, 3.455084e+03
1.289226e-02, 3.460758e+03
1.293849e-02, 3.466415e+03
1.298479e-02, 3.472058e+03
1.303115e-02, 3.477690e+03
1.307756e-02, 3.483310e+03
1.312405e-02, 3.488915e+03
1.317061e-02, 3.494506e+03
1.321727e-02, 3.500078e+03
1.326402e-02, 3.505631e+03
1.331086e-02, 3.511167e+03
1.335780e-02, 3.516685e+03
1.340484e-02, 3.522183e+03
1.345198e-02, 3.527661e+03
1.349923e-02, 3.533118e+03
1.354662e-02, 3.538548e+03
1.359413e-02, 3.543956e+03
1.364173e-02, 3.549344e+03
1.368941e-02, 3.554717e+03
1.373717e-02, 3.560075e+03
1.378498e-02, 3.565421e+03
1.383288e-02, 3.570751e+03
1.388086e-02, 3.576064e+03
1.392891e-02, 3.581362e+03
1.397703e-02, 3.586648e+03
1.402522e-02, 3.591918e+03
1.407349e-02, 3.597173e+03
1.412185e-02, 3.602411e+03
1.417028e-02, 3.607633e+03
1.421880e-02, 3.612837e+03
1.426741e-02, 3.618025e+03
1.431613e-02, 3.623190e+03
1.436498e-02, 3.628332e+03
1.441394e-02, 3.633449e+03
1.446302e-02, 3.638544e+03
1.451218e-02, 3.643624e+03
1.456142e-02, 3.648687e+03
1.461072e-02, 3.653736e+03
1.466009e-02, 3.658773e+03
1.470951e-02, 3.663798e+03
1.475900e-02, 3.668810e+03
1.480855e-02, 3.673808e+03
1.485817e-02, 3.678792e+03
1.490786e-02, 3.683762e+03
1.495764e-02, 3.688714e+03
1.500750e-02, 3.693649e+03
1.505748e-02, 3.698562e+03
1.510756e-02, 3.703453e+03
1.515774e-02, 3.708326e+03
1.520804e-02, 3.713176e+03
1.525844e-02, 3.718004e+03
1.530895e-02, 3.722812e+03
1.535956e-02, 3.727600e+03
1.541027e-02, 3.732366e+03
1.546107e-02, 3.737114e+03
1.551197e-02, 3.741842e+03
1.556297e-02, 3.746550e+03
1.561409e-02, 3.751235e+03
1.566534e-02, 3.755893e+03
1.571673e-02, 3.760525e+03
1.576825e-02, 3.765131e+03
1.581990e-02, 3.769710e+03
1.587170e-02, 3.774261e+03
1.592362e-02, 3.778787e+03
1.597569e-02, 3.783284e+03
1.602790e-02, 3.787755e+03
1.608023e-02, 3.792199e+03
1.613270e-02, 3.796618e+03
1.618532e-02, 3.801007e+03
1.623808e-02, 3.805368e+03
1.629097e-02, 3.809702e+03
1.634400e-02, 3.814010e+03
1.639714e-02, 3.818293e+03
1.645040e-02, 3.822555e+03
1.650375e-02, 3.826796e+03
1.655721e-02, 3.831016e+03
1.661079e-02, 3.835212e+03
1.666448e-02, 3.839385e+03
1.671830e-02, 3.843534e+03
1.677224e-02, 3.847658e+03
1.682630e-02, 3.851758e+03
1.688049e-02, 3.855831e+03
1.693481e-02, 3.859878e+03
1.698927e-02, 3.863899e+03
1.704385e-02, 3.867894e+03
1.709857e-02, 3.871862e+03
1.715344e-02, 3.875802e+03
1.720844e-02, 3.879715e+03
1.726357e-02, 3.883601e+03
1.731883e-02, 3.887461e+03
1.737421e-02, 3.891298e+03
1.742969e-02, 3.895112e+03
1.748529e-02, 3.898904e+03
1.754099e-02, 3.902675e+03
1.759681e-02, 3.906422e+03
1.765276e-02, 3.910144e+03
1.770882e-02, 3.913842e+03
1.776502e-02, 3.917514e+03
1.782134e-02, 3.921159e+03
1.787780e-02, 3.924778e+03
1.793439e-02, 3.928372e+03
1.799111e-02, 3.931938e+03
1.804798e-02, 3.935477e+03
1.810498e-02, 3.938989e+03
1.816212e-02, 3.942472e+03
1.821940e-02, 3.945927e+03
1.827682e-02, 3.949357e+03
1.833435e-02, 3.952761e+03
1.839201e-02, 3.956141e+03
1.844977e-02, 3.959499e+03
1.850765e-02, 3.962833e+03
1.856564e-02, 3.966146e+03
1.862375e-02, 3.969433e+03
1.868198e-02, 3.972696e+03
1.874035e-02, 3.975933e+03
1.879884e-02, 3.979144e+03
1.885747e-02, 3.982328e+03
1.891622e-02, 3.985486e+03
1.897511e-02, 3.988617e+03
1.903415e-02, 3.991719e+03
1.909333e-02, 3.994794e+03
1.915263e-02, 3.997843e+03
1.921207e-02, 4.000864e+03
1.927163e-02, 4.003860e+03
1.933133e-02, 4.006830e+03
1.939116e-02, 4.009773e+03
1.945111e-02, 4.012690e+03
1.951119e-02, 4.015582e+03
1.957138e-02, 4.018452e+03
1.963167e-02, 4.021301e+03
1.969208e-02, 4.024126e+03
1.975261e-02, 4.026926e+03
1.981328e-02, 4.029698e+03
1.987409e-02, 4.032444e+03
1.993502e-02, 4.035163e+03
1.999609e-02, 4.037855e+03
2.005731e-02, 4.040518e+03
2.011867e-02, 4.043153e+03
2.018016e-02, 4.045762e+03
2.024178e-02, 4.048345e+03
2.030354e-02, 4.050902e+03
2.036542e-02, 4.053432e+03
2.042744e-02, 4.055936e+03
2.048959e-02, 4.058413e+03
2.055187e-02, 4.060863e+03
2.061427e-02, 4.063290e+03
2.067677e-02, 4.065697e+03
2.073936e-02, 4.068083e+03
2.080207e-02, 4.070446e+03
2.086491e-02, 4.072784e+03
2.092788e-02, 4.075096e+03
2.099100e-02, 4.077379e+03
2.105424e-02, 4.079637e+03
2.111763e-02, 4.081866e+03
2.118116e-02, 4.084067e+03
2.124482e-02, 4.086241e+03
2.130860e-02, 4.088393e+03
2.137249e-02, 4.090522e+03
2.143650e-02, 4.092626e+03
2.150064e-02, 4.094706e+03
2.156490e-02, 4.096760e+03
2.162930e-02, 4.098788e+03
2.169382e-02, 4.100791e+03
2.175844e-02, 4.102772e+03
2.182315e-02, 4.104736e+03
2.188795e-02, 4.106681e+03
2.195286e-02, 4.108605e+03
2.201789e-02, 4.110505e+03
2.208305e-02, 4.112379e+03
2.214834e-02, 4.114228e+03
2.221374e-02, 4.116053e+03
2.227927e-02, 4.117854e+03
2.234493e-02, 4.119631e+03
2.241070e-02, 4.121382e+03
2.247659e-02, 4.123112e+03
2.254258e-02, 4.124821e+03
2.260868e-02, 4.126508e+03
2.267490e-02, 4.128174e+03
2.274123e-02, 4.129815e+03
2.280768e-02, 4.131432e+03
2.287424e-02, 4.133028e+03
2.294090e-02, 4.134604e+03
2.300763e-02, 4.136163e+03
2.307445e-02, 4.137707e+03
2.314135e-02, 4.139233e+03
2.320836e-02, 4.140736e+03
2.327550e-02, 4.142215e+03
2.334276e-02, 4.143672e+03
2.341013e-02, 4.145106e+03
2.347761e-02, 4.146518e+03
2.354520e-02, 4.147909e+03
2.361290e-02, 4.149278e+03
2.368071e-02, 4.150626e+03
2.374860e-02, 4.151957e+03
2.381657e-02, 4.153270e+03
2.388463e-02, 4.154567e+03
2.395279e-02, 4.155845e+03
2.402105e-02, 4.157100e+03
2.408943e-02, 4.158333e+03
2.415792e-02, 4.159545e+03
2.422650e-02, 4.160737e+03
2.429516e-02, 4.161913e+03
2.436390e-02, 4.163073e+03
2.443273e-02, 4.164215e+03
2.450168e-02, 4.165335e+03
2.457075e-02, 4.166431e+03
2.463993e-02, 4.167504e+03
2.470923e-02, 4.168556e+03
2.477864e-02, 4.169586e+03
2.484815e-02, 4.170594e+03
2.491778e-02, 4.171581e+03
2.498751e-02, 4.172546e+03
2.505733e-02, 4.173493e+03
2.512723e-02, 4.174424e+03
2.519720e-02, 4.175341e+03
2.526727e-02, 4.176239e+03
2.533746e-02, 4.177113e+03
2.540777e-02, 4.177963e+03
2.547820e-02, 4.178789e+03
2.554874e-02, 4.179594e+03
2.561937e-02, 4.180380e+03
2.569009e-02, 4.181147e+03
2.576091e-02, 4.181895e+03
2.583183e-02, 4.182621e+03
2.590289e-02, 4.183324e+03
2.597406e-02, 4.184002e+03
2.604535e-02, 4.184658e+03
2.611676e-02, 4.185289e+03
2.618830e-02, 4.185897e+03
2.625996e-02, 4.186480e+03
2.633175e-02, 4.187039e+03
2.640363e-02, 4.187577e+03
2.647560e-02, 4.188097e+03
2.654765e-02, 4.188602e+03
2.661977e-02, 4.189091e+03
2.669199e-02, 4.189560e+03
2.676432e-02, 4.190007e+03
2.683677e-02, 4.190433e+03
2.690932e-02, 4.190836e+03
2.698198e-02, 4.191219e+03
2.705474e-02, 4.191581e+03
2.712760e-02, 4.191923e+03
2.720060e-02, 4.192240e+03
2.727373e-02, 4.192529e+03
2.734700e-02, 4.192791e+03
2.742040e-02, 4.193027e+03
2.749394e-02, 4.193235e+03
2.756766e-02, 4.193409e+03
2.764157e-02, 4.193545e+03
2.771567e-02, 4.193641e+03
2.778997e-02, 4.193698e+03
2.786444e-02, 4.193718e+03
2.793909e-02, 4.193704e+03
2.801391e-02, 4.193655e+03
2.808891e-02, 4.193570e+03
2.816409e-02, 4.193447e+03
2.823948e-02, 4.193286e+03
2.831504e-02, 4.193089e+03
2.839078e-02, 4.192857e+03
2.846670e-02, 4.192589e+03
2.854282e-02, 4.192282e+03
2.861912e-02, 4.191938e+03
2.869562e-02, 4.191555e+03
2.877232e-02, 4.191134e+03
2.884921e-02, 4.190676e+03
2.892627e-02, 4.190183e+03
2.900349e-02, 4.189658e+03
2.908089e-02, 4.189098e+03
2.915846e-02, 4.188504e+03
2.923618e-02, 4.187878e+03
2.931407e-02, 4.187221e+03
2.939212e-02, 4.186530e+03
2.947035e-02, 4.185805e+03
2.954874e-02, 4.185048e+03
2.962728e-02, 4.184260e+03
2.970598e-02, 4.183443e+03
2.978482e-02, 4.182595e+03
2.986382e-02, 4.181716e+03
2.994299e-02, 4.180806e+03
3.002231e-02, 4.179864e+03
3.010180e-02, 4.178890e+03
3.018147e-02, 4.177882e+03
3.026132e-02, 4.176837e+03
3.034134e-02, 4.175761e+03
3.042150e-02, 4.174655e+03
3.050179e-02, 4.173523e+03
3.058221e-02, 4.172366e+03
3.066277e-02, 4.171182e+03
3.074348e-02, 4.169968e+03
3.082435e-02, 4.168724e+03
3.090537e-02, 4.167451e+03
3.098655e-02, 4.166148e+03
3.106786e-02, 4.164817e+03
3.114932e-02, 4.163459e+03
3.123089e-02, 4.162077e+03
3.131259e-02, 4.160671e+03
3.139439e-02, 4.159244e+03
3.147631e-02, 4.157794e+03
3.155835e-02, 4.156321e+03
3.164051e-02, 4.154824e+03
3.172281e-02, 4.153301e+03
3.180528e-02, 4.151747e+03
3.188791e-02, 4.150162e+03
3.197068e-02, 4.148550e+03
3.205357e-02, 4.146913e+03
3.213657e-02, 4.145255e+03
3.221967e-02, 4.143577e+03
3.230287e-02, 4.141880e+03
3.238618e-02, 4.140163e+03
3.246962e-02, 4.138421e+03
3.255320e-02, 4.136654e+03
3.263691e-02, 4.134862e+03
3.272075e-02, 4.133046e+03
3.280471e-02, 4.131207e+03
3.288878e-02, 4.129347e+03
3.297295e-02, 4.127468e+03
3.305720e-02, 4.125572e+03
3.314152e-02, 4.123662e+03
3.322590e-02, 4.121741e+03
3.331032e-02, 4.119810e+03
3.339481e-02, 4.117868e+03
3.347940e-02, 4.115907e+03
3.356411e-02, 4.113926e+03
3.364893e-02, 4.111925e+03
3.373387e-02, 4.109903e+03
3.381889e-02, 4.107862e+03
3.390403e-02, 4.105802e+03
3.398928e-02, 4.103721e+03
3.407463e-02, 4.101621e+03
3.416007e-02, 4.099503e+03
3.424558e-02, 4.097371e+03
3.433120e-02, 4.095220e+03
3.441693e-02, 4.093049e+03
3.450277e-02, 4.090857e+03
3.458873e-02, 4.088644e+03
3.467477e-02, 4.086413e+03
3.476089e-02, 4.084167e+03
3.484708e-02, 4.081907e+03
3.493332e-02, 4.079634e+03
3.501963e-02, 4.077350e+03
3.510601e-02, 4.075053e+03
3.519247e-02, 4.072741e+03
3.527902e-02, 4.070411e+03
3.536569e-02, 4.068061e+03
3.545247e-02, 4.065690e+03
3.553938e-02, 4.063298e+03
3.562641e-02, 4.060881e+03
3.571361e-02, 4.058435e+03
3.580096e-02, 4.055959e+03
3.588846e-02, 4.053454e+03
3.597610e-02, 4.050921e+03
3.606390e-02, 4.048360e+03
3.615183e-02, 4.045770e+03
3.623993e-02, 4.043149e+03
3.632820e-02, 4.040495e+03
3.641665e-02, 4.037809e+03
3.650525e-02, 4.035091e+03
3.659399e-02, 4.032345e+03
3.668286e-02, 4.029573e+03
3.677186e-02, 4.026775e+03
3.686099e-02, 4.023951e+03
3.695026e-02, 4.021101e+03
3.703968e-02, 4.018222e+03
3.712926e-02, 4.015314e+03
3.721902e-02, 4.012374e+03
3.730893e-02, 4.009402e+03
3.739903e-02, 4.006398e+03
3.748931e-02, 4.003359e+03
3.757981e-02, 4.000281e+03
3.767049e-02, 3.997166e+03
3.776136e-02, 3.994017e+03
3.785240e-02, 3.990835e+03
3.794362e-02, 3.987621e+03
3.803501e-02, 3.984373e+03
3.812657e-02, 3.981092e+03
3.821830e-02, 3.977779e+03
3.831019e-02, 3.974437e+03
3.840221e-02, 3.971067e+03
3.849436e-02, 3.967671e+03
3.858663e-02, 3.964253e+03
3.867900e-02, 3.960813e+03
3.877148e-02, 3.957353e+03
3.886406e-02, 3.953873e+03
3.895678e-02, 3.950370e+03
3.904963e-02, 3.946840e+03
3.914264e-02, 3.943284e+03
3.923580e-02, 3.939699e+03
3.932913e-02, 3.936085e+03
3.942263e-02, 3.932440e+03
3.951630e-02, 3.928764e+03
3.961014e-02, 3.925056e+03
3.970415e-02, 3.921318e+03
3.979832e-02, 3.917551e+03
3.989263e-02, 3.913756e+03
3.998711e-02, 3.909932e+03
4.008173e-02, 3.906080e+03
4.017648e-02, 3.902204e+03
4.027136e-02, 3.898304e+03
4.036634e-02, 3.894383e+03
4.046142e-02, 3.890443e+03
4.055659e-02, 3.886486e+03
4.065184e-02, 3.882513e+03
4.074716e-02, 3.878526e+03
4.084259e-02, 3.874521e+03
4.093815e-02, 3.870495e+03
4.103386e-02, 3.866444e+03
4.112972e-02, 3.862366e+03
4.122570e-02, 3.858265e+03
4.132182e-02, 3.854140e+03
4.141807e-02, 3.849990e+03
4.151447e-02, 3.845816e+03
4.161101e-02, 3.841616e+03
4.170767e-02, 3.837394e+03
4.180447e-02, 3.833150e+03
4.190140e-02, 3.828881e+03
4.199845e-02, 3.824591e+03
4.209563e-02, 3.820278e+03
4.219293e-02, 3.815943e+03
4.229034e-02, 3.811588e+03
4.238785e-02, 3.807215e+03
4.248543e-02, 3.802827e+03
4.258309e-02, 3.798426e+03
4.268080e-02, 3.794014e+03
4.277858e-02, 3.789592e+03
4.287644e-02, 3.785156e+03
4.297438e-02, 3.780705e+03
4.307243e-02, 3.776239e+03
4.317058e-02, 3.771754e+03
4.326885e-02, 3.767251e+03
4.336720e-02, 3.762732e+03
4.346563e-02, 3.758199e+03
4.356417e-02, 3.753649e+03
4.366284e-02, 3.749078e+03
4.376162e-02, 3.744488e+03
4.386051e-02, 3.739880e+03
4.395951e-02, 3.735254e+03
4.405861e-02, 3.730610e+03
4.415782e-02, 3.725948e+03
4.425712e-02, 3.721270e+03
4.435652e-02, 3.716575e+03
4.445602e-02, 3.711865e+03
4.455559e-02, 3.707140e+03
4.465522e-02, 3.702404e+03
4.475490e-02, 3.697660e+03
4.485462e-02, 3.692910e+03
4.495439e-02, 3.688151e+03
4.505424e-02, 3.683382e+03
4.515415e-02, 3.678601e+03
4.525414e-02, 3.673809e+03
4.535422e-02, 3.669004e+03
4.545438e-02, 3.664185e+03
4.555462e-02, 3.659354e+03
4.565491e-02, 3.654514e+03
4.575526e-02, 3.649664e+03
4.585571e-02, 3.644800e+03
4.595627e-02, 3.639921e+03
4.605691e-02, 3.635029e+03
4.615762e-02, 3.630124e+03
4.625843e-02, 3.625206e+03
4.635932e-02, 3.620275e+03
4.646028e-02, 3.615333e+03
4.656131e-02, 3.610378e+03
4.666243e-02, 3.605411e+03
4.676361e-02, 3.600433e+03
4.686485e-02, 3.595445e+03
4.696612e-02, 3.590452e+03
4.706743e-02, 3.585454e+03
4.716875e-02, 3.580454e+03
4.727011e-02, 3.575451e+03
4.737152e-02, 3.570440e+03
4.747298e-02, 3.565422e+03
4.757450e-02, 3.560397e+03
4.767609e-02, 3.555363e+03
4.777774e-02, 3.550319e+03
4.787944e-02, 3.545269e+03
4.798116e-02, 3.540214e+03
4.808293e-02, 3.535155e+03
4.818477e-02, 3.530087e+03
4.828670e-02, 3.525007e+03
4.838870e-02, 3.519918e+03
4.849076e-02, 3.514820e+03
4.859288e-02, 3.509713e+03
4.869507e-02, 3.504597e+03
4.879732e-02, 3.499473e+03
4.889962e-02, 3.494341e+03
4.900197e-02, 3.489202e+03
4.910437e-02, 3.484056e+03
4.920682e-02, 3.478903e+03
4.930929e-02, 3.473748e+03
4.941177e-02, 3.468591e+03
4.951425e-02, 3.463437e+03
4.961673e-02, 3.458284e+03
4.971924e-02, 3.453131e+03
4.982178e-02, 3.447974e+03
4.992436e-02, 3.442813e+03
5.002698e-02, 3.437647e+03
5.012966e-02, 3.432475e+03
5.023239e-02, 3.427298e+03
5.033514e-02, 3.422117e+03
5.043790e-02, 3.416936e+03
5.054068e-02, 3.411754e+03
5.064353e-02, 3.406567e+03
5.074644e-02, 3.401372e+03
5.084940e-02, 3.396172e+03
5.095241e-02, 3.390966e+03
5.105545e-02, 3.385757e+03
5.115854e-02, 3.380543e+03
5.126168e-02, 3.375324e+03
5.136484e-02, 3.370102e+03
5.146803e-02, 3.364876e+03
5.157126e-02, 3.359648e+03
5.167453e-02, 3.354416e+03
5.177780e-02, 3.349183e+03
5.188107e-02, 3.343952e+03
5.198433e-02, 3.338725e+03
5.208757e-02, 3.333504e+03
5.219079e-02, 3.328289e+03
5.229402e-02, 3.323076e+03
5.239727e-02, 3.317865e+03
5.250052e-02, 3.312656e+03
5.260380e-02, 3.307447e+03
5.270710e-02, 3.302238e+03
5.281041e-02, 3.297028e+03
5.291373e-02, 3.291821e+03
5.301703e-02, 3.286620e+03
5.312030e-02, 3.281426e+03
5.322359e-02, 3.276234e+03
5.332691e-02, 3.271043e+03
5.343024e-02, 3.265854e+03
5.353357e-02, 3.260668e+03
5.363689e-02, 3.255487e+03
5.374022e-02, 3.250309e+03
5.384356e-02, 3.245134e+03
5.394690e-02, 3.239961e+03
5.405023e-02, 3.234793e+03
5.415356e-02, 3.229629e+03
5.425688e-02, 3.224470e+03
5.436018e-02, 3.219317e+03
5.446344e-02, 3.214173e+03
5.456666e-02, 3.209040e+03
5.466981e-02, 3.203920e+03
5.477289e-02, 3.198815e+03
5.487589e-02, 3.193727e+03
5.497885e-02, 3.188653e+03
5.508177e-02, 3.183590e+03
5.518464e-02, 3.178539e+03
5.528748e-02, 3.173499e+03
5.539029e-02, 3.168469e+03
5.549307e-02, 3.163448e+03
5.559580e-02, 3.158438e+03
5.569849e-02, 3.153441e+03
5.580109e-02, 3.148459e+03
5.590363e-02, 3.143494e+03
5.600613e-02, 3.138541e+03
5.610861e-02, 3.133597e+03
5.621106e-02, 3.128664e+03
5.631346e-02, 3.123743e+03
5.641580e-02, 3.118835e+03
5.651809e-02, 3.113941e+03
5.662033e-02, 3.109061e+03
5.672253e-02, 3.104192e+03
5.682469e-02, 3.099335e+03
5.692678e-02, 3.094491e+03
5.702882e-02, 3.089660e+03
5.713081e-02, 3.084843e+03
5.723275e-02, 3.080039e+03
5.733460e-02, 3.075251e+03
5.743638e-02, 3.070480e+03
5.753806e-02, 3.065727e+03
5.763964e-02, 3.060994e+03
5.774111e-02, 3.056284e+03
5.784249e-02, 3.051594e+03
5.794379e-02, 3.046922e+03
5.804503e-02, 3.042266e+03
5.814621e-02, 3.037625e+03
5.824734e-02, 3.032997e+03
5.834841e-02, 3.028383e+03
5.844943e-02, 3.023782e+03
5.855040e-02, 3.019193e+03
5.865132e-02, 3.014618e+03
5.875215e-02, 3.010058e+03
5.885290e-02, 3.005517e+03
5.895358e-02, 3.000991e+03
5.905423e-02, 2.996478e+03
5.915485e-02, 2.991976e+03
5.925543e-02, 2.987484e+03
5.935595e-02, 2.983006e+03
5.945640e-02, 2.978541e+03
5.955679e-02, 2.974092e+03
5.965711e-02, 2.969657e+03
5.975738e-02, 2.965237e+03
5.985761e-02, 2.960828e+03
5.995779e-02, 2.956429e+03
6.005793e-02, 2.952041e+03
6.015803e-02, 2.947665e+03
6.025807e-02, 2.943300e+03
6.035806e-02, 2.938947e+03
6.045801e-02, 2.934605e+03
6.055791e-02, 2.930274e+03
6.065775e-02, 2.925955e+03
6.075753e-02, 2.921649e+03
6.085723e-02, 2.917358e+03
6.095686e-02, 2.913083e+03
6.105640e-02, 2.908824e+03
6.115589e-02, 2.904578e+03
6.125533e-02, 2.900345e+03
6.135475e-02, 2.896119e+03
6.145415e-02, 2.891902e+03
6.155352e-02, 2.887691e+03
6.165287e-02, 2.883488e+03
6.175220e-02, 2.879291e+03
6.185152e-02, 2.875100e+03
6.195082e-02, 2.870914e+03
6.205009e-02, 2.866736e+03
6.214933e-02, 2.862567e+03
6.224854e-02, 2.858406e+03
6.234773e-02, 2.854253e+03
6.244691e-02, 2.850107e+03
6.254607e-02, 2.845967e+03
6.264522e-02, 2.841832e+03
6.274434e-02, 2.837705e+03
6.284342e-02, 2.833587e+03
6.294245e-02, 2.829480e+03
6.304143e-02, 2.825383e+03
6.314038e-02, 2.821295e+03
6.323930e-02, 2.817216e+03
6.333821e-02, 2.813144e+03
6.343709e-02, 2.809078e+03
6.353595e-02, 2.805019e+03
6.363479e-02, 2.800966e+03
6.373361e-02, 2.796919e+03
6.383240e-02, 2.792880e+03
6.393116e-02, 2.788848e+03
6.402989e-02, 2.784823e+03
6.412859e-02, 2.780808e+03
6.422723e-02, 2.776801e+03
6.432582e-02, 2.772806e+03
6.442435e-02, 2.768824e+03
6.452279e-02, 2.764856e+03
6.462118e-02, 2.760900e+03
6.471952e-02, 2.756955e+03
6.481785e-02, 2.753018e+03
6.491617e-02, 2.749083e+03
6.501451e-02, 2.745150e+03
6.511286e-02, 2.741216e+03
6.521123e-02, 2.737281e+03
6.530962e-02, 2.733346e+03
6.540804e-02, 2.729408e+03
6.550651e-02, 2.725468e+03
6.560501e-02, 2.721525e+03
6.570352e-02, 2.717581e+03
6.580204e-02, 2.713637e+03
6.590057e-02, 2.709694e+03
6.599911e-02, 2.705753e+03
6.609766e-02, 2.701813e+03
6.619623e-02, 2.697872e+03
6.629483e-02, 2.693931e+03
6.639345e-02, 2.689989e+03
6.649208e-02, 2.686046e+03
6.659072e-02, 2.682103e+03
6.668937e-02, 2.678159e+03
6.678805e-02, 2.674212e+03
6.688678e-02, 2.670262e+03
6.698554e-02, 2.666307e+03
6.708435e-02, 2.662347e+03
6.718320e-02, 2.658383e+03
6.728211e-02, 2.654412e+03
6.738107e-02, 2.650436e+03
6.748006e-02, 2.646456e+03
6.757909e-02, 2.642473e+03
6.767814e-02, 2.638488e+03
6.777720e-02, 2.634503e+03
6.787627e-02, 2.630518e+03
6.797535e-02, 2.626534e+03
6.807443e-02, 2.622552e+03
6.817349e-02, 2.618573e+03
6.827253e-02, 2.614599e+03
6.837154e-02, 2.610631e+03
6.847054e-02, 2.606668e+03
6.856954e-02, 2.602710e+03
6.866855e-02, 2.598752e+03
6.876758e-02, 2.594795e+03
6.886664e-02, 2.590838e+03
6.896570e-02, 2.586881e+03
6.906477e-02, 2.582926e+03
6.916384e-02, 2.578972e+03
6.926293e-02, 2.575020e+03
6.936205e-02, 2.571067e+03
6.946120e-02, 2.567114e+03
6.956035e-02, 2.563163e+03
6.965949e-02, 2.559214e+03
6.975862e-02, 2.555270e+03
6.985774e-02, 2.551331e+03
6.995685e-02, 2.547397e+03
7.005595e-02, 2.543467e+03
7.015506e-02, 2.539541e+03
7.025418e-02, 2.535617e+03
7.035329e-02, 2.531696e+03
7.045239e-02, 2.527779e+03
7.055147e-02, 2.523868e+03
7.065053e-02, 2.519963e+03
7.074957e-02, 2.516063e+03
7.084860e-02, 2.512169e+03
7.094760e-02, 2.508281e+03
7.104657e-02, 2.504401e+03
7.114553e-02, 2.500527e+03
7.124449e-02, 2.496656e+03
7.134345e-02, 2.492789e+03
7.144239e-02, 2.488926e+03
7.154132e-02, 2.485069e+03
7.164024e-02, 2.481217e+03
7.173912e-02, 2.477372e+03
7.183798e-02, 2.473535e+03
7.193681e-02, 2.469705e+03
7.203561e-02, 2.465882e+03
7.213436e-02, 2.462068e+03
7.223307e-02, 2.458264e+03
7.233172e-02, 2.454470e+03
7.243034e-02, 2.450686e+03
7.252892e-02, 2.446909e+03
7.262749e-02, 2.443139e+03
7.272606e-02, 2.439374e+03
7.282463e-02, 2.435612e+03
7.292318e-02, 2.431856e+03
7.302170e-02, 2.428106e+03
7.312018e-02, 2.424364e+03
7.321863e-02, 2.420631e+03
7.331703e-02, 2.416907e+03
7.341541e-02, 2.413191e+03
7.351375e-02, 2.409484e+03
7.361206e-02, 2.405785e+03
7.371036e-02, 2.402094e+03
7.380863e-02, 2.398410e+03
7.390686e-02, 2.394734e+03
7.400506e-02, 2.391067e+03
7.410323e-02, 2.387408e+03
7.420138e-02, 2.383756e+03
7.429950e-02, 2.380112e+03
7.439758e-02, 2.376476e+03
7.449564e-02, 2.372849e+03
7.459366e-02, 2.369229e+03
7.469164e-02, 2.365618e+03
7.478960e-02, 2.362014e+03
7.488755e-02, 2.358417e+03
7.498548e-02, 2.354825e+03
7.508339e-02, 2.351240e+03
7.518126e-02, 2.347662e+03
7.527910e-02, 2.344092e+03
7.537690e-02, 2.340530e+03
7.547464e-02, 2.336978e+03
7.557233e-02, 2.333438e+03
7.566997e-02, 2.329908e+03
7.576755e-02, 2.326388e+03
7.586511e-02, 2.322877e+03
7.596263e-02, 2.319375e+03
7.606015e-02, 2.315878e+03
7.615764e-02, 2.312388e+03
7.625510e-02, 2.308904e+03
7.635252e-02, 2.305429e+03
7.644992e-02, 2.301961e+03
7.654730e-02, 2.298500e+03
7.664465e-02, 2.295044e+03
7.674199e-02, 2.291595e+03
7.683930e-02, 2.288151e+03
7.693657e-02, 2.284715e+03
7.703380e-02, 2.281287e+03
7.713098e-02, 2.277868e+03
7.722814e-02, 2.274456e+03
7.732526e-02, 2.271053e+03
7.742235e-02, 2.267657e+03
7.751941e-02, 2.264269e+03
7.761643e-02, 2.260889e+03
7.771341e-02, 2.257518e+03
7.781035e-02, 2.254156e+03
7.790726e-02, 2.250803e+03
7.800414e-02, 2.247458e+03
7.810097e-02, 2.244122e+03
7.819776e-02, 2.240795e+03
7.829451e-02, 2.237478e+03
7.839121e-02, 2.234171e+03
7.848789e-02, 2.230871e+03
7.858454e-02, 2.227580e+03
7.868117e-02, 2.224295e+03
7.877777e-02, 2.221017e+03
7.887435e-02, 2.217746e+03
7.897091e-02, 2.214481e+03
7.906744e-02, 2.211223e+03
7.916394e-02, 2.207972e+03
7.926042e-02, 2.204727e+03
7.935690e-02, 2.201487e+03
7.945338e-02, 2.198250e+03
7.954987e-02, 2.195016e+03
7.964637e-02, 2.191784e+03
7.974285e-02, 2.188555e+03
7.983932e-02, 2.185331e+03
7.993575e-02, 2.182112e+03
8.003215e-02, 2.178900e+03
8.012851e-02, 2.175696e+03
8.022482e-02, 2.172500e+03
8.032110e-02, 2.169312e+03
8.041732e-02, 2.166133e+03
8.051350e-02, 2.162962e+03
8.060965e-02, 2.159798e+03
8.070579e-02, 2.156639e+03
8.080191e-02, 2.153484e+03
8.089801e-02, 2.150333e+03
8.099410e-02, 2.147186e+03
8.109017e-02, 2.144042e+03
8.118625e-02, 2.140902e+03
8.128233e-02, 2.137764e+03
8.137844e-02, 2.134626e+03
8.147457e-02, 2.131487e+03
8.157072e-02, 2.128348e+03
8.166687e-02, 2.125209e+03
8.176303e-02, 2.122070e+03
8.185920e-02, 2.118932e+03
8.195537e-02, 2.115795e+03
8.205154e-02, 2.112660e+03
8.214770e-02, 2.109528e+03
8.224385e-02, 2.106398e+03
8.234001e-02, 2.103270e+03
8.243618e-02, 2.100144e+03
8.253236e-02, 2.097018e+03
8.262857e-02, 2.093892e+03
8.272478e-02, 2.090767e+03
8.282101e-02, 2.087643e+03
8.291725e-02, 2.084519e+03
8.301350e-02, 2.081398e+03
8.310974e-02, 2.078278e+03
8.320598e-02, 2.075162e+03
8.330220e-02, 2.072050e+03
8.339841e-02, 2.068942e+03
8.349461e-02, 2.065837e+03
8.359080e-02, 2.062738e+03
8.368696e-02, 2.059644e+03
8.378310e-02, 2.056555e+03
8.387920e-02, 2.053473e+03
8.397528e-02, 2.050397e+03
8.407135e-02, 2.047326e+03
8.416745e-02, 2.044256e+03
8.426359e-02, 2.041183e+03
8.435978e-02, 2.038108e+03
8.445601e-02, 2.035029e+03
8.455226e-02, 2.031949e+03
8.464853e-02, 2.028868e+03
8.474479e-02, 2.025789e+03
8.484104e-02, 2.022712e+03
8.493729e-02, 2.019639e+03
8.503352e-02, 2.016569e+03
8.512974e-02, 2.013503e+03
8.522596e-02, 2.010440e+03
8.532216e-02, 2.007380e+03
8.541835e-02, 2.004324e+03
8.551453e-02, 2.001271e+03
8.561070e-02, 1.998222e+03
8.570684e-02, 1.995178e+03
8.580296e-02, 1.992139e+03
8.589905e-02, 1.989105e+03
8.599511e-02, 1.986078e+03
8.609115e-02, 1.983056e+03
8.618716e-02, 1.980040e+03
8.628315e-02, 1.977030e+03
8.637911e-02, 1.974025e+03
8.647504e-02, 1.971027e+03
8.657095e-02, 1.968034e+03
8.666683e-02, 1.965048e+03
8.676270e-02, 1.962067e+03
8.685855e-02, 1.959091e+03
8.695439e-02, 1.956119e+03
8.705023e-02, 1.953151e+03
8.714608e-02, 1.950184e+03
8.724193e-02, 1.947218e+03
8.733778e-02, 1.944256e+03
8.743363e-02, 1.941295e+03
8.752948e-02, 1.938337e+03
8.762532e-02, 1.935380e+03
8.772115e-02, 1.932427e+03
8.781697e-02, 1.929477e+03
8.791277e-02, 1.926532e+03
8.800857e-02, 1.923591e+03
8.810438e-02, 1.920651e+03
8.820021e-02, 1.917712e+03
8.829606e-02, 1.914774e+03
8.839192e-02, 1.911838e+03
8.848778e-02, 1.908904e+03
8.858364e-02, 1.905972e+03
8.867949e-02, 1.903044e+03
8.877533e-02, 1.900119e+03
8.887114e-02, 1.897200e+03
8.896693e-02, 1.894286e+03
8.906270e-02, 1.891377e+03
8.915843e-02, 1.888475e+03
8.925413e-02, 1.885580e+03
8.934979e-02, 1.882691e+03
8.944542e-02, 1.879809e+03
8.954101e-02, 1.876935e+03
8.963657e-02, 1.874067e+03
8.973210e-02, 1.871206e+03
8.982761e-02, 1.868352e+03
8.992308e-02, 1.865504e+03
9.001854e-02, 1.862662e+03
9.011398e-02, 1.859826e+03
9.020942e-02, 1.856993e+03
9.030490e-02, 1.854160e+03
9.040041e-02, 1.851326e+03
9.049596e-02, 1.848490e+03
9.059157e-02, 1.845651e+03
9.068719e-02, 1.842810e+03
9.078283e-02, 1.839969e+03
9.087847e-02, 1.837129e+03
9.097409e-02, 1.834292e+03
9.106970e-02, 1.831458e+03
9.116527e-02, 1.828630e+03
9.126082e-02, 1.825806e+03
9.135633e-02, 1.822989e+03
9.145182e-02, 1.820178e+03
9.154728e-02, 1.817373e+03
9.164273e-02, 1.814571e+03
9.173817e-02, 1.811774e+03
9.183358e-02, 1.808983e+03
9.192896e-02, 1.806196e+03
9.202433e-02, 1.803414e+03
9.211967e-02, 1.800638e+03
9.221498e-02, 1.797867e+03
9.231027e-02, 1.795103e+03
9.240552e-02, 1.792345e+03
9.250073e-02, 1.789593e+03
9.259592e-02, 1.786848e+03
9.269109e-02, 1.784108e+03
9.278623e-02, 1.781375e+03
9.288134e-02, 1.778647e+03
9.297641e-02, 1.775927e+03
9.307144e-02, 1.773213e+03
9.316644e-02, 1.770507e+03
9.326138e-02, 1.767809e+03
9.335629e-02, 1.765118e+03
9.345115e-02, 1.762435e+03
9.354596e-02, 1.759760e+03
9.364073e-02, 1.757093e+03
9.373545e-02, 1.754435e+03
9.383014e-02, 1.751783e+03
9.392481e-02, 1.749137e+03
9.401950e-02, 1.746494e+03
9.411421e-02, 1.743852e+03
9.420893e-02, 1.741211e+03
9.430365e-02, 1.738571e+03
9.439840e-02, 1.735933e+03
9.449316e-02, 1.733295e+03
9.458795e-02, 1.730658e+03
9.468276e-02, 1.728020e+03
9.477759e-02, 1.725383e+03
9.487242e-02, 1.722747e+03
9.496725e-02, 1.720114e+03
9.506206e-02, 1.717485e+03
9.515685e-02, 1.714860e+03
9.525162e-02, 1.712240e+03
9.534637e-02, 1.709625e+03
9.544110e-02, 1.707015e+03
9.553581e-02, 1.704410e+03
9.563049e-02, 1.701811e+03
9.572517e-02, 1.699215e+03
9.581982e-02, 1.696624e+03
9.591447e-02, 1.694037e+03
9.600911e-02, 1.691454e+03
9.610375e-02, 1.688874e+03
9.619838e-02, 1.686298e+03
9.629300e-02, 1.683724e+03
9.638761e-02, 1.681155e+03
9.648220e-02, 1.678590e+03
9.657676e-02, 1.676031e+03
9.667129e-02, 1.673476e+03
9.676579e-02, 1.670928e+03
9.686025e-02, 1.668387e+03
9.695468e-02, 1.665852e+03
9.704906e-02, 1.663325e+03
9.714342e-02, 1.660803e+03
9.723778e-02, 1.658286e+03
9.733215e-02, 1.655771e+03
9.742652e-02, 1.653258e+03
9.752091e-02, 1.650746e+03
9.761530e-02, 1.648236e+03
9.770969e-02, 1.645727e+03
9.780407e-02, 1.643221e+03
9.789843e-02, 1.640718e+03
9.799277e-02, 1.638219e+03
9.808709e-02, 1.635725e+03
9.818138e-02, 1.633236e+03
9.827564e-02, 1.630752e+03
9.836987e-02, 1.628274e+03
9.846406e-02, 1.625802e+03
9.855822e-02, 1.623337e+03
9.865235e-02, 1.620878e+03
9.874646e-02, 1.618423e+03
9.884055e-02, 1.615975e+03
9.893460e-02, 1.613531e+03
9.902863e-02, 1.611094e+03
9.912261e-02, 1.608663e+03
9.921657e-02, 1.606238e+03
9.931048e-02, 1.603821e+03
9.940435e-02, 1.601410e+03
9.949818e-02, 1.599006e+03
9.959197e-02, 1.596609e+03
9.968572e-02, 1.594219e+03
9.977943e-02, 1.591836e+03
9.987310e-02, 1.589460e+03
9.996674e-02, 1.587090e+03
1.000603e-01, 1.584728e+03
1.001539e-01, 1.582372e+03
1.002474e-01, 1.580022e+03
1.003410e-01, 1.577677e+03
1.004345e-01, 1.575337e+03
1.005279e-01, 1.573002e+03
1.006214e-01, 1.570672e+03
1.007148e-01, 1.568348e+03
1.008081e-01, 1.566031e+03
1.009015e-01, 1.563720e+03
1.009948e-01, 1.561414e+03
1.010881e-01, 1.559113e+03
1.011814e-01, 1.556816e+03
1.012747e-01, 1.554524e+03
1.013679e-01, 1.552238e+03
1.014611e-01, 1.549956e+03
1.015544e-01, 1.547678e+03
1.016476e-01, 1.545402e+03
1.017408e-01, 1.543128e+03
1.018341e-01, 1.540856e+03
1.019274e-01, 1.538584e+03
1.020207e-01, 1.536313e+03
1.021140e-01, 1.534044e+03
1.022073e-01, 1.531777e+03
1.023006e-01, 1.529512e+03
1.023939e-01, 1.527248e+03
1.024873e-01, 1.524984e+03
1.025806e-01, 1.522720e+03
1.026740e-01, 1.520456e+03
1.027674e-01, 1.518194e+03
1.028608e-01, 1.515934e+03
1.029541e-01, 1.513677e+03
1.030475e-01, 1.511423e+03
1.031408e-01, 1.509173e+03
1.032341e-01, 1.506927e+03
1.033275e-01, 1.504684e+03
1.034208e-01, 1.502446e+03
1.035140e-01, 1.500212e+03
1.036073e-01, 1.497983e+03
1.037005e-01, 1.495759e+03
1.037937e-01, 1.493542e+03
1.038868e-01, 1.491330e+03
1.039799e-01, 1.489124e+03
1.040730e-01, 1.486924e+03
1.041660e-01, 1.484731e+03
1.042591e-01, 1.482542e+03
1.043521e-01, 1.480357e+03
1.044450e-01, 1.478177e+03
1.045380e-01, 1.476002e+03
1.046309e-01, 1.473832e+03
1.047238e-01, 1.471667e+03
1.048167e-01, 1.469508e+03
1.049095e-01, 1.467354e+03
1.050024e-01, 1.465203e+03
1.050952e-01, 1.463056e+03
1.051880e-01, 1.460913e+03
1.052807e-01, 1.458773e+03
1.053735e-01, 1.456637e+03
1.054663e-01, 1.454503e+03
1.055591e-01, 1.452372e+03
1.056518e-01, 1.450243e+03
1.057446e-01, 1.448119e+03
1.058373e-01, 1.445999e+03
1.059300e-01, 1.443883e+03
1.060226e-01, 1.441772e+03
1.061153e-01, 1.439665e+03
1.062079e-01, 1.437564e+03
1.063005e-01, 1.435468e+03
1.063931e-01, 1.433376e+03
1.064856e-01, 1.431289e+03
1.065781e-01, 1.429207e+03
1.066706e-01, 1.427131e+03
1.067631e-01, 1.425059e+03
1.068555e-01, 1.422994e+03
1.069479e-01, 1.420934e+03
1.070402e-01, 1.418880e+03
1.071326e-01, 1.416832e+03
1.072248e-01, 1.414790e+03
1.073171e-01, 1.412753e+03
1.074093e-01, 1.410723e+03
1.075015e-01, 1.408699e+03
1.075936e-01, 1.406681e+03
1.076857e-01, 1.404669e+03
1.077777e-01, 1.402663e+03
1.078697e-01, 1.400663e+03
1.079617e-01, 1.398670e+03
1.080537e-01, 1.396681e+03
1.081456e-01, 1.394697e+03
1.082375e-01, 1.392716e+03
1.083295e-01, 1.390737e+03
1.084214e-01, 1.388761e+03
1.085134e-01, 1.386788e+03
1.086053e-01, 1.384819e+03
1.086971e-01, 1.382854e+03
1.087890e-01, 1.380894e+03
1.088808e-01, 1.378938e+03
1.089726e-01, 1.376988e+03
1.090644e-01, 1.375042e+03
1.091562e-01, 1.373102e+03
1.092479e-01, 1.371165e+03
1.093396e-01, 1.369234e+03
1.094313e-01, 1.367308e+03
1.095229e-01, 1.365387e+03
1.096146e-01, 1.363470e+03
1.097062e-01, 1.361556e+03
1.097978e-01, 1.359646e+03
1.098894e-01, 1.357739e+03
1.099810e-01, 1.355835e+03
1.100727e-01, 1.353933e+03
1.101643e-01, 1.352032e+03
1.102560e-01, 1.350131e+03
1.103477e-01, 1.348230e+03
1.104394e-01, 1.346330e+03
1.105311e-01, 1.344430e+03
1.106229e-01, 1.342530e+03
1.107146e-01, 1.340631e+03
1.108064e-01, 1.338731e+03
1.108982e-01, 1.336832e+03
1.109901e-01, 1.334933e+03
1.110819e-01, 1.333036e+03
1.111737e-01, 1.331141e+03
1.112655e-01, 1.329250e+03
1.113573e-01, 1.327361e+03
1.114490e-01, 1.325475e+03
1.115408e-01, 1.323594e+03
1.116325e-01, 1.321716e+03
1.117242e-01, 1.319843e+03
1.118159e-01, 1.317974e+03
1.119076e-01, 1.316110e+03
1.119992e-01, 1.314252e+03
1.120908e-01, 1.312398e+03
1.121823e-01, 1.310549e+03
1.122738e-01, 1.308706e+03
1.123653e-01, 1.306868e+03
1.124568e-01, 1.305035e+03
1.125482e-01, 1.303206e+03
1.126397e-01, 1.301379e+03
1.127311e-01, 1.299553e+03
1.128226e-01, 1.297729e+03
1.129140e-01, 1.295907e+03
1.130055e-01, 1.294088e+03
1.130969e-01, 1.292272e+03
1.131883e-01, 1.290459e+03
1.132796e-01, 1.288650e+03
1.133710e-01, 1.286842e+03
1.134624e-01, 1.285038e+03
1.135537e-01, 1.283237e+03
1.136450e-01, 1.281439e+03
1.137364e-01, 1.279644e+03
1.138277e-01, 1.277852e+03
1.139189e-01, 1.276064e+03
1.140102e-01, 1.274279e+03
1.141014e-01, 1.272499e+03
1.141926e-01, 1.270723e+03
1.142838e-01, 1.268952e+03
1.143750e-01, 1.267185e+03
1.144661e-01, 1.265423e+03
1.145571e-01, 1.263666e+03
1.146482e-01, 1.261914e+03
1.147392e-01, 1.260167e+03
1.148302e-01, 1.258425e+03
1.149211e-01, 1.256688e+03
1.150121e-01, 1.254956e+03
1.151030e-01, 1.253228e+03
1.151939e-01, 1.251505e+03
1.152847e-01, 1.249786e+03
1.153756e-01, 1.248071e+03
1.154664e-01, 1.246360e+03
1.155572e-01, 1.244653e+03
1.156479e-01, 1.242951e+03
1.157387e-01, 1.241252e+03
1.158294e-01, 1.239559e+03
1.159201e-01, 1.237869e+03
1.160108e-01, 1.236184e+03
1.161014e-01, 1.234504e+03
1.161920e-01, 1.232829e+03
1.162826e-01, 1.231158e+03
1.163732e-01, 1.229492e+03
1.164637e-01, 1.227831e+03
1.165542e-01, 1.226175e+03
1.166446e-01, 1.224523e+03
1.167351e-01, 1.222876e+03
1.168255e-01, 1.221234e+03
1.169158e-01, 1.219597e+03
1.170062e-01, 1.217964e+03
1.170965e-01, 1.216336e+03
1.171868e-01, 1.214713e+03
1.172770e-01, 1.213094e+03
1.173672e-01, 1.211481e+03
1.174574e-01, 1.209871e+03
1.175476e-01, 1.208264e+03
1.176378e-01, 1.206661e+03
1.177280e-01, 1.205061e+03
1.178181e-01, 1.203464e+03
1.179082e-01, 1.201872e+03
1.179983e-01, 1.200283e+03
1.180884e-01, 1.198697e+03
1.181785e-01, 1.197112e+03
1.182686e-01, 1.195531e+03
1.183587e-01, 1.193952e+03
1.184487e-01, 1.192376e+03
1.185388e-01, 1.190803e+03
1.186288e-01, 1.189234e+03
1.187188e-01, 1.187667e+03
1.188089e-01, 1.186103e+03
1.188989e-01, 1.184540e+03
1.189890e-01, 1.182979e+03
1.190790e-01, 1.181420e+03
1.191690e-01, 1.179865e+03
1.192590e-01, 1.178312e+03
1.193490e-01, 1.176763e+03
1.194390e-01, 1.175217e+03
1.195289e-01, 1.173675e+03
1.196188e-01, 1.172136e+03
1.197088e-01, 1.170600e+03
1.197987e-01, 1.169067e+03
1.198886e-01, 1.167538e+03
1.199784e-01, 1.166013e+03
1.200683e-01, 1.164491e+03
1.201581e-01, 1.162972e+03
1.202480e-01, 1.161454e+03
1.203379e-01, 1.159938e+03
1.204278e-01, 1.158421e+03
1.205178e-01, 1.156906e+03
1.206077e-01, 1.155392e+03
1.206976e-01, 1.153880e+03
1.207875e-01, 1.152371e+03
1.208774e-01, 1.150865e+03
1.209673e-01, 1.149362e+03
1.210571e-01, 1.147860e+03
1.211470e-01, 1.146361e+03
1.212369e-01, 1.144863e+03
1.213268e-01, 1.143366e+03
1.214168e-01, 1.141870e+03
1.215067e-01, 1.140371e+03
1.215967e-01, 1.138872e+03
1.216867e-01, 1.137373e+03
1.217767e-01, 1.135876e+03
1.218667e-01, 1.134380e+03
1.219567e-01, 1.132886e+03
1.220466e-01, 1.131395e+03
1.221365e-01, 1.129908e+03
1.222264e-01, 1.128423e+03
1.223163e-01, 1.126943e+03
1.224062e-01, 1.125466e+03
1.224960e-01, 1.123993e+03
1.225858e-01, 1.122524e+03
1.226756e-01, 1.121059e+03
1.227653e-01, 1.119597e+03
1.228550e-01, 1.118140e+03
1.229447e-01, 1.116686e+03
1.230344e-01, 1.115237e+03
1.231240e-01, 1.113791e+03
1.232136e-01, 1.112350e+03
1.233032e-01, 1.110912e+03
1.233927e-01, 1.109479e+03
1.234823e-01, 1.108049e+03
1.235718e-01, 1.106623e+03
1.236612e-01, 1.105202e+03
1.237507e-01, 1.103784e+03
1.238401e-01, 1.102370e+03
1.239295e-01, 1.100960e+03
1.240189e-01, 1.099555e+03
1.241082e-01, 1.098152e+03
1.241976e-01, 1.096753e+03
1.242869e-01, 1.095356e+03
1.243762e-01, 1.093961e+03
1.244655e-01, 1.092568e+03
1.245548e-01, 1.091177e+03
1.246441e-01, 1.089789e+03
1.247334e-01, 1.088404e+03
1.248226e-01, 1.087022e+03
1.249119e-01, 1.085642e+03
1.250011e-01, 1.084266e+03
1.250903e-01, 1.082893e+03
1.251795e-01, 1.081523e+03
1.252686e-01, 1.080155e+03
1.253578e-01, 1.078789e+03
1.254470e-01, 1.077426e+03
1.255361e-01, 1.076066e+03
1.256252e-01, 1.074709e+03
1.257143e-01, 1.073356e+03
1.258034e-01, 1.072006e+03
1.258924e-01, 1.070659e+03
1.259814e-01, 1.069315e+03
1.260704e-01, 1.067975e+03
1.261594e-01, 1.066638e+03
1.262484e-01, 1.065304e+03
1.263374e-01, 1.063973e+03
1.264263e-01, 1.062644e+03
1.265153e-01, 1.061318e+03
1.266042e-01, 1.059995e+03
1.266931e-01, 1.058676e+03
1.267820e-01, 1.057359e+03
1.268709e-01, 1.056045e+03
1.269597e-01, 1.054735e+03
1.270486e-01, 1.053428e+03
1.271374e-01, 1.052124e+03
1.272262e-01, 1.050824e+03
1.273149e-01, 1.049527e+03
1.274037e-01, 1.048234e+03
1.274924e-01, 1.046944e+03
1.275811e-01, 1.045657e+03
1.276697e-01, 1.044374e+03
1.277584e-01, 1.043094e+03
1.278470e-01, 1.041817e+03
1.279356e-01, 1.040544e+03
1.280242e-01, 1.039274e+03
1.281127e-01, 1.038008e+03
1.282013e-01, 1.036744e+03
1.282898e-01, 1.035484e+03
1.283783e-01, 1.034227e+03
1.284668e-01, 1.032974e+03
1.285552e-01, 1.031723e+03
1.286437e-01, 1.030476e+03
1.287321e-01, 1.029231e+03
1.288205e-01, 1.027988e+03
1.289089e-01, 1.026746e+03
1.289974e-01, 1.025507e+03
1.290857e-01, 1.024270e+03
1.291741e-01, 1.023035e+03
1.292625e-01, 1.021802e+03
1.293509e-01, 1.020570e+03
1.294393e-01, 1.019340e+03
1.295277e-01, 1.018110e+03
1.296161e-01, 1.016881e+03
1.297045e-01, 1.015654e+03
1.297929e-01, 1.014429e+03
1.298813e-01, 1.013205e+03
1.299696e-01, 1.011984e+03
1.300580e-01, 1.010766e+03
1.301463e-01, 1.009550e+03
1.302346e-01, 1.008337e+03
1.303229e-01, 1.007127e+03
1.304112e-01, 1.005918e+03
1.304995e-01, 1.004710e+03
1.305878e-01, 1.003502e+03
1.306762e-01, 1.002295e+03
1.307646e-01, 1.001089e+03
1.308530e-01, 9.998827e+02
1.309413e-01, 9.986778e+02
1.310297e-01, 9.974744e+02
1.311181e-01, 9.962729e+02
1.312065e-01, 9.950736e+02
1.312948e-01, 9.938768e+02
1.313832e-01, 9.926825e+02
1.314715e-01, 9.914910e+02
1.315598e-01, 9.903023e+02
1.316481e-01, 9.891165e+02
1.317364e-01, 9.879337e+02
1.318246e-01, 9.867538e+02
1.319128e-01, 9.855769e+02
1.320011e-01, 9.844029e+02
1.320893e-01, 9.832314e+02
1.321774e-01, 9.820625e+02
1.322656e-01, 9.808964e+02
1.323538e-01, 9.797330e+02
1.324419e-01, 9.785725e+02
1.325300e-01, 9.774149e+02
1.326181e-01, 9.762602e+02
1.327062e-01, 9.751085e+02
1.327943e-01, 9.739597e+02
1.328823e-01, 9.728137e+02
1.329703e-01, 9.716702e+02
1.330584e-01, 9.705289e+02
1.331464e-01, 9.693898e+02
1.332344e-01, 9.682531e+02
1.333223e-01, 9.671189e+02
1.334103e-01, 9.659869e+02
1.334983e-01, 9.648563e+02
1.335863e-01, 9.637270e+02
1.336743e-01, 9.625992e+02
1.337623e-01, 9.614727e+02
1.338503e-01, 9.603466e+02
1.339383e-01, 9.592207e+02
1.340264e-01, 9.580954e+02
1.341144e-01, 9.569709e+02
1.342025e-01, 9.558479e+02
1.342905e-01, 9.547265e+02
1.343785e-01, 9.536072e+02
1.344665e-01, 9.524901e+02
1.345545e-01, 9.513751e+02
1.346425e-01, 9.502616e+02
1.347305e-01, 9.491493e+02
1.348185e-01, 9.480385e+02
1.349065e-01, 9.469293e+02
1.349944e-01, 9.458219e+02
1.350824e-01, 9.447165e+02
1.351703e-01, 9.436133e+02
1.352582e-01, 9.425124e+02
1.353461e-01, 9.414139e+02
1.354340e-01, 9.403179e+02
1.355219e-01, 9.392243e+02
1.356097e-01, 9.381332e+02
1.356976e-01, 9.370436e+02
1.357854e-01, 9.359554e+02
1.358733e-01, 9.348685e+02
1.359611e-01, 9.337829e+02
1.360490e-01, 9.326980e+02
1.361369e-01, 9.316139e+02
1.362247e-01, 9.305311e+02
1.363126e-01, 9.294499e+02
1.364004e-01, 9.283707e+02
1.364882e-01, 9.272935e+02
1.365760e-01, 9.262184e+02
1.366638e-01, 9.251457e+02
1.367516e-01, 9.240753e+02
1.368393e-01, 9.230074e+02
1.369270e-01, 9.219420e+02
1.370147e-01, 9.208791e+02
1.371024e-01, 9.198188e+02
1.371901e-01, 9.187611e+02
1.372778e-01, 9.177059e+02
1.373654e-01, 9.166533e+02
1.374530e-01, 9.156033e+02
1.375406e-01, 9.145559e+02
1.376282e-01, 9.135110e+02
1.377158e-01, 9.124687e+02
1.378033e-01, 9.114290e+02
1.378908e-01, 9.103917e+02
1.379783e-01, 9.093561e+02
1.380659e-01, 9.083217e+02
1.381534e-01, 9.072886e+02
1.382409e-01, 9.062571e+02
1.383284e-01, 9.052273e+02
1.384159e-01, 9.041993e+02
1.385034e-01, 9.031733e+02
1.385909e-01, 9.021494e+02
1.386783e-01, 9.011277e+02
1.387657e-01, 9.001083e+02
1.388532e-01, 8.990908e+02
1.389406e-01, 8.980749e+02
1.390280e-01, 8.970608e+02
1.391154e-01, 8.960485e+02
1.392028e-01, 8.950382e+02
1.392902e-01, 8.940300e+02
1.393775e-01, 8.930240e+02
1.394649e-01, 8.920202e+02
1.395522e-01, 8.910187e+02
1.396395e-01, 8.900195e+02
1.397268e-01, 8.890226e+02
1.398141e-01, 8.880279e+02
1.399014e-01, 8.870356e+02
1.399886e-01, 8.860456e+02
1.400758e-01, 8.850579e+02
1.401630e-01, 8.840725e+02
1.402502e-01, 8.830893e+02
1.403374e-01, 8.821083e+02
1.404246e-01, 8.811293e+02
1.405117e-01, 8.801523e+02
1.405989e-01, 8.791772e+02
1.406860e-01, 8.782036e+02
1.407732e-01, 8.772316e+02
1.408603e-01, 8.762614e+02
1.409475e-01, 8.752930e+02
1.410346e-01, 8.743265e+02
1.411217e-01, 8.733620e+02
1.412088e-01, 8.723994e+02
1.412959e-01, 8.714389e+02
1.413829e-01, 8.704805e+02
1.414700e-01, 8.695242e+02
1.415570e-01, 8.685700e+02
1.416441e-01, 8.676178e+02
1.417311e-01, 8.666678e+02
1.418181e-01, 8.657198e+02
1.419050e-01, 8.647736e+02
1.419920e-01, 8.638293e+02
1.420790e-01, 8.628866e+02
1.421659e-01, 8.619457e+02
1.422528e-01, 8.610065e+02
1.423398e-01, 8.600690e+02
1.424267e-01, 8.591333e+02
1.425136e-01, 8.581993e+02
1.426005e-01, 8.572671e+02
1.426873e-01, 8.563367e+02
1.427742e-01, 8.554081e+02
1.428610e-01, 8.544813e+02
1.429479e-01, 8.535561e+02
1.430347e-01, 8.526327e+02
1.431215e-01, 8.517111e+02
1.432083e-01, 8.507913e+02
1.432951e-01, 8.498731e+02
1.433819e-01, 8.489563e+02
1.434687e-01, 8.480395e+02
1.435556e-01, 8.471219e+02
1.436424e-01, 8.462038e+02
1.437293e-01, 8.452856e+02
1.438161e-01, 8.443679e+02
1.439030e-01, 8.434509e+02
1.439898e-01, 8.425348e+02
1.440767e-01, 8.416199e+02
1.441635e-01, 8.407063e+02
1.442503e-01, 8.397940e+02
1.443372e-01, 8.388832e+02
1.444240e-01, 8.379739e+02
1.445108e-01, 8.370662e+02
1.445975e-01, 8.361601e+02
1.446843e-01, 8.352554e+02
1.447711e-01, 8.343515e+02
1.448579e-01, 8.334483e+02
1.449447e-01, 8.325458e+02
1.450315e-01, 8.316442e+02
1.451183e-01, 8.307437e+02
1.452051e-01, 8.298445e+02
1.452918e-01, 8.289467e+02
1.453786e-01, 8.280502e+02
1.454654e-01, 8.271549e+02
1.455522e-01, 8.262603e+02
1.456390e-01, 8.253666e+02
1.457258e-01, 8.244738e+02
1.458126e-01, 8.235819e+02
1.458994e-01, 8.226910e+02
1.459862e-01, 8.218014e+02
1.460729e-01, 8.209131e+02
1.461597e-01, 8.200263e+02
1.462465e-01, 8.191409e+02
1.463333e-01, 8.182570e+02
1.464200e-01, 8.173745e+02
1.465068e-01, 8.164934e+02
1.465935e-01, 8.156139e+02
1.466803e-01, 8.147360e+02
1.467670e-01, 8.138596e+02
1.468537e-01, 8.129846e+02
1.469405e-01, 8.121109e+02
1.470272e-01, 8.112387e+02
1.471139e-01, 8.103680e+02
1.472006e-01, 8.094988e+02
1.472873e-01, 8.086311e+02
1.473739e-01, 8.077646e+02
1.474607e-01, 8.068985e+02
1.475474e-01, 8.060327e+02
1.476341e-01, 8.051675e+02
1.477208e-01, 8.043031e+02
1.478075e-01, 8.034396e+02
1.478942e-01, 8.025773e+02
1.479809e-01, 8.017163e+02
1.480676e-01, 8.008567e+02
1.481543e-01, 7.999986e+02
1.482409e-01, 7.991419e+02
1.483276e-01, 7.982869e+02
1.484142e-01, 7.974334e+02
1.485008e-01, 7.965814e+02
1.485874e-01, 7.957312e+02
1.486741e-01, 7.948825e+02
1.487606e-01, 7.940355e+02
1.488472e-01, 7.931901e+02
1.489338e-01, 7.923464e+02
1.490203e-01, 7.915041e+02
1.491069e-01, 7.906628e+02
1.491935e-01, 7.898221e+02
1.492801e-01, 7.889822e+02
1.493666e-01, 7.881431e+02
1.494532e-01, 7.873050e+02
1.495397e-01, 7.864681e+02
1.496263e-01, 7.856324e+02
1.497128e-01, 7.847981e+02
1.497994e-01, 7.839652e+02
1.498859e-01, 7.831338e+02
1.499724e-01, 7.823033e+02
1.500590e-01, 7.814733e+02
1.501456e-01, 7.806434e+02
1.502322e-01, 7.798130e+02
1.503188e-01, 7.789824e+02
1.504054e-01, 7.781517e+02
1.504921e-01, 7.773215e+02
1.505787e-01, 7.764920e+02
1.506653e-01, 7.756634e+02
1.507520e-01, 7.748358e+02
1.508386e-01, 7.740095e+02
1.509252e-01, 7.731845e+02
1.510118e-01, 7.723608e+02
1.510984e-01, 7.715385e+02
1.511850e-01, 7.707177e+02
1.512716e-01, 7.698984e+02
1.513581e-01, 7.690805e+02
1.514447e-01, 7.682642e+02
1.515312e-01, 7.674494e+02
1.516177e-01, 7.666362e+02
1.517042e-01, 7.658245e+02
1.517908e-01, 7.650143e+02
1.518772e-01, 7.642057e+02
1.519637e-01, 7.633986e+02
1.520502e-01, 7.625931e+02
1.521367e-01, 7.617892e+02
