     1,  0.0000000000000000E+00,  0.0000000000000000E+00,  0.0000000000000000E+00,  0.0000000000000000E+00,  0.0000000000000000E+00,  1.0000000000000000E+00,  1.0000000000000000E+00,  3.8541666666666672E+04,  7.7083333333333339E+03,  0.0000000000000000E+00,  7.7083333333333339E+03,  3.8541666666666672E+04,  0.0000000000000000E+00,  0.0000000000000000E+00,  0.0000000000000000E+00,  1.5416666666666668E+04
     2,  7.4000000000000010E-01,  2.7755575615628914E-17,  0.0000000000000000E+00,  2.0000000000000005E-05,  0.0000000000000000E+00,  1.0000000000000000E+00,  1.0000000000000000E+00,  3.8541666666666672E+04,  7.7083333333333339E+03,  0.0000000000000000E+00,  7.7083333333333339E+03,  3.8541666666666672E+04,  0.0000000000000000E+00,  0.0000000000000000E+00,  0.0000000000000000E+00,  1.5416666666666668E+04
     3,  3.4721023005644347E+00, -1.3891199704290491E-16,  0.0000000000000000E+00,  3.0000000000000003E-04,  6.8719799094014100E-01,  1.0000000000000000E+00,  1.0000000000000000E+00,  1.2055910765848734E+04,  2.4111821531697465E+03,  0.0000000000000000E+00,  2.4111821531697465E+03,  1.2055910765848734E+04,  0.0000000000000000E+00,  0.0000000000000000E+00,  0.0000000000000000E+00,  4.8223643063394929E+03
     4, -3.4856561884902511E+01,  8.3672556894898178E-16,  0.0000000000000000E+00,  1.9999999999999998E-04,  5.2896537993374992E-01,  1.0000000000000000E+00,  1.0000000000000000E+00,  1.8154459315053391E+04,  3.6308918630106778E+03,  0.0000000000000000E+00,  3.6308918630106778E+03,  1.8154459315053391E+04,  0.0000000000000000E+00,  0.0000000000000000E+00,  0.0000000000000000E+00,  7.2617837260213555E+03
     5,  0.0000000000000000E+00,  0.0000000000000000E+00,  6.3666290411028372E+00,  2.2821773229381921E-04,  5.8702946760414032E-01,  7.0710678118654757E-01,  1.0000000000000000E+00,  1.5916572602757095E+04,  3.1833145205514188E+03,  0.0000000000000000E+00,  3.1833145205514188E+03,  1.5916572602757095E+04,  0.0000000000000000E+00,  0.0000000000000000E+00,  0.0000000000000000E+00,  6.3666290411028376E+03
     6,  1.8609332879014528E+00,  1.8609332879014528E+00,  0.0000000000000000E+00,  4.6348480035423645E-04,  7.9881802292957271E-01,  1.0000000000000000E+00,  1.0000000000000000E+00,  7.7538886995893863E+03,  1.5507777399178772E+03,  0.0000000000000000E+00,  1.5507777399178772E+03,  7.7538886995893863E+03,  0.0000000000000000E+00,  0.0000000000000000E+00,  0.0000000000000000E+00,  3.1015554798357543E+03
     7,  2.6096742330424001E+00,  8.6989141101413281E-01,  1.5066961209442593E+00,  3.0000000000000003E-04,  6.8652561765256459E-01,  7.3205080756887730E-01,  1.0000000000000000E+00,  1.2081825152974074E+04,  2.4163650305948149E+03,  0.0000000000000000E+00,  2.4163650305948149E+03,  1.2081825152974074E+04,  0.0000000000000000E+00,  0.0000000000000000E+00,  0.0000000000000000E+00,  4.8327300611896299E+03
     8,  4.2563991668522505E-01,  0.0000000000000000E+00,  0.0000000000000000E+00,  8.0000000000000015E-04,  8.8496218467966892E-01,  1.0000000000000000E+00,  1.0000000000000000E+00,  4.4337491321377611E+03,  8.8674982642755219E+02,  0.0000000000000000E+00,  8.8674982642755219E+02,  4.4337491321377611E+03,  0.0000000000000000E+00,  0.0000000000000000E+00,  0.0000000000000000E+00,  1.7734996528551044E+03
     9,  3.3524645613544246E+00, -1.3412552595515524E-16,  0.0000000000000000E+00,  1.2000000000000001E-03,  9.2449404141093638E-01,  1.0000000000000000E+00,  1.0000000000000000E+00,  2.9101254872868271E+03,  5.8202509745736540E+02,  0.0000000000000000E+00,  5.8202509745736540E+02,  2.9101254872868271E+03,  0.0000000000000000E+00,  0.0000000000000000E+00,  0.0000000000000000E+00,  1.1640501949147308E+03
    10,  3.4721023005644347E+00,  0.0000000000000000E+00,  0.0000000000000000E+00,  3.0000000000000003E-04,  6.8719799094014100E-01,  1.0000000000000000E+00,  1.0000000000000000E+00,  1.2055910765848734E+04,  2.4111821531697465E+03,  0.0000000000000000E+00,  2.4111821531697465E+03,  1.2055910765848734E+04,  0.0000000000000000E+00,  0.0000000000000000E+00,  0.0000000000000000E+00,  4.8223643063394929E+03
