1,2,0,0,0,0,0,0,0,0
2,2,0,-0,0,2.0000000000000002e-05,-3.9999999999999998e-06,0,0,0
3,2,0,-0,0,0.00029999999999999997,-6.0000000000000002e-05,0,0,0
4,2,-0,0,0,-0.002,0.00040000000000000002,0,0,0
5,2,0,0,0,0,0,0.001,0,0
6,2,0,0,0,0.00020000000000000001,0.00020000000000000001,0,0,0
7,2,0,0,0,0.00021000000000000001,2.9999999999999957e-05,0.00031176914536239783,0,0
8,2,0,-0,0,0.0001,-2.0000000000000002e-05,0,0.00080000000000000015,0.88496218467966892
9,2,0,-0,0,0.0011999999999999999,-0.00024000000000000001,0,0.00080000000000000015,0.88496218467966892
10,2,8.9999999999999992e-05,-1.8e-05,0,0.00020999999999999998,-4.1999999999999998e-05,0,0,0
