1,0.000255915606077839,0.908562005540128,0.768726138242433
2,0.00092184533244016,0.899024794059914,0.50009052673614
3,0.000570320570242218,0.835794541161239,0.542070822374549
4,0.00097603224326305,0.906479389789463,1.03885407256497
5,0.00132435792672429,0.930210676112156,0.484501527751751
6,0.000919190722227627,0.898555980750565,0.447275350147044
7,0.000829741827895699,0.887536879388514,0.475837424492873
8,0.000808754523041279,0.885458076600384,0.752184479717653
9,0.00133035245581258,0.930803603952198,0.565561683113064
10,0.00215921219088803,0.959080632444204,0.84875185750514
11,0.00233069485614598,0.961370244095244,0.567614478196241
12,0.0017203682503894,0.946735808002666,0.502467858046
13,0.000617028183295944,0.849862806982492,1.02633854193314
14,0.000780094211627679,0.880426182321856,0.52492026599993
15,0.000816896370704387,0.886783559594819,0.801322352492447
16,0.000958730238688499,0.902981068895629,0.500642844252954
17,0.000156539629431812,0.946082785207958,1.03375974560703
18,0.000846213065560033,0.88970882525077,0.460120168229205
19,0.000414188198924204,0.773165724635498,0.547815580885113
20,0.00202876494218596,0.957040712851807,1.08693108650008
21,0.000650375818530338,0.856300159617511,0.558263632757948
22,0.000591859211127527,0.841705970265038,0.497658682530172
23,0.00267701179781885,0.967776166420543,0.916457688259338
24,0.00034825078366406,0.73108336248992,1.01502183587629
25,0.000820222340384292,0.886120008648376,0.447380983331475
26,0.000297211930942498,0.842231736623948,0.500075107494162
27,0.000545116991111003,0.827884794984026,0.467120165451846
28,0.00128891732893646,0.928732148197161,0.631236331853791
29,0.000474095688647463,0.802969169088315,0.851483057371896
30,0.00160039457799159,0.943419394979323,0.744959645737981
31,0.000629497379988583,0.894537847224495,0.657749688028382
32,6.69791885557895e-05,0.659237625424246,0.460412750944617
33,0.000910996041383905,0.897684461030946,0.464358783242221
34,0.000743465392382934,0.875980892766723,1.01253134446968
35,0.000998821717573334,0.906826252184213,0.463520009643741
36,0.00187837965408558,0.951525384500613,0.549406270447194
37,0.000530433029687089,0.943648473536616,0.706354034133962
38,0.000541231777787687,0.828238637978392,1.00003946915194
39,0.0004812977704923,0.806518296339564,1.04109604518339
40,0.000853424022338563,0.890884663526822,0.531287194377288
41,0.00203323718991459,0.955541541476269,0.601732823591583
42,0.000711684916190889,0.86874719564917,0.524332928768034
43,0.000116766409083011,0.922634370584858,0.697555255375223
44,0.00125727706068068,0.927746457048481,0.893591733593828
45,0.000943917755782231,0.902296648368979,0.767347136016879
46,0.000656330767063833,0.866424285918691,0.447440237422842
47,0.00214976615076083,0.958027639864824,0.590299112403659
48,0.000939159152368709,0.902579556437909,1.0130399308729
49,0.00290200406013485,0.969254530337954,0.534898327848666
50,0.000229962989800453,0.590870933722431,1.02508195725652
51,0.000606557027210163,0.845463725609357,0.458085277590058
52,0.00137624282677077,0.932797509128818,0.451710592342694
53,0.00169973527695025,0.947960856257798,1.07332248895305
54,0.00161273814098208,0.944537335159656,0.946145801890942
55,0.000268841444417646,0.650520438933583,1.00000018820973
56,0.000559689781277234,0.834024317629455,1.00062219373903
57,0.000916877557677041,0.898641614113778,0.553543234136521
58,0.000210195017714693,0.893126128274357,0.453358517627397
59,0.000872847203939672,0.893351032258463,0.529869016478303
60,0.000514541518603235,0.817772097571165,0.539608679523852
61,0.000815581007236174,0.8864864868583,0.766899325131809
62,0.000943906734628285,0.901670483537479,0.574768241353559
63,0.00227812762897775,0.960597154642774,0.616485655635768
64,0.000658161410622703,0.857717931271169,0.4601730689627
65,0.000919913529153381,0.899860831476171,0.824869858200278
66,0.000921838991126473,0.899023798699412,0.500001943446517
67,7.38866251519848e-05,0.643760950366144,0.534381133003872
68,0.000183923080600294,0.486894454039859,0.677477942120831
69,0.000955677070313408,0.902571916708312,0.472049805416079
70,0.00095688497278445,0.904430210298981,1.00654694312657
71,0.000838386458778689,0.890396403892322,1.0009550132249
72,0.000466254640238679,0.798580473588505,0.500026675154801
73,0.00104063650806289,0.91256063782258,1.05317970490681
74,0.000114592740285773,0.503149433991083,0.869062105513011
75,0.000301527260337538,0.687786687200047,0.596872154259913
76,0.000450684459964386,0.793026078333452,1.00877056473625
77,0.00103809837596661,0.910799016511885,0.580373548393073
78,0.000791028574474803,0.88366246871762,1.01443312261214
79,0.000924009237994678,0.89938202436857,0.535903137570172
80,0.000438832767218014,0.787115830610256,0.931319218373584
81,0.000405016216843113,0.767818163154587,0.488930782649145
82,0.000359392417184705,0.738288081631379,0.552608973645771
83,0.000807471028671859,0.884495379001453,0.50949263633123
84,0.00098845285698662,0.905788763144189,0.450566488385768
85,0.000297146630555743,0.682800378185271,0.456463329036207
86,0.000264454891932965,0.643537794063091,0.522788711894217
87,0.00024800016542289,0.619639618881814,0.470114953663574
88,0.000960727564374586,0.903450233836332,0.581456845850571
89,0.000929066723240607,0.899701887784645,0.462699779580776
90,0.000746583980011703,0.874751752799609,0.455138058195014
91,0.000639785210167388,0.85388070216268,0.555972035423917
92,0.00126118977893398,0.927654151799854,0.794267525148947
93,0.00012977175038535,0.272068938748822,1.00116805996698
94,0.0004314060354926,0.782519161563698,0.624949040814176
95,0.000775091570956853,0.879594712919232,0.510067700805383
96,0.00134140864024516,0.932142735446459,0.792322939183748
97,0.00169223310498842,0.947619840980951,1.04455346493993
98,0.000369375836419383,0.745617696112445,0.626521397633825
99,0.00109171000724113,0.914953592417113,0.480738991090721
100,0.000708380050766646,0.869629348040261,1.00333453120006
101,0.000168201759108154,0.500005236524444,0.56014766815667
102,0.000610857162888122,0.846661830502923,0.490008596871948
103,0.0012549198483568,0.927209553801243,0.773300236963773
104,0.00107073388298736,0.913670364630665,0.607395462905441
105,0.00146077911146013,0.937144302030921,0.560106545576122
106,0.000210164389613777,0.551594633136463,0.837071969351088
107,0.000125148595486953,0.244746592271762,0.672856537049021
108,0.000724659447733053,0.870975445010127,0.47508906486141
109,0.000528798908777041,0.822461121282385,0.44721519376869
110,0.000973403194147709,0.905862159984864,0.928807463232937
111,0.00166263816424708,0.944826830115458,0.503276259246345
112,0.00169412485742867,0.947543652407899,1.0021479864111
113,0.000804494632737407,0.883885825805969,0.454838844822801
114,0.000371091007336145,0.746459407421515,0.500285138918742
115,0.000990626229659136,0.906942329319735,0.73936907938577
116,0.000191030291774533,0.50659838650675,0.958271290104652
117,0.00198478619598587,0.954550046916897,0.645118433555564
118,0.000475369825946047,0.803128675810879,0.722448150179367
119,0.000988391979236212,0.906283442290632,0.603532494740151
120,0.00193926958214129,0.952840987762211,0.470251509118049
121,0.000207951768373449,0.546050061642928,0.467465970979494
122,0.000749340256863203,0.875488374959948,0.540001462930107
123,0.000815294440626145,0.944887496105863,0.571364094386552
124,0.000560254996466266,0.834439728354818,1.08173859800914
125,0.00127228794498051,0.927350589018752,0.504741723286064
126,0.00137677411578328,0.932986569269726,0.500198046649255
127,0.000995206772576493,0.906953374393557,0.607602681157088
128,0.000449530338117672,0.791023275197924,0.50155523908771
129,7.08106734607649e-05,0.141341745462458,1.08353395314222
130,0.000444553829585308,0.78851248752577,0.44920414072117
131,0.000698056692000321,0.866912945533961,0.768124810941607
132,0.00085257770498961,0.890911251296928,0.573720714320252
133,0.000525698471024479,0.823080104957311,1.00800548975515
134,0.00347170252862551,0.974358763960815,0.462200704599491
135,0.000939845696675296,0.901019836805508,0.508195059780698
136,0.000835453729330442,0.888226086004174,0.447458907323735
137,0.000576341977011936,0.837758251947408,0.616708709634536
138,0.000812716885333109,0.885077494251121,0.45490502169797
139,0.000547522893974842,0.830265287805518,1.00386334171024
140,0.00122851053398859,0.924850221551298,0.550835484143508
141,7.838836611526e-05,0.0785862621786506,0.469570167216534
142,0.000990001756055605,0.906150094530723,0.51506082802382
143,0.000818093696633108,0.887344497834804,0.924079252561456
144,0.00156503469977583,0.941591247620019,0.597878461960492
145,0.000426407740240363,0.781056242523957,1.01676086312879
146,0.000801440575388275,0.884183169298145,0.687958961323811
147,0.0012341251667791,0.926795392910832,1.03558531299425
148,0.000508437337234042,0.815403784506675,0.486880111910599
149,0.000821068908928634,0.88624045377276,0.447800791748762
150,0.000832014263637982,0.888322760342394,0.623228608807725
151,0.000726919260540608,0.87136251279377,0.468962342031168
152,0.000711617526605849,0.86887378792695,0.568462167365759
153,8.79909144991544e-05,0.844475961148481,0.514107117162
154,0.000552063222036273,0.830088119698586,0.472488329005958
155,0.000857562850825235,0.891325751943519,0.501922044390255
156,0.00155100518916477,0.942532881916474,1.04822369041657
157,0.00103894831194653,0.912560587220922,1.09907765670894
158,7.36686981074238e-05,0.567109685318379,0.5308625549361
159,0.000449790026789522,0.791539222483154,0.638050100895211
160,0.000520579407356962,0.820701957824089,0.805496538188443
161,0,0,0.5
162,0,0,0.5
163,0,0,0.5
164,0.000231742400177118,0.592899540014153,0.5
165,0.000231742400177118,0.592899540014153,0.5
166,0.000231742400177118,0.592899540014153,0.5
167,0.000231742400177118,0.592899540014153,0.5
168,0.000231742400177118,0.592899540014153,0.5
169,0.000231742400177118,0.592899540014153,0.5
170,0.000228217732293819,0.586522245086841,0.471404520791032
171,0.000228217732293819,0.586522245086841,0.471404520791032
172,0.000228217732293819,0.586522245086841,0.471404520791032
173,0.0001,0.0542532469966847,1
174,0.0001,0.0542532469966847,1
175,0.0001,0.0542532469966847,1
176,0.0003,0.685942695197312,0.5
177,0.0003,0.685942695197312,0.5
178,0.0003,0.685942695197312,0.5
179,0.000961728467047043,0.904438607533523,0.854318690716813
180,0.000614001353102835,0.848216718573012,0.736890191243147
181,0.000858058509699391,0.892428270791824,0.82479036695918
182,0.000444106576783748,0.789961720760433,1.02815124994026
183,0.00199765084109258,0.956254702019131,1.06865207595546
184,0.000408543231198662,0.770665217033979,0.78312102467977
185,0.00184957065301096,0.952344761511606,1.03327358319218
186,0.000711536891436721,0.870263739321629,1.01612488564367
187,0.000767606880061188,0.879042520983811,0.711215626153934
188,0.000568011608435695,0.836062016954189,0.852814891363847
189,0.000463668792615981,0.79911692502451,1.07515146618609
190,0.000995483878771711,0.908466732737413,1.06611272295071
191,0.000953334378274606,0.903181875447695,0.734307609315671
192,0.00219924211894076,0.96038761895379,1.00423100406678
193,0.00107359657356793,0.914761468172933,0.868860216624851
194,0.000856994808072776,0.892054744078457,0.751081487889654
195,0.000654697848300312,0.859443281767678,1.26282756148731
196,0.000357986967049635,0.739384572463136,1.34520577941095
197,0.000539122019001829,0.827569551742659,1.0058035597589
198,8.33835686624359e-05,0.631604555565543,1.24246174185599
199,0.000298892303695737,0.686274893058241,1.09975263054315
200,0.000222184741428359,0.576605627548411,1.11470334132168
201,0.00257698858498735,0.966044303072056,0.805973196288943
202,0.000335383924606589,0.720589943755388,1.00191212072228
203,0.000422035814516642,0.779276247228296,1.20305781688498
204,0.000338196994194243,0.722714354831228,0.914587781171854
205,0.000454629953481316,0.794127132745445,0.756940628359313
206,0.000963169875013834,0.905124708291811,1.02130536706053
207,0.000397277251428305,0.790447526133178,1.02907322850891
208,0.000597631403077214,0.861748470362479,0.708638019335249
209,0.000748962439228925,0.876661893340029,0.931194606688608
210,0.000533841619872557,0.825220623576267,0.802704684239296
211,0.000585800310727572,0.841508356771648,0.975857366269227
212,0.00049031560149168,0.809731583099422,0.899828280649892
213,0.000728475528655632,0.874265466572783,1.3042697757342
214,0.000816944007062055,0.88697903293597,0.860527146158576
215,0.00081303218409496,0.886591459511429,0.91431208247502
216,0.00113606939865326,0.920247169160665,1.06191623916459
217,0.00246715174454916,0.965043662380513,1.00000076123297
218,8.45467013012118e-05,0.142223469414168,0.873529564739394
219,0.000823704307173646,0.888537975822184,1.05107033774503
220,0.00133323830893262,0.932337714548327,0.983501136001099
221,0.000529128919273402,0.824327297057887,1.03367479242195
222,0.00111886190786028,0.918781946182316,1.00612159242985
223,0.000516775916675495,0.854175677322497,0.742450108386994
224,0.00112426529913653,0.918961135457546,0.935927325232528
225,0.000266845907036886,0.647561070406457,0.865493292254228
226,0.000900463527260886,0.897260961761235,0.709164773349088
227,0.000705070368615356,0.870032804049971,1.3351692899373
228,0.000902046156852218,0.939594183014941,0.802177887676919
229,0.000797830479212218,0.884995082963853,1.11240833478021
230,0.000927023835473745,0.901971626472528,1.23649517195978
231,0.0020754090975001,0.957806497615048,1.00002825165192
232,0.000109210865315813,0.603020340615594,0.863142726281711
233,0.000901520185315675,0.897406407591196,0.715989767291819
234,0.00149573095026545,0.93943945220654,0.794263673919669
235,0.00133678425315425,0.931751009791468,0.747733244368922
236,0.000880694081500768,0.895839679003115,1.00284059231332
237,0.000841224754419358,0.890779085284046,1.0012026694881
238,0.000517361654658237,0.931359750345715,1.01092243090422
239,0.00060552922729645,0.846963913691873,1.03373087698488
240,0.0010725129044655,0.914292482064038,0.752448285326899
241,3.72314293263192e-05,0.666806970444003,0.732864266453368
242,0.00169412452817012,0.947121655506949,0.873784593018397
243,0.000301557856303878,0.6889387719279,1.04215318947548
244,0.000325658512079609,0.711855765857586,0.893841267685144
245,0.000871476176808139,0.893824384390647,0.729608914686527
246,0.00045967750369214,0.79713604191774,1.00498385806828
247,0.000358204805391943,0.738140927732801,0.822461189960383
248,0.000509065720909267,0.816446695822791,0.760390020562125
249,0.00115582087897765,0.920801528681359,0.794393640955781
250,0.000448672735530624,0.792104070332516,1.01658140159275
251,0.00083772592943601,0.890676643115254,1.11725136125036
252,0.000662078503974453,0.859540677200385,0.771647327265001
253,0.000966036380547196,0.904575374031532,0.760748567171212
254,0.0010629112645681,0.915081089282341,1.2423997551957
255,0.000124729521412507,0.704198912880725,0.708521577753765
256,0.00019061317991617,0.505464149989377,0.932990963303808
257,0.000725349130148835,0.871905755658408,0.730233503895353
258,0.001569548961065,0.943209216804447,1.03426797472964
259,0.000622553191954985,0.931779425519006,1.02449226523093
260,0.000620060931138157,0.8502733660136,0.914868706410354
261,0.000729115694260826,0.873664485353968,1.0751189780311
262,0.00065979198885363,0.860777524537527,1.33239251877799
263,0.000221512355456437,0.728645984066604,1.11153187387936
264,0.000929447777026351,0.900800989194189,0.788497621515809
265,0.00081787890534002,0.88771694269539,1.05095925040953
266,0.000168517349503747,0.654083094740768,1.00047523878127
267,0.000353204308637087,0.734528812013069,0.873863354502056
268,0.00169754727884068,0.947684565649236,1.01074897133457
269,0.000608893406254703,0.846846137721295,0.712513832641584
270,0.000505967264941736,0.816190183514392,1.0594521151068
271,0.000965362500880327,0.905652322809757,1.11588885984064
272,0.00104188555874142,0.912128541906553,0.886012678570496
273,0.0011639227047206,0.922175176158104,1.04030350084718
274,0.00172696880863054,0.948921096296233,1.09827603258281
275,0.000916278532897858,0.8991471686714,0.730462671858692
276,0.000399455873929641,0.765301385083405,0.753872296145155
277,0.000512994827699056,0.818598997714269,1.00481803860164
278,0.000999194753040403,0.907967653126955,0.802301563727216
279,0.000602120927355389,0.846037518679996,1.02094132150674
280,0.000999265266412984,0.907710955907134,0.721290809704397
281,0.000142504152985435,0.66717896625117,0.749579709717058
282,0.0011532305941901,0.921314631083703,1.0080066646285
283,0.00101040599196329,0.910483665874571,1.2557518294628
284,0.0026852038218129,0.969282807016045,1.35667286636755
285,0.000927471755689196,0.900677145687963,0.81747369244009
286,0.000350777470251486,0.733099470999732,1.03465130209029
287,0.000623346671122526,0.850895545517103,0.854854543321614
288,0.00211188671529231,0.957672249568991,0.720211262177647
289,0.00232901324796892,0.962784096118944,1.00418827063039
290,0.000720476528545226,0.871399246583431,0.850361795865437
291,0.000934680618140558,0.92468494146117,0.822186668629635
292,0.000537381226275161,0.826916918282823,0.978296956451964
293,0.00140812880928077,0.935228984177539,0.713218065847244
294,0.000818111534559631,0.887657389214055,1.02177953479252
295,0.00153728120297471,0.941356645477122,0.856168824105966
296,0.000831666334228462,0.88948213237835,1.00105553517001
297,0.000629301299815434,0.852408315381077,0.878435683818307
298,0.000419277413118002,0.77760601364293,1.13588229829391
299,0.000357351716185116,0.737464818259877,0.806177083511764
300,0.000802073833607691,0.886009905969579,1.2345434410257
301,0.000917636543145831,0.899340349901178,0.742854001876935
302,0.000701513890151483,0.867490447141027,0.738756907732101
303,0.000623660246069038,0.851549020241736,1.04272555913588
304,0.00140976221267979,0.935489775677023,0.768396215003492
305,0.000897161151781875,0.939607038868361,0.71685608331365
306,0.00168235273305133,0.947105356869841,0.987818536674914
307,0.000922988469932755,0.901471319221598,1.22000338633297
308,0.000473843382803387,0.802602261338604,0.762264508248643
309,0.000433946439667426,0.784254062041983,0.781853717022382
310,0.000289964329993045,0.676245362915281,1.0000065589591
311,0.00113902898839328,0.920196033647458,0.979375877262521
312,0.000991996762397806,0.908503623795543,1.18188412648907
313,0.00223292746580772,0.960073538974776,0.711542495006882
314,0.00187766942514413,0.953131296562678,1.03949948072378
315,0.000622672497827422,0.90790820560453,1.01364476746009
316,0.00236444564956281,0.96302458275313,0.891270974405249
317,0.00089549790987306,0.898117566764448,1.15837920885295
318,0.00122082416252173,0.924949628175118,0.727705934019726
319,0.000430602668399141,0.782428074903121,0.736764066992503
320,0.00155944404735742,0.943633765420483,1.28544459279742
321,0.000843722899735734,0.891125796316209,1.00519548534299
322,0.000489066592210447,0.90243020684536,1.05545869133343
323,0.000828069469037934,0.888988900823921,1.00180895976125
324,0.000185763912627362,0.672936104723894,1.02944023959748
325,0.000113198389186277,0.696571802489003,1.09207193256628
326,0.000364269555170033,0.822606362539154,1.2890446727471
327,0.00022460678278892,0.580964261817427,0.996613724733996
328,0.000661792976254658,0.86063069398662,1.14347218769116
329,0.000982089886674516,0.907082285924207,1.03986782174894
330,0.00268782482803869,0.968201620511868,1.00414022143469
331,0.0018297664458128,0.95172261055736,1.01248242803535
332,0.000982121837017863,0.908173146983901,1.37952825836236
333,0.000903789743484532,0.897767963493805,0.746185738868193
334,0.000977129710764258,0.90552725425528,0.710731713657463
335,0.00025951852271455,0.638733014648881,1.38571443208694
336,0.000187178673217432,0.608434481410052,0.93925590162126
337,0.000552997523573896,0.831185603218634,0.739576251608183
338,0.00034773213393977,0.832536294548697,0.755913104662113
339,0,0,1
340,0,0,1
341,0,0,1
342,0.000231742400177118,0.593986727851643,1
343,0.000231742400177118,0.593986727851643,1
344,0.000231742400177118,0.593986727851643,1
345,0.000231742400177118,0.593986727851643,1
346,0.000231742400177118,0.593986727851643,1
347,0.000231742400177118,0.593986727851643,1
348,0.000228217732293819,0.58702946760414,0.707106781186548
349,0.000228217732293819,0.58702946760414,0.707106781186548
350,0.000228217732293819,0.58702946760414,0.707106781186548
351,0.0001,0.0542532469966847,1
352,0.0001,0.0542532469966847,1
353,0.0001,0.0542532469966847,1
354,0.0003,0.687197990940141,1
355,0.0003,0.687197990940141,1
356,0.0003,0.687197990940141,1
357,0.000966045210263296,0.908523119085196,2.00084809770385
358,0.000596850811860441,0.844652801906398,1.02334342304697
359,0.000245991140194725,0.61750954717841,0.908250091256768
360,0.00123717964041307,0.930066795408792,2.00066158515656
361,0.0015146649215417,0.941481515473138,1.17560482524296
362,0.000808145230734436,0.886176162029631,1.0057997057586
363,0.000749752338383199,0.880330216877948,2.06745901762926
364,0.000315938130264377,0.904839427223005,1.02487280000626
365,0.000367922669415517,0.785222641361603,1.5677180128111
366,0.000675846058445926,0.862971610783514,0.936358058253351
367,0.00236364344727914,0.963215457651744,0.953872078573828
368,0.000750153844447917,0.878383702347199,1.41649110359054
369,0.00396070986533073,0.980670823453756,1.4035033599438
370,0.0013328972539469,0.935575753881623,2.00179913767543
371,0.000216283940809433,0.564674343673795,0.984853413025224
372,0.000361948666756371,0.742343062764345,1.36466028786693
373,0.000640441560488155,0.856391954726136,1.32101804315696
374,0.000570121304030978,0.912915836560603,0.927470224419106
375,0.000851863291918479,0.945681626116173,1.53731659827561
376,0.000858858088514768,0.896611797260705,2.12017057396065
377,0.000894710537867969,0.89718115434487,0.894753657275609
378,0.00104361792534138,0.915495200595061,1.89274472002395
379,0.000563040390570249,0.835723238432215,1.22964686650109
380,0.000137227499062131,0.313131386100063,2.14624410278292
381,0.00108247522174135,0.915594444740628,0.902170699513365
382,0.0015658516154342,0.946251186061816,2.03461479205079
383,0.00105183489922386,0.913380765723494,1.00662854955453
384,0.000951016712616148,0.903500407204652,0.907801943214974
385,0.00043461665995765,0.925565201344432,1.19432514970674
386,0.00144625573198227,0.937984279723497,1.01086066958346
387,0.00199669427559628,0.955662927688433,0.89464170514993
388,0.000445753914361081,0.871990422660688,1.05456619432963
389,0.00195768851068293,0.954896127587126,0.948849217835811
390,0.000340008170876329,0.724396921612575,0.985677519181522
391,0.000285589340248863,0.673688260564197,2.00501587524308
392,9.50417247546924e-05,0.459777743129768,0.904815023037004
393,0.000628403861302785,0.852709523590959,1.04647331451198
394,0.000822543387897371,0.889104824025966,1.2816805759046
395,0.000525357710361145,0.822705498062369,0.921556128775489
396,0.000773322658633189,0.882425216711419,1.49557847214392
397,0.00052991419044855,0.824178690319357,0.894753176173714
398,0.0008331697164563,0.88941833317636,0.916341696406368
399,0.00066881891470337,0.861902627973768,1.06741333656381
400,0.0025616320666848,0.969554160565524,2.0043169661157
401,0.00272084334739893,0.968295337392164,0.901205915794404
402,0.000640488798373671,0.940052547818523,2.08067658632867
403,0.000905854915081678,0.900449104843151,1.51112674164375
404,0.000445836544948444,0.790678930519816,0.98901125222071
405,0.000373420415168871,0.813919895992967,1.71632432008222
406,0.000140552065247127,0.706359635542069,2.11455836175568
407,0.000319988633041235,0.707627188701389,1.25664300722885
408,0.00172624908602746,0.948465645640069,0.965934885407681
409,0.000627199334975426,0.878071124520513,0.895066584195689
410,0.000751032328562376,0.877316356585257,1.0282045369789
411,0.000531559453926572,0.828372746920241,2.12287377375432
412,0.000440018938527124,0.815801477491995,1.73931936401908
413,0.00076274974067285,0.906597717647743,1.13069274078961
414,0.000707379397305352,0.869505727272949,1.02444407044225
415,0.00177262400956867,0.953239995090207,2.01697350977834
416,0.00126800507893903,0.928738369101186,1.00176214802315
417,0.000816993606576426,0.888863410551286,1.45425411964981
418,0.000113917397757473,0.647097073545616,1.02973545773264
419,0.00072976327281978,0.876659834010512,2.00421505971397
420,0.000462005326242166,0.798021292816702,0.951350714044927
421,0.000472255693584019,0.814680640352109,1.95868609321466
422,0.00120680901250162,0.926117403960401,1.36395772620097
423,0.00181383242228104,0.9514866353921,1.07951336387058
424,0.00234262895606806,0.966151750757398,2.01074773510697
425,0.000740071508775496,0.875170214139028,0.94083640455869
426,0.00167329497516782,0.947471683509623,1.19379831442175
427,0.000904211567508327,0.898509313994107,0.961457397990658
428,0.00061291459706607,0.850060412074384,1.42986057664943
429,0.00081700001106622,0.887100850205754,0.896290801694903
430,0.000848330154134519,0.893141786222248,1.44887681205258
431,0.000543191718740645,0.830146097635839,1.42668360492331
432,0.000286270650341645,0.67215330632944,1.05399591387102
433,0.00188962188523694,0.956975373169978,2.16095476595104
434,0.000284190228201194,0.66959822931593,1.00211220692619
435,0.000203385454243686,0.53819089605824,1.6732661374727
436,0.00168147068211905,0.947003758936271,0.965851052701974
437,0.000997203665818708,0.909643587909025,1.38213473003361
438,0.000254587735161111,0.63056439586542,0.919960455806606
439,0.000160348780625624,0.411805983317617,1.15020701524913
440,0.000137590818380395,0.404310872745007,2.10673549572775
441,0.000743906143548007,0.878331562029576,1.74249070478696
442,0.000749364993614693,0.879088433988479,1.68620922180705
443,0.000776368490113976,0.881795173417106,1.14077331017727
444,0.000530172022377839,0.827549982654453,2.00253846725008
445,0.000686746278878008,0.866006271111607,1.19579913220401
446,0.000100633743519708,0.182641394568194,2.17924767325565
447,0.000944872882467761,0.903149712317539,1.00034773649805
448,0.000671529263721986,0.862184051452604,0.97340963979674
449,0.00278413098432821,0.971264073842212,1.59689707910279
450,0.000985297901384477,0.910474948693535,2.01032741250306
451,0.000659475123672456,0.859562867197458,0.961145368286864
452,8.86488113038865e-05,0.550206389598744,0.933817427213679
453,0.000738308055835438,0.931279187816969,0.897681953153063
454,0.00155504989232911,0.942227378765045,0.906616319619308
455,0.000258447136384483,0.705870412720271,1.29651095497297
456,0.000248489263120127,0.621897261853455,1.13218345331815
457,0.000962868154046284,0.90872341218985,2.16936919011654
458,0.000593158900002934,0.844696082508039,1.36383337469005
459,0.00012939243397811,0.269896803683961,0.973546516891007
460,0.000930269722963377,0.901691157696024,1.03705349051229
461,0.00129704599518541,0.93081061773826,1.12387596220891
462,0.000863861303234336,0.895600621883112,1.59045942715751
463,0.000946930034810747,0.90311227902755,0.920939707425159
464,0.00107703704875696,0.919387230378839,2.23464596075256
465,0.000397819369693585,0.764940532488113,0.975092331868971
466,0.000331529152715349,0.722742631552086,1.09305854570987
467,0.000267226007659698,0.648471829301109,1.03638344145407
468,8.8026873924186e-05,0.551801157005511,0.895048596849929
469,0.00115928385973076,0.924916550724567,2.00198538553547
470,0.00109552011400079,0.916661120759243,0.909356976465886
471,0.000602406200932985,0.849092723297155,2.00581905902771
472,0.000619942207695105,0.850269107690563,0.923028924663327
473,0.000572802347993628,0.840938290291867,2.01021593779612
474,0.00137029994310462,0.93580380463371,1.45999972768817
475,0.0005240621807814,0.822493531133616,1.00035343894744
476,0.000939651235153411,0.931393530882604,1.1890060669537
477,0.000622685895077061,0.851316363974663,1.04452606413522
478,0.000672609128802491,0.862177897240582,0.89837915040989
479,0.000310184802723724,0.731074708073667,1.38858833863887
480,0.000822009437370204,0.890204965459187,1.65599268531956
481,0.00109738209871243,0.920673136187557,2.12249769899319
482,0.00040260886325249,0.770685931299897,2.02091775314147
483,0.000192210588169051,0.919092667690729,0.912696617913563
484,0.000708018947538704,0.869623478374914,1.02333836021477
485,0.000294958796065944,0.681917600222248,1.05154736422413
486,0.000479248967829913,0.805613197635105,1.01991665012948
487,0.000625858436799538,0.852397950402891,1.14527402448299
488,0.000968176218245028,0.908766381527972,2.0094066325846
489,0.000640306252214029,0.855108766379928,0.913812283200757
490,0.000849438697718089,0.89459917007542,1.86749388216511
491,8.09775653844551e-05,0.329529891759756,0.902648343337689
492,0.000629860975520579,0.854109139319554,1.38949306028156
493,0.000506960792234306,0.89506507269635,1.016058750824
494,0.000405068316055563,0.772064492874324,2.00000305675338
495,0.00388012336204906,0.982025713924687,2.06252694399607
496,0.00259077861046565,0.966587749355326,0.912402243964773
497,0.000806956281347115,0.88567879492024,0.903599388703136
498,0.000879916601915153,0.896358679619244,1.19553243023014
499,0.00099877520068481,0.90823659320551,0.897547838834952
500,0.000815607586107101,0.887229327365018,0.999108115805547
501,0.000765662042196353,0.882767400000986,2.0025825134359
502,0.000829119036864351,0.889271857215164,1.04521279245728
503,0.000314562668033169,0.70167082648444,0.930660000109101
504,0.00218382802684311,0.960198840226761,1.03957255907712
505,0.000542839941872591,0.828758785134359,1.00023104575956
506,0.00106116419666771,0.914316382638699,1.05072756857823
507,0.000953515329797212,0.904064283391065,1.00172220395964
508,0.000891617067311021,0.897095106074798,0.982681160993364
509,0.000793450700603159,0.931988816858521,1.43968954608641
510,0.000887800829927617,0.898097047886857,1.44160467604782
511,0.000894719679804221,0.897199927197444,0.900265120110521
512,0.000973246895034103,0.905737853588039,0.89516674403753
513,0.000594581867123337,0.843734289697001,0.921056620947594
514,0.000662618019101652,0.860402611590225,1.01190441338588
515,0.000700495609232274,0.868120587255401,1.00309996385632
516,0.000370731041668099,0.747790201128017,1.07969182787059
517,0,0,2
518,0,0,2
519,0,0,2
520,0.000231742400177118,0.596158382172541,2
521,0.000231742400177118,0.596158382172541,2
522,0.000231742400177118,0.596158382172541,2
523,0.000231742400177118,0.596158382172541,2
524,0.000231742400177118,0.596158382172541,2
525,0.000231742400177118,0.596158382172541,2
526,0.000228217732293819,0.587536507652304,0.942809041582063
527,0.000228217732293819,0.587536507652304,0.942809041582063
528,0.000228217732293819,0.587536507652304,0.942809041582063
529,0.0001,0.0542532469966847,1
530,0.0001,0.0542532469966847,1
531,0.0001,0.0542532469966847,1
532,0.0003,0.689700433100695,2
533,0.0003,0.689700433100695,2
534,0.0003,0.689700433100695,2
535,0.000818638494564334,0.887796127982524,1.04197577237502
536,0.00143562529571176,0.93765313996803,1.05805687663447
537,0.00061642367143108,0.893316649751446,1.03153785806148
538,0.000629577470142179,0.85284891048143,1.00017218910695
539,0.000373018141065544,0.829291482526128,1.02996577445725
540,0.000200508191012156,0.532217875985535,2.05536092202844
541,0.000842375563032917,0.890839429921494,0.971760064222192
542,0.00134228003718369,0.9334903764874,1.19035346053845
543,0.000690261368280164,0.930238899770549,1.85089147263947
544,0.000661620772011748,0.866884864086801,3.22095534108443
545,0.00139958359495219,0.944992872391117,4.02834381252831
546,0.000821724900289291,0.888695778862009,1.1885554528418
547,0.0011017190918273,0.919280332299975,1.57197177753695
548,0.00111342578715347,0.926767317347108,3.72275365725796
549,0.000187175726942354,0.793305634543915,1.00567032967699
550,0.000433251833689257,0.791705622301513,3.55174555315037
551,0.000127915826132741,0.262135287985054,1.70986996942475
552,0.000948685907274634,0.946565220520123,1.00952041681763
553,0.000206648205064423,0.550289345543374,4.03925521295835
554,0.000618206169354371,0.852459653255849,1.7832841039119
555,0.000808930281080679,0.886374512467962,1.0324246604276
556,0.000681061436779106,0.873349821695361,4.01598316036626
557,0.000905774239929588,0.898813890596079,1.00000088304992
558,0.000522122616540532,0.821879821212996,1.02025070299156
559,0.000863080376209773,0.893548401522028,0.97388691065225
560,0.000187002379363137,0.929585404086552,1.27681600759693
561,0.000963853593258394,0.90514741479355,1.00664445871497
562,0.000662194183379858,0.860378396212479,1.03370837515169
563,0.000297835435065265,0.874351155917805,4.08083101750293
564,0.000505117386248046,0.824501932378565,4.0372954289808
565,0.000896334477969525,0.906944454390015,4.00650766118716
566,0.000657439500191231,0.860818513321951,1.51366055633107
567,0.00123122574861969,0.927128810783071,1.19406824472018
568,0.00171331200591416,0.951501097412493,2.05149204743214
569,0.00235289852671186,0.972055740025773,4.11043542123538
570,0.00131483704118302,0.934175757212811,1.86695238349162
571,0.000369429861520918,0.747019469451482,1.12809385001667
572,0.00176809347232819,0.949908290884404,1.00983680851686
573,0.000323724947003424,0.710736907872583,1.13388726032141
574,0.000530786023066007,0.826084809438193,1.43632231657027
575,0.00179255073644669,0.950515574605956,0.972076345812642
576,0.000817242061760902,0.890607474047242,2.00227019483948
577,0.000975521516316202,0.913703630086793,3.38226385354581
578,0.000711511161049999,0.870132614836782,0.975716427338334
579,0.00214359558173446,0.968276599568498,4.11083856608246
580,0.000741731132620821,0.875956172955251,1.09978856070984
581,0.000778845050052843,0.882376523273376,1.20196520022047
582,0.0008409583780079,0.890857390107611,1.03704660353382
583,0.00103128205192971,0.911754699143605,1.05970963610097
584,0.000562485471740322,0.835245797640794,1.12625637656807
585,0.0010822696703954,0.915886390091211,0.997177860934415
586,6.73085593891365e-05,0.560228648341231,1.54487485169153
587,0.00167915714390077,0.947091053786764,1.01617592862839
588,8.1567483143314e-05,0.331582886333079,1.0871568595556
589,0.0011502564542641,0.923960960622316,1.90225666515673
590,0.000902630137572297,0.902887589220241,2.41332680270999
591,0.000923759319044655,0.901211299800108,1.11170868474972
592,0.00195323114150541,0.957113118583148,1.67645306860545
593,0.00110003389559287,0.921738100536999,2.39851353927043
594,6.05694626070458e-05,0.597958460418091,2.04610173156921
595,0.000648972855261155,0.862589506057109,2.72258145057698
596,0.0003914872252051,0.763186386087244,1.7378571024406
597,0.00149752022582975,0.949389978398779,4.0323219289184
598,0.000721530513939689,0.872027611263233,0.989401351832408
599,0.00012777399481251,0.260617464634683,0.988002028566751
600,0.000331523545800138,0.798225499959521,1.00616735972401
601,0.00084209661412092,0.900096688124242,4.00400285486627
602,0.00016408477354541,0.845899476888084,0.976800470356309
603,0.000567927570653669,0.844362409745773,3.66020793257971
604,0.000630001540831159,0.853022875675388,1.02376376769453
605,0.00196716180433277,0.956350392728167,1.32622025621609
606,0.000538484649860537,0.861390659331001,2.22646241326982
607,0.000834796471700217,0.899375697984318,4.09507243788715
608,0.000899169503787519,0.90252957161326,2.42877507100438
609,0.000672286232230703,0.867364324430558,2.61647105371942
610,0.00158412581302768,0.946680077663874,1.94819795147528
611,0.000255335661605483,0.883936559359325,4.00066409569468
612,0.000172719415551424,0.454055655842507,1.04144394193646
613,0.00282657756816295,0.971227971559187,1.41877126330934
614,0.00159124714551817,0.94556117038371,1.50783073921043
615,0.00160531140269675,0.945493168220963,1.32368677145501
616,0.00178472092402137,0.953877759340433,2.10725864964824
617,0.000622804796491861,0.853178931822305,1.64570251164127
618,0.00120867055327282,0.924964510247567,0.970403914813009
619,0.000515683323373258,0.819475837381354,0.975191776094373
620,0.000454155185722197,0.798747773212918,2.4460637854558
621,0.000620707327766887,0.904735130672508,1.29590077217878
622,0.000515279569452127,0.886081588327878,2.77076502387641
623,0.000304211750648367,0.691655516878206,1.03021119862938
624,0.000884094891188998,0.896245258201911,1.00006443382075
625,0.000920782330383663,0.900515607689792,0.998215275023191
626,0.000637385579218901,0.85533955631458,1.20968424131219
627,0.000178659282000791,0.472853366116775,1.3414591129952
628,0.000139711016961928,0.702324586699895,4.00720402357752
629,0.00158717752080259,0.943768483362288,1.00023676399986
630,0.00281039780132928,0.978037935312097,4.01276416627049
631,0.000670810869010045,0.862119551383489,1.00140865887519
632,0.000913486689739421,0.89973999345562,1.01299725211937
633,0.000392984862571673,0.823706851761277,0.97257133453205
634,0.000508345696212766,0.816912647163911,1.00684498932297
635,0.000625819040524234,0.851855401515681,0.971483664104737
636,0.000371277135775288,0.748239226748701,1.10626168820089
637,0.00115483631626646,0.930738464715444,4.03830776257732
638,0.000667671573068131,0.870528489742452,4.01292379855281
639,0.000390926819921157,0.763023863289321,1.80548449164143
640,0.000695036095825372,0.869595170235509,1.82457240803055
641,0.000778820217441531,0.882523603793385,1.2500124982693
642,0.000440607403028029,0.788696641314372,1.17954694125688
643,0.00067221708366045,0.862954380985905,1.17540435521939
644,0.000407769409850714,0.775016725048228,2.5032133828352
645,0.002393052916189,0.968296943691523,2.45702900684652
646,0.00103590427703819,0.915266894295514,2.03622341948593
647,8.31240871517635e-05,0.324031414405477,1.05864660814684
648,0.00143825452054714,0.937505618300658,0.976044958103089
649,0.000912533651786499,0.900403414437466,1.25470066624274
650,0.000484822367496194,0.807995156832863,1.05573119405551
651,0.00148441340904206,0.939658488820856,1.00759958783239
652,0.000420117704635393,0.777765320911897,1.03180978120861
653,0.000805646664062087,0.886077829277466,1.08976912423592
654,0.000679235327371939,0.864776359112911,1.29257070613155
655,0.000684668878826722,0.865022541942285,1.01401818202077
656,0.000601476961010219,0.845894790098647,1.02948644370158
657,0.000755540528898243,0.878465874251826,1.15408584808566
658,0.000763980094259696,0.879408936348667,1.01259437663526
659,0.000213666612467509,0.584760616825277,1.83125962892573
660,0.00110717789188411,0.920034309427736,1.6756544774595
661,0.000774717227716551,0.881017686360157,0.976821400406736
662,0.000439893208430927,0.802507806276187,1.23324680258393
663,0.00059986825910259,0.850334654228944,2.64584059879911
664,7.31916228789515e-05,0.825658652892188,1.01287151247076
665,0.00414185237401125,0.981269495360437,1.25701150851973
666,0.000622940235229431,0.851414483408984,1.05623020273263
667,0.00212613137642719,0.964047029048447,2.68381475216102
668,0.0010949954122398,0.916860141736818,0.983347303582747
669,0.000949020365255539,0.903590276998924,1.00088154418385
670,0.000632066368914489,0.853658283551518,1.07037647282748
671,0.00044827349959501,0.792040194755576,1.05995285609241
672,0.000842173090847507,0.890874873430778,0.991391349994305
673,0.000914683905841738,0.909060801492164,4.00219211892337
674,0.000659834754578917,0.865067249081872,2.74248180574344
675,0.000206010340988093,0.54288689208361,1.03622979862305
676,0.000687654560174788,0.865507061526119,0.976297940912219
677,0.000210581262320163,0.649216849170808,0.989172518751169
678,0.00152639778832747,0.9413105981179,0.975784864940765
679,0.000452360294869025,0.793805384004315,1.0084090657218
680,0.000311838017052584,0.70003201910673,1.32200570791376
681,0.000952032935584456,0.90380830416814,0.970318576904741
682,0.00107884918048941,0.917597279214717,1.61723731758225
683,0.00210160381138392,0.96112525587626,1.87123236281643
684,7.81914156820473e-05,0.0865561001735273,4.10729467235113
685,0.000498111408590047,0.813064481699739,1.00297626717979
686,0.00072263314498431,0.881470383187575,4.03518040310788
687,0.000334873381306539,0.720211143927373,1.02201642736716
688,0.000480136337143169,0.810678027875797,2.6440266194281
689,0.000674803086080071,0.862956031167933,1.00122015738793
690,0.00139576933810895,0.935480062739998,0.970184361242674
691,0.000841578422503215,0.892840469225782,1.63906354423849
692,0.000404353750245691,0.777146296781617,4.00066133748318
693,0.00136846008502508,0.936452710815747,1.69296062406189
694,0.000989063074809264,0.907647292778287,1.00382381063788
695,0,0,4
696,0,0,4
697,0,0,4
698,0.000231742400177118,0.600490727978777,4
699,0.000231742400177118,0.600490727978777,4
700,0.000231742400177118,0.600490727978777,4
701,0.000231742400177118,0.600490727978777,4
702,0.000231742400177118,0.600490727978777,4
703,0.000231742400177118,0.600490727978777,4
704,0.000228217732293819,0.587942008122222,1.13137084989848
705,0.000228217732293819,0.587942008122222,1.13137084989848
706,0.000228217732293819,0.587942008122222,1.13137084989848
707,0.0001,0.0542532469966847,1
708,0.0001,0.0542532469966847,1
709,0.0001,0.0542532469966847,1
710,0.0003,0.694672685682654,4
711,0.0003,0.694672685682654,4
712,0.0003,0.694672685682654,4
713,0,0,0.5
714,0.0002,0.527996306354914,0.5
715,0.0008,0.88336900709793,0.5
716,0.0008,0.88336900709793,0.5
717,0.0008,0.88336900709793,0.5
718,0.0008,0.88336900709793,0.5
719,0.0012,0.922848964665851,0.5
720,0,0,0.5
721,4.56435464587638e-05,0,0.471404520791032
722,0.000182574185835055,0.482719774928015,0.471404520791032
723,0.000182574185835055,0.482719774928015,0.471404520791032
724,0.000182574185835055,0.482770472337274,0.5
725,0.000182574185835055,0.482770472337274,0.471404520791032
726,0.000273861278752583,0.655723650189969,0.471404520791032
727,0,0,0.5
728,2e-05,0,1
729,8e-05,0,1
730,8e-05,0,1
731,8e-05,0,0.5
732,8e-05,0,1
733,0.00012,0.2124915802005,1
734,0,0,0.5
735,0.0002,0.527938446332543,0.470150102226747
736,0.0008,0.88321913535053,0.45326946290954
737,0.0008,0.88321913535053,0.447255247115496
738,0.0008,0.88336900709793,0.5
739,0.0008,0.88336900709793,0.466196880555075
740,0.0012,0.922827199079728,0.493450226374239
741,0,0,1
742,0.0002,0.52896537993375,1
743,0.0008,0.884962184679669,1
744,0.0008,0.884962184679669,1
745,0.0008,0.884962184679669,1
746,0.0008,0.884962184679669,1
747,0.0012,0.924494041410936,1
748,0,0,1
749,4.56435464587638e-05,0,0.707106781186548
750,0.000182574185835055,0.483137666447263,0.707106781186548
751,0.000182574185835055,0.483137666447263,0.707106781186548
752,0.000182574185835055,0.48365699017817,1
753,0.000182574185835055,0.48365699017817,0.707106781186548
754,0.000273861278752583,0.656290124814576,0.707106781186548
755,0,0,1
756,2e-05,0,1
757,8e-05,0,1
758,8e-05,0,1
759,8e-05,0,1
760,8e-05,0,1
761,0.00012,0.2124915802005,1
762,0,0,1
763,0.0002,0.52873005576481,0.878573104886491
764,0.0008,0.884325446527553,0.799452090209962
765,0.0008,0.884325446527553,0.748832213126229
766,0.0008,0.884962184679669,1
767,0.0008,0.884962184679669,0.707550025594786
768,0.0012,0.923549699765201,0.711775750022341
769,0,0,2
770,0.0002,0.530902901916496,2
771,0.0008,0.888092073781165,2
772,0.0008,0.888092073781165,2
773,0.0008,0.888092073781165,2
774,0.0008,0.888092073781165,2
775,0.0012,0.92768834233891,2
776,0,0,2
777,4.56435464587638e-05,0,0.942809041582063
778,0.000182574185835055,0.483555582899396,0.942809041582063
779,0.000182574185835055,0.483555582899396,0.942809041582063
780,0.000182574185835055,0.485430358907314,2
781,0.000182574185835055,0.485430358907314,0.942809041582063
782,0.000273861278752583,0.656856158171767,0.942809041582063
783,0,0,2
784,2e-05,0,1
785,8e-05,0,1
786,8e-05,0,1
787,8e-05,0,2
788,8e-05,0,1
789,0.00012,0.2124915802005,1
790,0,0,2
791,0.0002,0.530037360142845,1.55322030605188
792,0.0008,0.885888086711334,1.29334575344052
793,0.0008,0.885888086711334,1.12970213553315
794,0.0008,0.888092073781165,2
795,0.0008,0.888092073781165,0.954669254159527
796,0.0012,0.924213283566382,0.913966593699149
797,0,0,4
798,0.0002,0.534775389361021,4
799,0.0008,0.894131172455535,4
800,0.0008,0.894131172455535,4
801,0.0008,0.894131172455535,4
802,0.0008,0.894131172455535,4
803,0.0012,0.933709119596299,4
804,0,0,4
805,4.56435464587638e-05,0,1.13137084989848
806,0.000182574185835055,0.483889933922403,1.13137084989848
807,0.000182574185835055,0.483889933922403,1.13137084989848
808,0.000182574185835055,0.488978392281486,4
809,0.000182574185835055,0.488978392281486,1.13137084989848
810,0.000273861278752583,0.657308666975274,1.13137084989848
811,0,0,4
812,2e-05,0,1
813,8e-05,0,1
814,8e-05,0,1
815,8e-05,0,4
816,8e-05,0,1
817,0.00012,0.2124915802005,1
818,0,0,4
819,0.0002,0.531912472865818,2.52123572587109
820,0.0008,0.887693804296204,1.87141742068147
821,0.0008,0.887693804296204,1.51497405728944
822,0.0008,0.894131172455535,4
823,0.0008,0.894131172455535,1.15665641443858
824,0.0012,0.924706404938838,1.06526971265011
