normalized_time,displacement_mm,cmod_mm,load_N
0,0,0,-0
0.00050000002374872565,-4.9999998736893758e-05,2.3195088942884468e-05,9.7850495576858521
0.0010000000474974513,-9.9999997473787516e-05,4.6390177885768935e-05,19.570099115371704
0.001500000013038516,-0.0001500000071246177,6.9585266828653403e-05,29.355149269104004
0.0020000000949949026,-0.00019999999494757503,9.278035577153787e-05,39.140198230743408
0.0024999999441206455,-0.00025000001187436283,0.00011597543561947532,48.925248146057129
0.0030000000260770321,-0.00030000001424923539,0.00013917053365730681,58.710298538208008
0.0035000001080334187,-0.0003499999875202775,0.00016236561350524426,68.49534797668457
0.0040000001899898052,-0.00039999998989515007,0.00018556071154307574,78.280396461486816
0.0044999998062849045,-0.00044999999227002263,0.00020875580594292842,88.065447807312012
0.004999999888241291,-0.00050000002374872565,0.00023195087123895064,97.850496292114258
0.0054999999701976776,-0.00054999999701976776,0.00025514596927678213,107.63554573059082
0.0060000000521540642,-0.00060000002849847078,0.00027834106731461361,117.42059707641602
0.0065000001341104507,-0.00065000000176951289,0.00030153612897265702,127.20564651489258
0.0070000002160668373,-0.000699999975040555,0.00032473122701048851,136.99069595336914
0.0074999998323619366,-0.00075000000651925802,0.00034792632504832,146.77575016021729
0.0080000003799796104,-0.00079999997979030013,0.00037112142308615148,156.56079292297363
0.008500000461935997,-0.00085000001126900315,0.0003943164847441949,166.34584426879883
0.008999999612569809,-0.00089999998454004526,0.00041751161188585684,176.13089561462402
0.0094999996945261955,-0.00095000001601874828,0.00044070667354390025,185.91594505310059
0.0099999997764825821,-0.0010000000474974513,0.00046390174247790128,195.70099258422852
0.010499999858438969,-0.0010499999625608325,0.00048709686961956322,205.48604774475098
0.010999999940395355,-0.0010999999940395355,0.00051029193855356425,215.27109146118164
0.011500000022351742,-0.0011500000255182385,0.00053348700748756528,225.05613899230957
0.012000000104308128,-0.0012000000569969416,0.00055668213462922722,234.84119415283203
0.012500000186264515,-0.0012499999720603228,0.00057987718901131302,244.62624168395996
0.013000000268220901,-0.0013000000035390258,0.00060307225794531405,254.41129302978516
0.013500000350177288,-0.0013500000350177288,0.00062626738508697599,264.19634056091309
0.014000000432133675,-0.00139999995008111,0.00064946245402097702,273.98139190673828
0.014499999582767487,-0.001449999981559813,0.00067265758116263896,283.76644706726074
0.014999999664723873,-0.001500000013038516,0.00069585265009663999,293.55150032043457
0.01549999974668026,-0.0015500000445172191,0.00071904771903064102,303.33654022216797
0.016000000759959221,-0.0015999999595806003,0.00074224284617230296,313.12158584594727
0.016499999910593033,-0.0016499999910593033,0.00076543795876204967,322.90663528442383
0.017000000923871994,-0.0017000000225380063,0.00078863296948838979,332.69168853759766
0.017500000074505806,-0.0017500000540167093,0.00081182809663005173,342.47673797607422
0.017999999225139618,-0.0017999999690800905,0.00083502322377171367,352.26179122924805
0.018500000238418579,-0.0018500000005587935,0.00085821823449805379,362.04684066772461
0.018999999389052391,-0.0019000000320374966,0.0008814133470878005,371.83189010620117
0.019500000402331352,-0.0019499999471008778,0.00090460848878137767,381.61693572998047
0.019999999552965164,-0.0020000000949949026,0.00092780348495580256,391.40198516845703
0.020500000566244125,-0.0020500000100582838,0.00095099862664937973,401.18703842163086
0.020999999716877937,-0.002099999925121665,0.00097419373923912644,410.97209548950195
0.021500000730156898,-0.0021500000730156898,0.00099738873541355133,420.75714111328125
0.02199999988079071,-0.002199999988079071,0.0010205838771071285,430.54218292236328
0.022500000894069672,-0.0022499999031424522,0.0010437789896968752,440.32723617553711
0.023000000044703484,-0.0023000000510364771,0.0010669740149751306,450.11227798461914
0.023499999195337296,-0.0023499999660998583,0.0010901691275648773,459.8973388671875
0.024000000208616257,-0.0024000001139938831,0.0011133642692584544,469.68238830566406
0.024499999359250069,-0.0024500000290572643,0.0011365592654328793,479.46743774414062
0.02500000037252903,-0.0024999999441206455,0.001159754378022626,489.25248336791992
0.025499999523162842,-0.0025500000920146704,0.0011829495197162032,499.03753662109375
0.026000000536441803,-0.0026000000070780516,0.0012061445158906281,508.82258605957031
0.026499999687075615,-0.0026499999221414328,0.0012293396575842053,518.60763168334961
0.027000000700354576,-0.0027000000700354576,0.001252534770173952,528.39268112182617
0.027499999850988388,-0.0027499999850988388,0.0012757299118675292,538.17773056030273
0.028000000864267349,-0.00279999990016222,0.001298924908041954,547.96278381347656
0.028500000014901161,-0.0028500000480562449,0.0013221200497355312,557.74782943725586
0.028999999165534973,-0.002899999963119626,0.0013453151623252779,567.53289413452148
0.029500000178813934,-0.0029500001110136509,0.0013685101584997028,577.31792449951172
0.029999999329447746,-0.0030000000260770321,0.00139170530019328,587.10300064086914
0.030500000342726707,-0.0030499999411404133,0.0014149004127830267,596.88802337646484
0.030999999493360519,-0.0031000000890344381,0.001438095438061282,606.67308044433594
0.031500000506639481,-0.0031500000040978193,0.0014612905506510288,616.45811462402344
0.032000001519918442,-0.0031999999191612005,0.0014844856923446059,626.24317169189453
0.032499998807907104,-0.0032500000670552254,0.0015076806885190308,636.02824401855469
0.032999999821186066,-0.0032999999821186066,0.0015308759175240993,645.81327056884766
0.033500000834465027,-0.0033499998971819878,0.0015540708263870329,655.59832763671875
0.034000001847743988,-0.0034000000450760126,0.0015772659389767796,665.38337707519531
0.034499999135732651,-0.0034499999601393938,0.0016004610806703568,675.16843414306641
0.035000000149011612,-0.0035000001080334187,0.0016236561932601035,684.95347595214844
0.035500001162290573,-0.0035500000230967999,0.0016468513349536806,694.73853302001953
0.035999998450279236,-0.003599999938160181,0.0016702559369150549,704.4896240234375
0.036499999463558197,-0.0036500000860542059,0.0016941303620114923,714.16474151611328
0.037000000476837158,-0.0037000000011175871,0.0017180082504637539,723.83935546875
0.037500001490116119,-0.0037499999161809683,0.001741887885145843,733.51377868652344
0.037999998778104782,-0.0038000000640749931,0.001765768276527524,743.1881103515625
0.038499999791383743,-0.0038499999791383743,0.0017896502395160496,752.86231994628906
0.039000000804662704,-0.0038999998942017555,0.0018135333084501326,762.53633117675781
0.039500001817941666,-0.0039499998092651367,0.0018374184146523476,772.21013641357422
0.039999999105930328,-0.0040000001899898052,0.001861305208876729,781.88372039794922
0.04050000011920929,-0.0040500001050531864,0.0018851935165002942,791.55709075927734
0.041000001132488251,-0.0041000000201165676,0.0019090832211077213,801.23030090332031
0.041499998420476913,-0.0041499999351799488,0.0019329746137373149,810.90332794189453
0.041999999433755875,-0.00419999985024333,0.0019568671123124659,820.57618713378906
0.042500000447034836,-0.0042500002309679985,0.0019807607750408351,830.24891662597656
0.043000001460313797,-0.0043000001460313797,0.0020046559511683881,839.92146301269531
0.04349999874830246,-0.0043500000610947609,0.0020285522332414985,849.5938720703125
0.043999999761581421,-0.0043999999761581421,0.0020524498540908098,859.26613616943359
0.044500000774860382,-0.0044499998912215233,0.002076348289847374,868.93824768066406
0.045000001788139343,-0.0044999998062849045,0.0021002480061724782,878.61024475097656
0.045499999076128006,-0.004550000187009573,0.0021241487702354789,888.28211212158203
0.046000000089406967,-0.0046000001020729542,0.002148050582036376,897.95382690429688
0.046500001102685928,-0.0046500000171363354,0.0021719533833675086,907.62544250488281
0.046999998390674591,-0.0046999999321997166,0.0021958572324365377,917.29694366455078
0.047499999403953552,-0.0047499998472630978,0.0022197618382051587,926.96833038330078
0.048000000417232513,-0.0048000002279877663,0.0022436674335040152,936.63961029052734
0.048500001430511475,-0.0048500001430511475,0.0022675737855024636,946.31076812744141
0.048999998718500137,-0.0049000000581145287,0.0022914811270311475,955.98183441162109
0.049499999731779099,-0.0049499999731779099,0.0023153891670517623,965.65284729003906
0.05000000074505806,-0.004999999888241291,0.0023392979637719691,975.32370758056641
0.050500001758337021,-0.0050499998033046722,0.0023632074589841068,984.99448394775391
0.050999999046325684,-0.0051000001840293407,0.00238711794372648,994.66517639160156
0.051500000059604645,-0.0051500000990927219,0.0024110290687531233,1004.335807800293
0.052000001072883606,-0.0052000000141561031,0.0024349406594410539,1014.0063018798828
0.052499998360872269,-0.0052499999292194843,0.0024588531814515591,1023.6767272949219
0.05299999937415123,-0.0052999998442828655,0.0024827872985042632,1033.3438262939453
0.053500000387430191,-0.005350000225007534,0.0025069716502912343,1042.9717025756836
0.054000001400709152,-0.0054000001400709152,0.0025311610079370439,1052.5988006591797
0.054499998688697815,-0.0054500000551342964,0.0025553509476594627,1062.225830078125
0.054999999701976776,-0.0054999999701976776,0.0025795396650210023,1071.8529968261719
0.055500000715255737,-0.0055499998852610588,0.0026037279167212546,1081.4803085327148
0.056000001728534698,-0.00559999980032444,0.0026279165758751333,1091.1075668334961
0.056499999016523361,-0.0056500001810491085,0.0026521059335209429,1100.7346725463867
0.057000000029802322,-0.0057000000961124897,0.0026769221876747906,1110.2585372924805
0.057500001043081284,-0.0057500000111758709,0.0027018923428840935,1119.7568969726562
0.057999998331069946,-0.0057999999262392521,0.0027268739067949355,1129.2533721923828
0.058499999344348907,-0.0058499998413026333,0.0027518532006070018,1138.750129699707
0.059000000357627869,-0.0059000002220273018,0.0027768336585722864,1148.2466049194336
0.05950000137090683,-0.005950000137090683,0.0028018172015435994,1157.7424468994141
0.059999998658895493,-0.0060000000521540642,0.0028268104651942849,1167.2366256713867
0.060499999672174454,-0.0060499999672174454,0.0028518079197965562,1176.730094909668
0.061000000685453415,-0.0060999998822808266,0.0028768111951649189,1186.2224349975586
0.061500001698732376,-0.0061499997973442078,0.0029018169734627008,1195.7144012451172
0.061999998986721039,-0.0062000001780688763,0.0029268247890286148,1205.2059020996094
0.0625,-0.0062500000931322575,0.0029518360388465226,1214.69677734375
0.063000001013278961,-0.0063000000081956387,0.0029768514214083552,1224.1869354248047
0.063500002026557922,-0.0063499999232590199,0.0030018712859600782,1233.6762847900391
0.064000003039836884,-0.006399999838322401,0.0030268953996710479,1243.1648864746094
0.064499996602535248,-0.0064500002190470695,0.0030519227148033679,1252.6528625488281
0.064999997615814209,-0.0065000001341104507,0.0030769534059800208,1262.1402587890625
0.06549999862909317,-0.0065500000491738319,0.0031019866000860929,1271.6272125244141
0.065999999642372131,-0.0065999999642372131,0.0031270610634237528,1281.1083221435547
0.066500000655651093,-0.0066499998793005943,0.0031521610217168927,1290.5862731933594
0.067000001668930054,-0.0066999997943639755,0.0031772769289091229,1300.0620422363281
0.067500002682209015,-0.006750000175088644,0.0032026652479544282,1309.4938201904297
0.068000003695487976,-0.0068000000901520252,0.0032286332570947707,1318.8349151611328
0.06849999725818634,-0.0068500000052154064,0.0032546923612244427,1328.1629943847656
0.068999998271465302,-0.0068999999202787876,0.0032807588577270508,1337.4901885986328
0.069499999284744263,-0.0069499998353421688,0.0033068257616832852,1346.8173217773438
0.070000000298023224,-0.0070000002160668373,0.0033328940044157207,1356.1441040039062
0.070500001311302185,-0.0070500001311302185,0.0033589667873457074,1365.4701232910156
0.071000002324581146,-0.0071000000461935997,0.0033850401523523033,1374.7958679199219
0.071500003337860107,-0.0071499999612569809,0.0034111158456653357,1384.1212768554688
0.071999996900558472,-0.0071999998763203621,0.0034371926449239254,1393.4463958740234
0.072499997913837433,-0.0072499997913837433,0.003463271539658308,1402.7711181640625
0.072999998927116394,-0.0073000001721084118,0.0034894432756118476,1412.0809783935547
0.073499999940395355,-0.007350000087171793,0.0035159045364707708,1421.3439178466797
0.074000000953674316,-0.0074000000022351742,0.0035425596870481968,1430.5763397216797
0.074500001966953278,-0.0074499999172985554,0.0035692711244337261,1439.8003234863281
0.075000002980232239,-0.0074999998323619366,0.0035959841334261,1449.0241241455078
0.075499996542930603,-0.0075500002130866051,0.0036227003438398242,1458.2473297119141
0.075999997556209564,-0.0076000001281499863,0.0036494213854894042,1467.4697570800781
0.076499998569488525,-0.0076500000432133675,0.0036761480150744319,1476.6912078857422
0.076999999582767487,-0.0076999999582767487,0.0037028834922239184,1485.9111785888672
0.077500000596046448,-0.0077499998733401299,0.0037296193186193705,1495.1308746337891
0.078000001609325409,-0.007799999788403511,0.0037563582882285118,1504.3499908447266
0.07850000262260437,-0.0078499997034668922,0.0037834439426660538,1513.5143737792969
0.079000003635883331,-0.0078999996185302734,0.0038107680156826973,1522.640869140625
0.079499997198581696,-0.0079500004649162292,0.0038381379563361406,1531.7595977783203
0.079999998211860657,-0.0080000003799796104,0.0038655055686831474,1540.8784027099609
0.080499999225139618,-0.0080500002950429916,0.0038928673602640629,1549.9979400634766
0.081000000238418579,-0.0081000002101063728,0.003920222632586956,1559.1183471679688
0.08150000125169754,-0.008150000125169754,0.0039475740632042289,1568.2390289306641
0.082000002264976501,-0.0082000000402331352,0.0039749272400513291,1577.3594512939453
0.082500003278255463,-0.0082499999552965164,0.0040022830944508314,1586.4791107177734
0.082999996840953827,-0.0082999998703598976,0.0040296433726325631,1595.5979156494141
0.083499997854232788,-0.0083499997854232788,0.0040570410201326013,1604.7106781005859
0.083999998867511749,-0.00839999970048666,0.0040847539203241467,1613.7720336914062
0.08449999988079071,-0.0084499996155500412,0.0041126194410026073,1622.8084106445312
0.085000000894069672,-0.008500000461935997,0.0041405351366847754,1631.8366851806641
0.085500001907348633,-0.0085500003769993782,0.0041684547904878855,1640.8642272949219
0.086000002920627594,-0.0086000002920627594,0.0041963767725974321,1649.8912963867188
0.086499996483325958,-0.0086500002071261406,0.0042243023635819554,1658.9175109863281
0.086999997496604919,-0.0087000001221895218,0.0042522340081632137,1667.9425201416016
0.087499998509883881,-0.008750000037252903,0.0042801725212484598,1676.9661865234375
0.087999999523162842,-0.0087999999523162842,0.0043081175535917282,1685.9885406494141
0.088500000536441803,-0.0088499998673796654,0.0043360682902857661,1695.0097351074219
0.089000001549720764,-0.0088999997824430466,0.0043640583753585815,1704.0240783691406
0.089500002562999725,-0.0089499996975064278,0.0043924757046625018,1712.9690399169922
0.090000003576278687,-0.008999999612569809,0.004421012825332582,1721.894287109375
0.090499997138977051,-0.0090500004589557648,0.0044495449401438236,1730.8200225830078
0.090999998152256012,-0.009100000374019146,0.0044780636671930552,1739.7476348876953
0.091499999165534973,-0.0091500002890825272,0.0045065708691254258,1748.6769409179688
0.092000000178813934,-0.0092000002041459084,0.0045350724831223488,1757.6067352294922
0.092500001192092896,-0.0092500001192092896,0.0045635770075023174,1766.5358428955078
0.093000002205371857,-0.0093000000342726707,0.0045920890988782048,1775.4633331298828
0.093500003218650818,-0.0093499999493360519,0.004620611434802413,1784.388916015625
0.093999996781349182,-0.0093999998643994331,0.0046494572889059782,1793.2609710693359
0.094499997794628143,-0.0094499997794628143,0.0046784610021859407,1802.1066284179688
0.094999998807907104,-0.0094999996945261955,0.004707500571385026,1810.9460296630859
0.095499999821186066,-0.0095499996095895767,0.0047365406062453985,1819.7851104736328
0.096000000834465027,-0.0096000004559755325,0.0047655825037509203,1828.6234741210938
0.096500001847743988,-0.0096500003710389137,0.0047946308040991426,1837.4603881835938
0.097000002861022949,-0.0097000002861022949,0.0048237132141366601,1846.2918853759766
0.097499996423721313,-0.0097500002011656761,0.0048528035404160619,1855.1217956542969
0.097999997437000275,-0.0098000001162290573,0.0048819186631590128,1863.94775390625
0.098499998450279236,-0.0098500000312924385,0.0049110441468656063,1872.771728515625
0.098999999463558197,-0.0098999999463558197,0.0049403796438127756,1881.5621337890625
0.099500000476837158,-0.0099499998614192009,0.004970004316419363,1890.3045959472656
0.10000000149011612,-0.0099999997764825821,0.0049996889429166913,1899.0366973876953
0.10050000250339508,-0.010049999691545963,0.0050293906824663281,1907.7654724121094
0.10100000351667404,-0.010099999606609344,0.0050591016188263893,1916.4922485351562
0.10149999707937241,-0.0101500004529953,0.0050888144178315997,1925.2181549072266
0.10199999809265137,-0.010200000368058681,0.0051185265183448792,1933.9437255859375
0.10249999910593033,-0.010250000283122063,0.0051482380367815495,1942.6690216064453
0.10300000011920929,-0.010300000198185444,0.0051779510686174035,1951.3934326171875
0.10350000113248825,-0.010350000113248825,0.0052078538574278355,1960.0858764648438
0.10400000214576721,-0.010400000028312206,0.0052379934350028634,1968.7386169433594
0.10450000315904617,-0.010449999943375587,0.0052681867964565754,1977.3817749023438
0.10499999672174454,-0.010499999858438969,0.0052983927307650447,1986.0223999023438
0.1054999977350235,-0.01054999977350235,0.0053286495385691524,1994.6544342041016
0.10599999874830246,-0.010599999688565731,0.0053589434828609228,2003.2804565429688
0.10649999976158142,-0.010649999603629112,0.0053892926080152392,2011.8984680175781
0.10700000077486038,-0.010700000450015068,0.0054196424316614866,2020.5159454345703
0.10750000178813934,-0.010750000365078449,0.0054499981924891472,2029.1322021484375
0.1080000028014183,-0.01080000028014183,0.0054804675746709108,2037.7297821044922
0.10849999636411667,-0.010850000195205212,0.0055111669935286045,2046.2905578613281
0.10899999737739563,-0.010900000110268593,0.0055420425487682223,2054.821533203125
0.10949999839067459,-0.010950000025331974,0.0055729992454871535,2063.3383026123047
0.10999999940395355,-0.010999999940395355,0.0056039841147139668,2071.8496246337891
0.11050000041723251,-0.011049999855458736,0.0056349728256464005,2080.359619140625
0.11100000143051147,-0.011099999770522118,0.0056659613037481904,2088.8691101074219
0.11150000244379044,-0.011149999685585499,0.0056969497818499804,2097.3780212402344
0.1120000034570694,-0.01119999960064888,0.0057279394241049886,2105.8860626220703
0.11249999701976776,-0.011250000447034836,0.0057590479264035821,2114.3735046386719
0.11299999803304672,-0.011300000362098217,0.0057904476998373866,2122.8126983642578
0.11349999904632568,-0.011350000277161598,0.0058220627252012491,2131.2164916992188
0.11400000005960464,-0.011400000192224979,0.0058537082513794303,2139.6152801513672
0.11450000107288361,-0.011450000107288361,0.0058853677473962307,2148.0115509033203
0.11500000208616257,-0.011500000022351742,0.005917031317949295,2156.4067077636719
0.11550000309944153,-0.011549999937415123,0.0059487019898369908,2164.8003692626953
0.11599999666213989,-0.011599999852478504,0.0059803809272125363,2173.1920471191406
0.11649999767541885,-0.011649999767541885,0.0060120696434751153,2181.5814819335938
0.11699999868869781,-0.011699999682605267,0.0060438545187935233,2189.9535827636719
0.11749999970197678,-0.011749999597668648,0.0060757520841434598,2198.3060455322266
0.11800000071525574,-0.011800000444054604,0.0061076951678842306,2206.6503448486328
0.1185000017285347,-0.011850000359117985,0.0061398061225190759,2214.9654388427734
0.11900000274181366,-0.011900000274181366,0.0061720305820927024,2223.2608184814453
0.11949999630451202,-0.011950000189244747,0.006204273784533143,2231.5525207519531
0.11999999731779099,-0.012000000104308128,0.0062365233898162842,2239.8428955078125
0.12049999833106995,-0.01205000001937151,0.0062688604230061173,2248.1185302734375
0.12099999934434891,-0.012099999934434891,0.0063012782484292984,2256.3803100585938
0.12150000035762787,-0.012149999849498272,0.0063338420586660504,2264.6170654296875
0.12200000137090683,-0.012199999764561653,0.0063664751360192895,2272.8416900634766
0.12250000238418579,-0.012249999679625034,0.0063992713112384081,2281.0374298095703
0.12300000339746475,-0.012299999594688416,0.0064320904202759266,2289.2288208007812
0.12349999696016312,-0.012350000441074371,0.0064649312989786267,2297.4160614013672
0.12399999797344208,-0.012400000356137753,0.0064977771835401654,2305.6018371582031
0.12449999898672104,-0.012450000271201134,0.0065306279575452209,2313.7860412597656
0.125,-0.012500000186264515,0.0065634868806228042,2321.9682159423828
0.12549999356269836,-0.012550000101327896,0.0065963994711637497,2330.1405639648438
0.12600000202655792,-0.012600000016391277,0.0066295174183323979,2338.2774658203125
0.12649999558925629,-0.012649999931454659,0.0066626963671296835,2346.4035186767578
0.12700000405311584,-0.01269999984651804,0.0066959265386685729,2354.520263671875
0.12749999761581421,-0.012749999761581421,0.0067293007159605622,2362.6114501953125
0.12800000607967377,-0.012799999676644802,0.0067627871176227927,2370.6828155517578
0.12849999964237213,-0.012849999591708183,0.0067963465116918087,2378.7413482666016
0.1289999932050705,-0.012900000438094139,0.0068299146369099617,2386.7980041503906
0.12950000166893005,-0.01295000035315752,0.0068635069765150547,2394.8501129150391
0.12999999523162842,-0.013000000268220901,0.0068972264416515827,2402.8797302246094
0.13050000369548798,-0.013050000183284283,0.0069309879327192903,2410.9011688232422
0.13099999725818634,-0.013100000098347664,0.0069648926146328449,2418.8965301513672
0.1315000057220459,-0.013150000013411045,0.0069988382747396827,2426.8837890625
0.13199999928474426,-0.013199999928474426,0.0070328012807294726,2434.8673400878906
0.13249999284744263,-0.013249999843537807,0.0070667829131707549,2442.8470153808594
0.13300000131130219,-0.013299999758601189,0.0071008024970069528,2450.8193969726562
0.13349999487400055,-0.01334999967366457,0.007134858169592917,2458.7847595214844
0.13400000333786011,-0.013399999588727951,0.0071689822943881154,2466.7377319335938
0.13449999690055847,-0.013450000435113907,0.0072032500756904483,2474.6654663085938
0.13500000536441803,-0.013500000350177288,0.0072375744348391891,2482.5824890136719
0.13549999892711639,-0.013550000265240669,0.0072719353483989835,2490.4923400878906
0.13600000739097595,-0.01360000018030405,0.0073064871830865741,2498.3683471679688
0.13650000095367432,-0.013650000095367432,0.0073411316843703389,2506.2273864746094
0.13699999451637268,-0.013700000010430813,0.0073757787467911839,2514.0852355957031
0.13750000298023224,-0.013749999925494194,0.0074104272061958909,2521.9422302246094
0.1379999965429306,-0.013799999840557575,0.0074451301479712129,2529.7893371582031
0.13850000500679016,-0.013849999755620956,0.0074799619615077972,2537.613037109375
0.13899999856948853,-0.013899999670684338,0.0075149537296965718,2545.4071960449219
0.13950000703334808,-0.013949999585747719,0.0075500331586226821,2553.1854248046875
0.14000000059604645,-0.014000000432133675,0.0075851366855204105,2560.9590454101562
0.14049999415874481,-0.014050000347197056,0.0076203054049983621,2568.7212524414062
