# cmod[mm], load[N]
0,-0
2.2710610664944397e-05,9.4843723773956299
4.5421221329888795e-05,18.96874475479126
6.8131830630591139e-05,28.453117966651917
9.0842442659777589e-05,37.93748950958252
0.00011355305468896404,47.421863079071045
0.00013626366126118228,56.906235933303833
0.00015897427874733694,66.390607595443726
0.00018168488531955518,75.874979019165039
0.00020439549189177342,85.359352111816406
0.00022710610937792808,94.84372615814209
0.00024981673050206155,104.32809829711914
0.00027252732252236456,113.81247186660767
0.00029523794364649802,123.29684352874756
0.00031794855749467388,132.78121519088745
0.00034065914951497689,142.26558685302734
0.00036336977063911036,151.74995803833008
0.00038608036265941337,161.23433399200439
0.00040879098378354684,170.71870422363281
0.00043150159763172269,180.2030782699585
0.00045421221875585616,189.68745231628418
0.00047692283987998962,199.1718225479126
0.00049963346100412309,208.65619659423828
0.00052234402392059565,218.14056587219238
0.00054505464504472911,227.62494373321533
0.00056776526616886258,237.10931205749512
0.00059047588729299605,246.59368705749512
0.00061318650841712952,256.0780611038208
0.00063589711498934776,265.5624303817749
0.00065860767790582031,275.0468053817749
0.00068131829902995378,284.53117370605469
0.00070402892015408725,294.01554870605469
0.00072673954127822071,303.49991607666016
0.00074945016240235418,312.98429107666016
0.00077216072531882674,322.46866798400879
0.0007948713464429602,331.95304107666016
0.00081758196756709367,341.43740844726562
0.00084029258869122714,350.92178535461426
0.00086300319526344538,360.40615653991699
0.00088571381638757885,369.89052581787109
0.00090842443751171231,379.37490463256836
0.00093113505863584578,388.85927581787109
0.00095384567975997925,398.3436450958252
0.00097655630088411272,407.8280143737793
0.00099926692200824618,417.31239318847656
0.0010219774267170578,426.79676246643066
0.0010446880478411913,436.28113174438477
0.0010673986689653248,445.76551055908203
0.0010901092900894582,455.24988746643066
0.0011128199112135917,464.7342586517334
0.0011355305323377252,474.21862411499023
0.0011582411534618586,483.7030029296875
0.0011809517745859921,493.18737411499023
0.0012036623957101256,502.67174339294434
0.001226373016834259,512.1561222076416
0.001249083608854562,521.64049339294434
0.0012717942299786955,531.1248607635498
0.001294504851102829,540.60923194885254
0.0013172153558116406,550.0936107635498
0.0013399259769357741,559.57797622680664
0.0013626365980599076,569.06234741210938
0.001385347219184041,578.54672622680664
0.0014080578403081745,588.03109741210938
0.001430768461432308,597.51547241210938
0.0014534790825564414,606.99983215332031
0.0014762184582650661,616.47991561889648
0.0014992493379395455,625.91631317138672
0.0015222806832753122,635.35264205932617
0.0015453118830919266,644.78894805908203
0.0015683428500778973,654.22524642944336
0.0015913737588562071,663.66153717041016
0.0016144043474923819,673.09784317016602
0.001637435081647709,682.53411865234375
0.0016604659904260188,691.97034454345703
0.0016834968409966677,701.40657043457031
0.0017065276915673167,710.84275054931641
0.0017295585130341351,720.2789192199707
0.0017525895382277668,729.71506881713867
0.0017756202723830938,739.15121841430664
0.0017986510647460818,748.58733749389648
0.001821681740693748,758.02345275878906
0.0018447126494720578,767.45954513549805
0.001867743325419724,776.89563751220703
0.0018907741759903729,786.33171844482422
0.0019138047355227172,795.76778793334961
0.0019368355860933661,805.20383453369141
0.0019598660874180496,814.63989639282227
0.0019831095123663545,824.04595947265625
0.0020064663840457797,833.43605422973633
0.002029827272053808,842.8256950378418
0.0020531901391223073,852.21519088745117
0.0020765590597875416,861.60392761230469
0.0020999301923438907,870.99241256713867
0.0021233073202893138,880.38018798828125
0.0021466860198415816,889.76781845092773
0.002170067629776895,899.15515899658203
0.0021934552933089435,908.541748046875
0.002216893422883004,917.92045593261719
0.0022403344046324492,927.29868698120117
0.0022637759102508426,936.67692184448242
0.0022872216068208218,946.05465698242188
0.0023107054294086993,955.42678833007812
0.0023344212677329779,964.76422500610352
0.0023581437417306006,974.10078430175781
0.0023818673798814416,983.43715286254883
0.0024056315887719393,992.76752853393555
0.0024294653558172286,1002.0873756408691
0.0024532999377697706,1011.4070739746094
0.0024771355092525482,1020.7266693115234
0.0025009748642332852,1030.0457153320312
0.0025248166057281196,1039.3643913269043
0.002548659685999155,1048.6829376220703
0.0025725053274072707,1058.001091003418
0.0025963527150452137,1067.319019317627
0.002620202605612576,1076.6365814208984
0.0026443024980835617,1085.9170455932617
0.002668497443664819,1095.1832542419434
0.0026926977443508804,1104.4487075805664
0.0027169006643816829,1113.7137908935547
0.0027411077753640711,1122.9782562255859
0.002765319833997637,1132.2420272827148
0.0027895368984900415,1141.5050659179688
0.002813789586070925,1150.7628479003906
0.0028381224256008863,1160.0085678100586
0.0028625646373257041,1169.237678527832
0.0028870365931652486,1178.4615859985352
0.0029115161160007119,1187.6837463378906
0.0029360061162151396,1196.9043045043945
0.0029606092721223831,1206.1075973510742
0.0029852599836885929,1215.3036041259766
0.0030099159921519458,1224.4987258911133
0.0030345928971655667,1233.6906509399414
0.0030593430274166167,1242.8717269897461
0.0030841032275930047,1252.0515441894531
0.0031088654068298638,1261.2309951782227
0.0031336775282397866,1270.4025268554688
0.0031584991374984384,1279.5724792480469
0.0031833762186579406,1288.7335662841797
0.0032083322876133025,1297.8824234008789
0.0032333498820662498,1307.0218811035156
0.0032584386644884944,1316.1504287719727
0.0032835776219144464,1325.2712554931641
0.003308724204543978,1334.3908309936523
0.0033339508227072656,1343.4979858398438
0.0033592795953154564,1352.5894622802734
0.0033846161095425487,1361.679931640625
0.0034099573385901749,1370.7696304321289
0.0034353006631135941,1379.8589630126953
0.0034606482950039208,1388.947624206543
0.0034860374871641397,1398.0299224853516
0.003511579823680222,1407.0881958007812
0.0035371888079680502,1416.1359710693359
0.0035628100158646703,1425.181640625
0.0035884318640455604,1434.2270355224609
0.0036141370073892176,1443.2592849731445
0.0036399408127181232,1452.2762756347656
0.003665812429971993,1461.2830276489258
0.0036916920216754079,1470.2886352539062
0.0037175740581005812,1479.2936248779297
0.0037435044068843126,1488.2911911010742
0.0037694971542805433,1497.2789154052734
0.0037955078296363354,1506.2637023925781
0.0038215940585359931,1515.2366485595703
0.0038477759808301926,1524.1946182250977
0.0038740773452445865,1533.1339950561523
0.0039004050195217133,1542.0692443847656
0.0039267368847504258,1551.0036926269531
0.003953097271732986,1559.9335479736328
0.0039795396151021123,1568.8506317138672
0.0040060508763417602,1577.7572326660156
0.0040326426969841123,1586.651252746582
0.0040592725854367018,1595.539306640625
0.0040859482251107693,1604.4202728271484
0.0041126925498247147,1613.2906951904297
0.0041395737789571285,1622.1398620605469
0.0041665692115202546,1630.9711303710938
0.0041936245979741216,1639.7928771972656
0.0042206989601254463,1648.6120758056641
0.004247802309691906,1657.4272308349609
0.0042749667773023248,1666.2330169677734
0.0043022596510127187,1675.0186309814453
0.0043295938521623611,1683.7974319458008
0.0043569586705416441,1692.571174621582
0.0043843864696100354,1701.3346176147461
0.0044118813239037991,1710.0877304077148
0.0044394045835360885,1718.8363265991211
0.0044669676572084427,1727.5786895751953
0.0044945975532755256,1736.3103942871094
0.0045222856570035219,1745.0325317382812
0.0045500039122998714,1753.7497406005859
0.0045778104104101658,1762.4528579711914
0.0046057163272053003,1771.1402282714844
0.0046337649691849947,1779.8050079345703
0.0046618352644145489,1788.4661865234375
0.0046899048611521721,1797.1271743774414
0.0047179749235510826,1805.7877960205078
0.0047460540663450956,1814.4467391967773
0.0047742226161062717,1823.0911712646484
0.0048024895368143916,1831.7198333740234
0.0048308685654774308,1840.3306503295898
0.0048592836828902364,1848.9355697631836
0.0048877205699682236,1857.5368499755859
0.0049163007643073797,1866.1155624389648
0.004944979096762836,1874.6783142089844
0.0049736682558432221,1883.2388916015625
0.0050023781368508935,1891.7958526611328
0.005031143082305789,1900.3436508178711
0.0050599264213815331,1908.8882217407227
0.0050887555116787553,1917.4254379272461
0.0051176733104512095,1925.9483337402344
0.0051466492004692554,1934.4615859985352
0.0051757094915956259,1942.9610824584961
0.005204858141951263,1951.4461898803711
0.0052341273985803127,1959.9120330810547
0.0052635013125836849,1968.3615341186523
0.00529290153644979,1976.8066482543945
0.0053223060676828027,1985.2507705688477
0.0053517537890002131,1993.6879730224609
0.005381236900575459,2002.1194839477539
0.0054107720497995615,2010.5431747436523
0.0054404227994382381,2018.948112487793
0.0054701981134712696,2027.3327560424805
0.0055000738939270377,2035.7010498046875
0.0055300474632531404,2044.0534744262695
0.0055600764462724328,2052.3965530395508
0.0055901361629366875,2060.7341613769531
0.0056202071718871593,2069.0696182250977
0.0056502958759665489,2077.401611328125
0.0056804200867190957,2085.7276840209961
0.0057106056483462453,2094.0436172485352
0.0057409296277910471,2102.3373565673828
0.0057713415008038282,2110.6167526245117
0.0058018658310174942,2118.8774337768555
0.0058324610581621528,2127.1261749267578
0.0058631018036976457,2135.366943359375
0.0058937497669830918,2143.6060791015625
0.0059244304429739714,2151.8395767211914
0.0059552021557465196,2160.0581741333008
0.005986032891087234,2168.2670593261719
0.0060169476782903075,2176.4619522094727
0.0060479682870209217,2184.6391448974609
0.0060790366260334849,2192.8079071044922
0.0061101585160940886,2200.9675827026367
0.0061413396615535021,2209.116943359375
0.0061725892592221498,2217.2549133300781
0.0062038785545155406,2225.3860168457031
0.0062351933447644114,2233.5127258300781
0.0062665404984727502,2241.6336822509766
0.0062980290967971087,2249.7310333251953
0.0063295953441411257,2257.8150787353516
0.0063612223602831364,2265.8883972167969
0.0063929462339729071,2273.9453125
0.0064247369300574064,2281.9910125732422
0.0064565774518996477,2290.0287780761719
0.0064884586026892066,2298.0601501464844
0.0065203839913010597,2306.0841979980469
0.0065524267265573144,2314.0882110595703
0.0065846096258610487,2322.0689544677734
0.0066167982295155525,2330.04833984375
0.0066490303725004196,2338.0200042724609
0.0066813386511057615,2345.9788208007812
0.0067137276055291295,2353.9242553710938
0.0067462221486493945,2361.8522644042969
0.006778741255402565,2369.7759246826172
0.0068113026209175587,2377.6921539306641
0.0068439631722867489,2385.5911712646484
0.0068767333868891001,2393.4716644287109
0.0069095459766685963,2401.3450317382812
0.0069424707908183336,2409.1996917724609
0.0069754783762618899,2417.0402679443359
0.0070085718762129545,2424.865966796875
0.0070416803937405348,2432.6886291503906
0.007074832683429122,2440.5033264160156
0.0071080513298511505,2448.3065338134766
0.0071413711411878467,2456.0923919677734
0.0071747241308912635,2463.8719635009766
0.0072081381222233176,2471.6411285400391
0.0072416166076436639,2479.3987579345703
0.0072751910192891955,2487.1399383544922
0.0073088298086076975,2494.8700561523438
0.0073425521841272712,2502.5856475830078
0.0073763452237471938,2510.2886962890625
0.0074101525824517012,2517.9888000488281
0.007443993235938251,2525.6828918457031
0.0074779186397790909,2533.3623046875
0.0075119350804015994,2541.0257720947266
0.0075460344087332487,2548.6747741699219
0.0075801999773830175,2556.3123016357422
0.0076144386548548937,2563.9373931884766
0.0076487853657454252,2571.5442352294922
0.0076832224149256945,2579.1354064941406
0.0077177215134724975,2586.7157440185547
0.0077522818464785814,2594.2854309082031
0.0077868978260084987,2601.8455657958984
0.0078215786488726735,2609.3942413330078
0.0078563467832282186,2616.9278717041016
0.0078912036260589957,2624.4460601806641
0.007926116231828928,2631.9541015625
0.0079610774992033839,2639.4528503417969
0.0079961157171055675,2646.9383087158203
0.0080312227364629507,2654.4117431640625
0.008066441398113966,2661.8658599853516
0.0081017048796638846,2669.3117065429688
0.0081370347179472446,2676.7459259033203
0.0081724153133109212,2684.1708984375
0.0082078541163355112,2691.5853881835938
0.0082433978095650673,2698.9817962646484
0.0082790462765842676,2706.3597106933594
0.0083147370023652911,2713.7298431396484
0.0083504944341257215,2721.087890625
0.0083863278850913048,2728.4323272705078
0.0084222130244597793,2735.7675933837891
0.0084581290138885379,2743.0968627929688
0.0084941365057602525,2750.4097442626953
0.0085301989456638694,2757.7123260498047
0.0085663477657362819,2764.999267578125
0.0086025744676589966,2772.2723999023438
0.0086388859199360013,2779.5302734375
0.0086752565111964941,2786.7774505615234
0.0087116434006020427,2794.0209808349609
0.0087480928050354123,2801.2530670166016
0.008784602745436132,2808.4738006591797
0.0088212412083521485,2815.6721801757812
0.0088579898001626134,2822.8517303466797
0.0088947867043316364,2830.0226440429688
0.008931645774282515,2837.1831817626953
0.0089685904094949365,2844.3284606933594
0.0090055997716262937,2851.4618682861328
0.0090427047107368708,2858.5782623291016
0.0090798428282141685,2865.6884765625
0.0091170332161709666,2872.7890625
0.0091543024173006415,2879.8756713867188
0.0091917479876428843,2886.9315338134766
0.0092292116023600101,2893.9837036132812
0.009266735753044486,2901.0251312255859
0.0093043211381882429,2908.0553894042969
0.0093419824261218309,2915.0723876953125
0.009379727765917778,2922.0742034912109
0.0094175519188866019,2929.0616760253906
0.0094554248498752713,2936.0398254394531
0.009493356803432107,2943.0069427490234
0.0095313700148835778,2949.9590911865234
0.0095694835763424635,2956.8933258056641
0.0096076717600226402,2963.8140258789062
0.0096459147753193974,2970.72412109375
0.0096841871272772551,2977.6285095214844
0.0097224963828921318,2984.5257873535156
0.0097609185613691807,2991.4027557373047
0.0097994174575433135,2998.2657623291016
0.0098379711853340268,3005.1183624267578
0.0098766115261241794,3011.9549865722656
0.0099153377814218402,3018.7759399414062
0.0099541289964690804,3025.5845184326172
0.0099929634016007185,3032.3849945068359
0.010031858808360994,3039.1741485595703
0.010070794844068587,3045.9557495117188
0.010109807946719229,3052.723388671875
0.010148921748623252,3059.4730072021484
0.010188139160163701,3066.2039794921875
0.010227422579191625,3072.9232635498047
0.010266796918585896,3079.6258544921875
0.010306264855898917,3086.3117065429688
0.010345760849304497,3092.9920349121094
0.01038528117351234,3099.6673431396484
0.010424878331832588,3106.3284301757812
0.010464585036970675,3112.969482421875
0.01050438336096704,3119.5941772460938
0.010544250253587961,3126.2061462402344
0.010584160569123924,3132.8099822998047
0.010624181595630944,3139.3936462402344
0.01066427247133106,3145.9644622802734
0.010704405605792999,3152.5268249511719
0.01074458728544414,3159.0801849365234
0.010784847079776227,3165.6189117431641
0.010825199424289167,3172.1410980224609
0.01086561637930572,3178.651123046875
0.010906090727075934,3185.1504516601562
0.01094665820710361,3191.6325836181641
0.010987292625941336,3198.1020660400391
0.011028002016246319,3204.5578308105469
0.011068795924074948,3210.9979705810547
0.011109657119959593,3217.4254913330078
0.011150537757202983,3223.8487548828125
0.011191467754542828,3230.2624664306641
0.011232456075958908,3236.6650695800781
0.01127356372307986,3243.0457153320312
0.011314744595438242,3249.4126129150391
0.011355994385667145,3255.7661590576172
0.011397325783036649,3262.1046142578125
0.011438727844506502,3268.4294128417969
0.011480172746814787,3274.7458648681641
0.011521675158292055,3281.0520782470703
0.011563216568902135,3287.3510131835938
0.011604873463511467,3293.6291198730469
0.011646623373962939,3299.8902740478516
0.011688458384014666,3306.135498046875
0.01173036964610219,3312.36669921875
0.011772357160225511,3318.5838928222656
0.011814441066235304,3324.7834014892578
0.01185657677706331,3330.9730834960938
0.01189875416457653,3337.1546325683594
0.011940958793275058,3343.3305511474609
0.011983286356553435,3349.4836883544922
0.012025740346871316,3355.6137847900391
0.012068232987076044,3361.7364196777344
0.012110790237784386,3367.8472137451172
0.012153431540355086,3373.9421539306641
0.012196145253255963,3380.0232391357422
0.012238913681358099,3386.0935974121094
0.012281771982088685,3392.1469879150391
0.01232471689581871,3398.1838684082031
0.012367758434265852,3404.2026519775391
0.012410941300913692,3410.1959838867188
0.012454331386834383,3416.1522064208984
0.012497736839577556,3422.1039886474609
0.012541153468191624,3428.0530853271484
0.012584625044837594,3433.9912719726562
0.012628214433789253,3439.9079284667969
0.012671871343627572,3445.8113708496094
0.012715637683868408,3451.6944274902344
0.012759476201608777,3457.5634918212891
0.012803415535017848,3463.4139251708984
0.012847421457991004,3469.251708984375
0.012891527963802218,3475.071044921875
0.012935753678902984,3480.8685913085938
0.012980061117559671,3486.6504211425781
0.01302445656619966,3492.4156646728516
0.013068968895822763,3498.1589813232422
0.013113552937284112,3503.888671875
0.013158210320398211,3509.6046447753906
0.013202950591221452,3515.3049621582031
0.013247792609035969,3520.9864044189453
0.013292743125930429,3526.6473999023438
0.013337787007912993,3532.2910003662109
0.013382903067395091,3537.9208526611328
0.013428107602521777,3543.5335083007812
0.013473421102389693,3549.125732421875
0.013518815627321601,3554.7026977539062
0.013564246241003275,3560.2726593017578
0.013609807239845395,3565.8186645507812
0.01365549978800118,3571.3402709960938
0.013701282208785415,3576.8445892333984
0.013747134478762746,3582.33544921875
0.013793064979836345,3587.8113403320312
0.013839124934747815,3593.2626953125
0.013885251944884658,3598.7012939453125
0.013931454159319401,3604.1256408691406
0.013977769995108247,3609.5285339355469
0.014024182222783566,3614.9129180908203
0.014070696663111448,3620.2781829833984
0.0141172562725842,3625.6340942382812
0.014163874555379152,3630.9783935546875
0.014210600405931473,3636.3029632568359
0.01425741845741868,3641.6102294921875
0.014304356882348657,3646.8951873779297
0.014351399149745703,3652.1607513427734
0.0143985147587955,3657.4122009277344
0.014445722568780184,3662.6460571289062
0.014493021182715893,3667.8625640869141
0.014540412928909063,3673.0618438720703
0.014587903162464499,3678.2425384521484
0.014635486295446754,3683.4050903320312
0.014683173736557364,3688.5483703613281
0.014730941504240036,3693.6759643554688
0.014778845012187958,3698.77783203125
0.014826794620603323,3703.8709259033203
0.014874809887260199,3708.9509887695312
0.014922923874109983,3714.0123748779297
0.014971190132200718,3719.0450897216797
0.015019522048532963,3724.0654296875
0.015067920088768005,3729.0724639892578
0.015116421272978187,3734.0596771240234
0.015165067510679364,3739.0194549560547
0.015213837148621678,3743.9552764892578
0.015262684086337686,3748.8762359619141
0.015311619732528925,3753.7800598144531
0.015360623132437468,3758.6705780029297
0.015409730840474367,3763.5412445068359
0.015458964044228196,3768.3883209228516
0.015508320415392518,3773.2118988037109
0.015557801583781838,3778.0112762451172
0.015607348876073956,3782.7979278564453
0.015657022362574935,3787.5601501464844
0.015706788748502731,3792.3043365478516
0.015756644075736403,3797.0314025878906
0.0158066067378968,3801.7376251220703
0.015856747515499592,3806.4105682373047
0.015906991204246879,3811.0638427734375
0.015957352705299854,3815.6948089599609
0.0160078015178442,3820.3095855712891
0.01605838374234736,3824.8994903564453
0.016109057469293475,3829.4716339111328
0.016159855062142015,3834.0204620361328
0.016210746252909303,3838.5513458251953
0.016261742217466235,3843.0619049072266
0.016312912106513977,3847.5401000976562
0.016364200506359339,3851.99560546875
0.016415566438809037,3856.436279296875
0.016467038309201598,3860.8566436767578
0.01651863195002079,3865.25390625
0.016570351552218199,3869.627685546875
0.016622162889689207,3873.9833068847656
0.016674069920554757,3878.3207855224609
0.016726116882637143,3882.6313018798828
0.016778295626863837,3886.9167175292969
0.016830585896968842,3891.1810302734375
0.016882982105016708,3895.4251556396484
0.016935445135459304,3899.6562805175781
0.016988006187602878,3903.868896484375
0.017040717415511608,3908.0529174804688
0.017093505943194032,3912.22216796875
0.01714642345905304,3916.3663024902344
0.017199454363435507,3920.4888610839844
0.017252576304599643,3924.5937347412109
0.017305814195424318,3928.6765289306641
0.01735917036421597,3932.7373199462891
0.017412578221410513,3936.7874298095703
0.017466065939515829,3940.82275390625
0.017519735964015126,3944.8234100341797
0.017573502380400896,3948.8047027587891
0.017627354012802243,3952.7697906494141
0.017681284574791789,3956.71923828125
0.017735310131683946,3960.6508331298828
0.017789457691833377,3964.5599365234375
0.017843701411038637,3968.4508209228516
0.017898085061460733,3972.3152160644531
0.017952546942979097,3976.1647033691406
0.01800712407566607,3979.9919738769531
0.018061772687360644,3983.8053436279297
0.018116484861820936,3987.6068115234375
0.018171336036175489,3991.3818054199219
0.018226270098239183,3995.1405944824219
0.018281314987689257,3998.878662109375
0.018336474895477295,4002.5944976806641
0.018391711404547095,4006.2958221435547
0.018447077134624124,4009.9727630615234
0.018502505030483007,4013.6377410888672
0.018558055860921741,4017.2793884277344
0.018613673280924559,4020.9074401855469
0.018669366370886564,4024.5210723876953
0.018725139088928699,4028.1192321777344
0.018781033577397466,4031.6943359375
0.018837062641978264,4035.2444152832031
0.018893200671300292,4038.7735290527344
0.018949412275105715,4042.2886047363281
0.01900571514852345,4045.7860412597656
0.019062133505940437,4049.2610321044922
0.019118608674034476,4052.7250213623047
0.019175186986103654,4056.1695404052734
0.019231856567785144,4059.5966644287109
0.019288624869659543,4063.0052032470703
0.019345548003911972,4066.3845520019531
0.019402592442929745,4069.7406005859375
0.019459737464785576,4073.0775604248047
0.019516940927132964,4076.4029693603516
0.019574235426262021,4079.7107543945312
0.019631631905212998,4082.9986877441406
0.019689132925122976,4086.2668151855469
0.019746666075661778,4089.5279235839844
0.01980423042550683,4092.7828979492188
0.019861882319673896,4096.0214080810547
0.019919693004339933,4099.2297210693359
0.019977619173005223,4102.4161071777344
0.020035610534250736,4105.5895690917969
0.020093747414648533,4108.7357177734375
0.020151992794126272,4111.8610992431641
0.020210322691127658,4114.9703979492188
0.020268729655072093,4118.06494140625
0.020327196456491947,4121.1471862792969
0.020385786890983582,4124.2065582275391
0.020444494904950261,4127.2435302734375
0.020503363804891706,4130.2502746582031
0.020562366116791964,4133.2314300537109
0.020621426170691848,4136.2016143798828
0.020680633839219809,4139.1435089111328
0.020739941857755184,4142.066162109375
0.020799360005185008,4144.967529296875
0.020858817966654897,4147.8609313964844
0.02091832016594708,4150.7455139160156
0.020977942040190101,4153.6072998046875
0.021037706639617682,4156.4421539306641
0.02109760046005249,4159.2528076171875
0.021157591138035059,4162.0446166992188
0.021217779722064734,4164.7989044189453
0.02127805701456964,4167.5357971191406
0.02133843069896102,4170.2545623779297
0.021398860961198807,4172.9619293212891
0.02145937061868608,4175.6534118652344
0.021519940113648772,4178.3333587646484
0.021580609260126948,4180.9946746826172
0.021641435800120234,4183.6259460449219
0.021702358731999993,4186.2386627197266
0.021763455588370562,4188.8182525634766
0.021824698429554701,4191.3703765869141
0.021886055124923587,4193.9007720947266
0.021947488887235522,4196.4154663085938
0.022008989006280899,4198.9170989990234
0.022070553153753281,4201.4062652587891
0.022132209269329906,4203.8778228759766
0.022194039775058627,4206.3167877197266
0.022256000200286508,4208.7308654785156
0.02231803722679615,4211.1296997070312
0.022380223497748375,4213.5006408691406
0.022442576941102743,4215.839599609375
0.022505022119730711,4218.1604309082031
0.022567551815882325,4220.4648132324219
0.022630175109952688,4222.7509613037109
0.022692850092425942,4225.0271911621094
0.02275564637966454,4227.2808227539062
0.022818557918071747,4229.5122833251953
0.022881643380969763,4231.7111053466797
0.02294493094086647,4233.8717041015625
0.023008328396826982,4236.0110473632812
0.023071878124028444,4238.1213073730469
0.023135517025366426,4240.2146148681641
0.023199242539703846,4242.2912292480469
0.023263035109266639,4244.3544769287109
0.023326915921643376,4246.4014434814453
0.023390969028696418,4248.4159240722656
0.02345513179898262,4250.4089050292969
0.023519451264292002,4252.371826171875
0.023583919508382678,4254.3067474365234
0.023648496018722653,4256.2216186523438
0.023713198024779558,4258.1123352050781
0.023777994327247143,4259.9848022460938
0.02384295966476202,4261.8252563476562
0.023908051429316401,4263.6415863037109
0.023973187897354364,4265.4491119384766
0.024038451723754406,4267.2326354980469
0.024103817995637655,4268.9964599609375
0.024169324198737741,4270.7340698242188
0.024235008517280221,4272.43798828125
0.024300819495692849,4274.1183776855469
0.024366728961467743,4275.7798156738281
0.024432769045233727,4277.4160614013672
0.02449890854768455,4279.0334625244141
0.024565149331465364,4280.6320343017578
0.024631499079987407,4282.2096252441406
0.024697966640815139,4283.7645416259766
0.024764548987150192,4285.2973937988281
0.024831267073750496,4286.8042297363281
0.024898063391447067,4288.2965087890625
0.024965006858110428,4289.7610778808594
0.025032015051692724,4291.2129821777344
0.025099099613726139,4292.6498413085938
0.025166352046653628,4294.0551910400391
0.025233688531443477,4295.4449462890625
0.025301194284111261,4296.8026580810547
0.025368823437020183,4298.1364898681641
0.025436562253162265,4299.4493560791016
0.025504389777779579,4300.7449188232422
0.025572320446372032,4302.0210418701172
0.025640318635851145,4303.2842407226562
0.025708424393087626,4304.5268096923828
0.025776631664484739,4305.7505798339844
0.025845003081485629,4306.9433441162109
0.025913461111485958,4308.1197204589844
0.025982029037550092,4309.2750091552734
0.026050724321976304,4310.4060974121094
0.026119518326595426,4311.517822265625
0.026188425486907363,4312.6080017089844
0.0262574078515172,4313.6847229003906
0.026326519437134266,4314.7367706298828
0.026395780965685844,4315.7605743408203
0.026465155184268951,4316.7627563476562
0.026534604839980602,4317.7507019042969
0.026604134123772383,4318.7238006591797
0.026673810789361596,4319.6688385009766
0.026743581518530846,4320.5963439941406
0.026813459349796176,4321.5029754638672
0.026883486192673445,4322.3811798095703
0.026953596621751785,4323.2433929443359
0.027023836504667997,4324.0812072753906
0.02709419815801084,4324.8962554931641
0.027164669707417488,4325.6907806396484
0.027235204819589853,4326.4731597900391
0.027305877767503262,4327.2299346923828
0.027376636862754822,4327.9699249267578
0.027447504922747612,4328.6884918212891
0.027518526185303926,4329.3782043457031
0.027589627541601658,4330.0524291992188
0.02766086277551949,4330.7012023925781
0.02773219021037221,4331.3324432373047
0.027803653618320823,4331.9382019042969
0.02787521667778492,4332.5255737304688
0.027946894755586982,4333.0908203125
0.028018766548484564,4333.6193695068359
0.028090720763429999,4334.1312103271484
0.028162782313302159,4334.6226348876953
0.028235026868060231,4335.0790405273438
0.028307354543358088,4335.5188446044922
0.028379849623888731,4335.9260406494141
0.028452500700950623,4336.3038940429688
0.028525362955406308,4336.6423645019531
0.028598351171240211,4336.9565734863281
0.028671445325016975,4337.2510681152344
0.028744723415002227,4337.5101623535156
0.028818110236898065,4337.747802734375
0.028891673777252436,4337.9513397216797
0.028965413337573409,4338.1210479736328
0.02903928398154676,4338.2661895751953
0.029113317839801311,4338.3793182373047
0.029187538661062717,4338.4559783935547
0.029261917574331164,4338.5030517578125
0.029336565872654319,4338.5001831054688
0.029411422787234187,4338.4574737548828
0.029486442217603326,4338.3834228515625
0.029561691218987107,4338.2644958496094
0.029637082945555449,4338.116943359375
0.029712674906477332,4337.9306335449219
0.029788350220769644,4337.7281341552734
0.029864186886698008,4337.4953460693359
0.02994034462608397,4337.2023620605469
0.030016825534403324,4336.8477478027344
0.030093655688688159,4336.4266510009766
0.03017072263173759,4335.9600830078125
0.030247894814237952,4335.4732818603516
0.030325188999995589,4334.9620666503906
0.030402786564081907,4334.3938751220703
0.030480672605335712,4333.7698211669922
0.030558601254597306,4333.136962890625
0.03063675295561552,4332.4620666503906
0.03071523760445416,4331.7242431640625
0.030793968122452497,4330.9400787353516
0.030872959876433015,4330.1072082519531
0.030952238710597157,4329.2208862304688
0.031031676800921559,4328.3034820556641
0.031111215241253376,4327.3658905029297
0.031190944137051702,4326.3922882080078
0.031270872568711638,4325.3806304931641
0.031350946752354503,4324.3406829833984
0.031431273324415088,4323.2539672851562
0.031511824578046799,4322.1251525878906
0.031592562794685364,4320.9613494873047
0.031673487043008208,4319.7641906738281
0.031754606636241078,4318.5304718017578
0.031835892936214805,4317.2645721435547
0.031917369458824396,4315.9627532958984
0.031998982885852456,4314.6343841552734
0.032080728560686111,4313.2812347412109
0.032162553397938609,4311.9136505126953
0.032244604313746095,4310.5045471191406
0.032326851738616824,4309.0572357177734
0.032409322215244174,4307.5695343017578
0.032491965685039759,4306.0494384765625
0.032574790297076106,4304.4968719482422
0.032657718751579523,4302.9240417480469
0.032740766648203135,4301.3289031982422
0.03282399638555944,4299.6986541748047
0.032907373970374465,4298.0415344238281
0.032990875653922558,4296.3607635498047
0.0330745920073241,4294.6396484375
0.033158498117700219,4292.8825073242188
0.033242531353607774,4291.1030120849609
0.033326683565974236,4289.3018188476562
0.033411123091354966,4287.4487457275391
0.033495641546323895,4285.5802459716797
0.033580217510461807,4283.7015991210938
0.033664940856397152,4281.7942657470703
0.033749791560694575,4279.8629150390625
0.033834765665233135,4277.9088287353516
0.033919907524250448,4275.9244537353516
0.034005193505436182,4273.9130096435547
0.034090626635588706,4271.8755340576172
0.034176186774857342,4269.8149108886719
0.034261971828527749,4267.7138977050781
0.034347843728028238,4265.5960388183594
0.034433812950737774,4263.4609222412109
0.034519855631515384,4261.3115386962891
0.034605967462994158,4259.1494445800781
0.034692152054049075,4256.9749755859375
0.034778451081365347,4254.7792053222656
0.034864929970353842,4252.5507202148438
0.034951532492414117,4250.2996368408203
0.035038367845118046,4248.0063323974609
0.035125263966619968,4245.7027435302734
0.035212318296544254,4243.3712005615234
0.035299417679198086,4241.0316314697266
0.035386598319746554,4238.6762390136719
0.035473885014653206,4236.30126953125
0.035561401396989822,4233.8838195800781
0.035648975288495421,4231.4566345214844
0.035736617865040898,4229.0173034667969
0.035824280465021729,4226.5750427246094
0.035912165883928537,4224.0934295654297
0.036000195075757802,4221.5852813720703
0.03608838701620698,4219.0481872558594
0.036176701658405364,4216.4882049560547
0.036265072645619512,4213.9183654785156
0.036353508126921952,4211.3375396728516
0.036442040815018117,4208.7395477294922
0.036530634737573564,4206.1309356689453
0.036619354621507227,4203.4994354248047
0.036708131316117942,4200.8577575683594
0.036796976579353213,4198.2035980224609
0.036885939189232886,4195.5295104980469
0.036975093185901642,4192.8216552734375
0.037064385018311441,4190.0895843505859
0.037153725745156407,4187.3486785888672
0.037243175320327282,4184.5880126953125
0.03733271814417094,4181.810791015625
0.037422280642203987,4179.0308380126953
0.037511850823648274,4176.2505035400391
0.037601473275572062,4173.4609832763672
0.037691167904995382,4170.6595764160156
0.037781008519232273,4167.8318634033203
0.037870946805924177,4164.9866638183594
0.037961013964377344,4162.1203155517578
0.038051271927542984,4159.2201538085938
0.038141534547321498,4156.3191375732422
0.03823186329100281,4153.4063873291016
0.038322306121699512,4150.4727935791016
0.038412818103097379,4147.5273742675781
0.038503353833220899,4144.5783386230469
0.038593916688114405,4141.6244506835938
0.038684506434947252,4138.6672058105469
0.038775236811488867,4135.6859588623047
0.038866089074872434,4132.6834564208984
0.038957094773650169,4129.65478515625
0.03904823015909642,4126.6023254394531
0.039139421423897147,4123.5402221679688
0.03923059836961329,4120.4813842773438
0.039321765070781112,4117.4266052246094
0.039412951562553644,4114.3686828613281
0.039504198241047561,4111.3005828857422
0.039595508947968483,4108.2214508056641
0.039686851669102907,4105.1373291015625
0.039778307196684182,4102.033935546875
0.03986990381963551,4098.9063415527344
0.039961694157682359,4095.7460327148438
0.040053577511571348,4092.5678405761719
0.040145459701307118,4089.3912658691406
0.040237304288893938,4086.2211608886719
0.040329201845452189,4083.0442047119141
0.040421192301437259,4079.8510131835938
0.040513218496926129,4076.6526641845703
0.04060529638081789,4073.445556640625
0.040697386022657156,4070.2366790771484
0.0407894984818995,4067.0249328613281
0.040881759137846529,4063.7874755859375
0.040974125266075134,4060.5317535400391
0.041066705365665257,4057.2376556396484
0.041159451240673661,4053.9137878417969
0.041252322378568351,4050.5671234130859
0.041345228790305555,4047.2149353027344
0.041438214480876923,4043.8510437011719
0.041531264432705939,4040.4762420654297
0.041624318575486541,4037.1013641357422
0.041717467829585075,4033.708251953125
0.041810669470578432,4030.3062438964844
0.041903951205313206,4026.8903045654297
0.041997413500212133,4023.4441833496094
0.042091021430678666,4019.9721832275391
0.042184733436442912,4016.4831390380859
0.042278440552763641,4012.9957580566406
0.042372219497337937,4009.4969787597656
0.042466147802770138,4005.9727325439453
0.042560132453218102,4002.4391632080078
0.042654113029129803,3998.9070434570312
0.042748067528009415,3995.3799438476562
0.042842128896154463,3991.8333435058594
0.042936312616802752,3988.2636413574219
0.043030657107010484,3984.6666870117188
0.043125109281390905,3981.0529479980469
0.043219650047831237,3977.4239196777344
0.043314355425536633,3973.7671508789062
0.04340912087354809,3970.1003875732422
0.043503998080268502,3966.4140319824219
0.043599007767625153,3962.7047882080078
0.043694057618267834,3958.9886322021484
0.043789255199953914,3955.2454528808594
0.043884521233849227,3951.4888763427734
0.043979943613521755,3947.7039642333984
0.044075458194129169,3943.90283203125
0.044171149260364473,3940.0716094970703
0.044266957207582891,3936.2205352783203
0.044362921384163201,3932.3435516357422
0.044459200114943087,3928.4099884033203
0.044555535074323416,3924.4660491943359
0.044651985517702997,3920.5019378662109
0.044748543994501233,3916.5190734863281
0.044845263124443591,3912.5081329345703
0.044942248496226966,3908.4479675292969
0.045039406744763255,3904.3569793701172
0.045136632164940238,3900.2547760009766
0.045233965618535876,3896.1322479248047
0.045331527828238904,3891.9703979492188
0.045429247198626399,3887.78076171875
0.04552714282181114,3883.5615692138672
0.045625235536135733,3879.3066558837891
0.045723476563580334,3875.0261993408203
0.045821995357982814,3870.6954498291016
0.045920735341496766,3866.3247833251953
0.046019519562833011,3861.9457702636719
0.046118422062136233,3857.5472259521484
0.046217674622312188,3853.0856170654297
0.046317141270264983,3848.5858459472656
0.046416939469054341,3844.0245513916016
0.046517071663402021,3839.4036865234375
0.046617319574579597,3834.7639770507812
0.046717678080312908,3830.1077117919922
0.046818233793601394,3825.4154052734375
0.046918844687752426,3820.7150115966797
0.04701961122918874,3815.9881134033203
0.047120538423769176,3811.2330474853516
0.047221545595675707,3806.4648895263672
0.047322849277406931,3801.6436309814453
0.047424301039427519,3796.7975158691406
0.047526005888357759,3791.9059295654297
0.047627782565541565,3787.0023651123047
0.047729654586873949,3782.0845947265625
0.047831669682636857,3777.1455230712891
0.047933812253177166,3772.1855010986328
0.048036042135208845,3767.2109527587891
0.048138302867300808,3762.2330474853516
0.048240690608508885,3757.2352905273438
0.04834312607999891,3752.2298736572266
0.048445676569826901,3747.2057037353516
0.048548270133323967,3742.1744689941406
0.04865085007622838,3737.1471710205078
0.048753479844890535,3732.1152801513672
0.048856257577426732,3727.0596923828125
0.048959106905385852,3721.9942779541016
0.049061999074183404,3716.9242706298828
0.049164925469085574,3711.8512268066406
0.049267886090092361,3706.7743377685547
0.049370833323337138,3701.7022552490234
0.049473802675493062,3696.6295776367188
0.049576745950616896,3691.5644226074219
0.049679605872370303,3686.5163726806641
0.049782379996031523,3681.4847259521484
0.049885095213539898,3676.4666900634766
0.049987901234999299,3671.4357147216797
0.050090738455764949,3666.4026489257812
0.050193586619570851,3661.37109375
0.0502964569022879,3656.3403930664062
0.050399290048517287,3651.3176574707031
0.050502080586738884,3646.3059387207031
0.050604881136678159,3641.2958679199219
0.050707656890153885,3636.2925720214844
0.050810402259230614,3631.2981567382812
0.050913122482597828,3626.3105316162109
0.051015809876844287,3621.3313598632812
0.051118433708325028,3616.3652496337891
0.051221020636148751,3611.4075927734375
0.051323542487807572,3606.4638824462891
0.051426033955067396,3601.5314483642578
0.051528548472560942,3596.5984191894531
0.051631085341796279,3591.6658477783203
0.05173362884670496,3586.7350311279297
0.051836146973073483,3581.8116455078125
0.051938627264462411,3576.8981781005859
0.052041042712517083,3571.998291015625
0.052143343957141042,3567.1209259033203
0.052245564758777618,3562.2595672607422
0.05234762909822166,3557.4294128417969
0.052449684590101242,3552.6025695800781
0.052551767439581454,3547.7739715576172
0.052653901395387948,3542.9407043457031
0.052756026620045304,3538.1122741699219
0.052858094451949,3533.2972564697266
0.052960120141506195,3528.4931640625
0.053062180057168007,3523.6881713867188
0.053164239739999175,3518.8846740722656
0.053266254137270153,3514.0910186767578
0.053368199267424643,3509.3116302490234
0.053470126236788929,3504.5390014648438
0.053572037140838802,3499.7703857421875
0.053673899383284152,3495.0119781494141
0.053775683743879199,3490.2688751220703
0.053877466823905706,3485.5299377441406
0.053979293326847255,3480.7861175537109
0.0540811832761392,3476.0342712402344
0.054183180793188512,3471.2662963867188
0.054285233258269727,3466.4925689697266
0.054387292824685574,3461.7203674316406
0.05448934726882726,3456.9519958496094
0.054591372725553811,3452.1913299560547
0.054693381069228053,3447.4351654052734
0.054795380914583802,3442.6824951171875
0.05489739531185478,3437.9290924072266
0.0549993742024526,3433.1828308105469
0.055101322359405458,3428.4444427490234
0.055203318479470909,3423.6993103027344
0.055305430083535612,3418.9364013671875
0.055407637031748891,3414.1605987548828
0.055509915458969772,3409.375
0.055612197262234986,3404.5912322998047
0.055714482208713889,3399.8105621337891
0.055816818028688431,3395.0250701904297
0.055919217062182724,3390.2315521240234
0.056021643686108291,3385.4354095458984
0.056124077294953167,3380.6401214599609
0.056226463057100773,3375.8538818359375
0.05632881517522037,3371.0762634277344
0.056431214441545308,3366.2929992675781
0.056533645722083747,3361.5057373046875
0.056636036722920835,3356.7279052734375
0.056738343089818954,3351.9661865234375
0.056840636301785707,3347.2107391357422
0.056942976894788444,3342.451416015625
0.057045465218834579,3337.6701812744141
0.057147989515215158,3332.8849182128906
0.057250521029345691,3328.1020660400391
0.057353004231117666,3323.3302612304688
0.057455453905276954,3318.5683135986328
0.057557978318072855,3313.7975006103516
0.057660479214973748,3309.0318450927734
0.057762902695685625,3304.2829284667969
0.057865217328071594,3299.5547637939453
0.057967427186667919,3294.8480987548828
0.058069492573849857,3290.1686401367188
0.058171453769318759,3285.5091552734375
0.058273346163332462,3280.8652496337891
0.058375195018015802,3276.2299346923828
0.058477118262089789,3271.5876770019531
0.05857909400947392,3266.9388275146484
0.058681105263531208,3262.2883453369141
0.058783100335858762,3257.6438140869141
0.058885094476863742,3253.0024871826172
0.058987052878364921,3248.3701629638672
0.059088978101499379,3243.7476196289062
0.059190879226662219,3239.131591796875
0.059292779886163771,3234.5186004638672
0.059394633048214018,3229.9158020019531
0.059496425790712237,3225.3261871337891
0.059598139021545649,3220.7515716552734
0.059699763893149793,3216.1949920654297
0.059801297378726304,3211.6553497314453
0.05990274716168642,3207.1325836181641
0.060004084138199687,3202.6324310302734
0.060105420649051666,3198.1359710693359
0.060206825495697558,3193.6309661865234
0.060308286221697927,3189.1208343505859
0.060409758356399834,3184.6127471923828
0.060511194868013263,3180.1126098632812
0.060612587141804397,3175.6234588623047
0.060713978484272957,3171.1392822265625
0.060815378208644688,3166.6551208496094
0.060916749993339181,3162.1787567138672
0.061018058098852634,3157.7150421142578
0.061119310325011611,3153.2632904052734
0.061220510979183018,3148.8224639892578
0.06132165587041527,3144.39404296875
0.061422712751664221,3139.9827423095703
0.0615237025776878,3135.5842895507812
0.061624624999240041,3131.1997833251953
0.061725502833724022,3126.8274688720703
0.06182639324106276,3122.4553833007812
0.061927295639179647,3118.0846557617188
0.062028193729929626,3113.7185516357422
0.062129048863425851,3109.3600921630859
0.06222993042320013,3105.0029907226562
0.062330824788659811,3100.6458282470703
0.062431786442175508,3096.2813873291016
0.062532807816751301,3091.9100952148438
0.062633778783492744,3087.5476684570312
0.062734673963859677,3083.2011871337891
0.062835477176122367,3078.8722839355469
0.062936268979683518,3074.5468444824219
0.063037034007720649,3070.2279052734375
0.063137746648862958,3065.9213409423828
0.06323840853292495,3061.6246795654297
0.063339012092910707,3057.3386383056641
0.063439554767683148,3053.0673675537109
0.063540204777382314,3048.7825927734375
0.063640931504778564,3044.4862365722656
0.063741662772372365,3040.1914520263672
0.063842405448667705,3035.898681640625
0.063943176646716893,3031.6026000976562
0.064043968101032078,3027.3059539794922
0.064144834643229842,3023.0010375976562
0.064245737972669303,3018.6912536621094
0.064346685190685093,3014.3763275146484
0.064447684562765062,3010.0545654296875
0.06454864947590977,3005.7387237548828
0.064649578416720033,3001.4328308105469
0.06475048023276031,2997.1321105957031
0.064851465751416981,2992.8205718994141
0.064952472341246903,2988.506591796875
0.065053483587689698,2984.1934814453125
0.065154467709362507,2979.8872833251953
0.065255424240604043,2975.5867614746094
0.06535649613942951,2971.2711181640625
0.065457668388262391,2966.9405822753906
0.065558908274397254,2962.6023101806641
0.065660200663842261,2958.2567138671875
0.065761607722379267,2953.8972625732422
0.065863107680343091,2949.5222320556641
0.065964619861915708,2945.1486663818359
0.066066160099580884,2940.7727661132812
0.066167871584184468,2936.369384765625
0.066269675153307617,2931.952392578125
0.066371444147080183,2927.5425415039062
0.066473225364461541,2923.1330261230469
0.066575058619491756,2918.7176361083984
0.066676904447376728,2914.3032684326172
0.06677873176522553,2909.8924255371094
0.066880571190267801,2905.4815521240234
0.066982439602725208,2901.0671081542969
0.067084431182593107,2896.6342926025391
0.067186650121584535,2892.1649322509766
0.067288953228853643,2887.684326171875
0.067391252960078418,2883.2073211669922
0.067493612179532647,2878.7254638671875
0.067596008069813251,2874.2401428222656
0.067698463681153953,2869.7491607666016
0.067800979362800717,2865.2508850097656
0.067903539747931063,2860.7465667724609
0.068006183835677803,2856.2314147949219
0.068108809646219015,2851.7201232910156
0.068211471079848707,2847.2058563232422
0.068314145435579121,2842.6921081542969
0.068416887661442161,2838.1688232421875
0.068519650725647807,2833.6447906494141
0.068622442195191979,2829.1181793212891
0.06872517557349056,2824.6026763916016
0.068827849347144365,2820.1014251708984
0.068930552108213305,2815.5975952148438
0.069033275591209531,2811.0933074951172
0.069136035279370844,2806.5865325927734
0.069238831638358533,2802.0763549804688
0.069341679802164435,2797.5621032714844
0.069444572320207953,2793.0443115234375
0.069547493360005319,2788.5250244140625
0.069650403456762433,2784.0097961425781
0.069753302028402686,2779.4998626708984
0.069856150425039232,2774.9996948242188
0.069958955165930092,2770.5114898681641
0.070061733247712255,2766.0291595458984
0.070164524833671749,2761.5464019775391
0.07026733597740531,2757.0665740966797
0.070370144560001791,2752.5885467529297
0.070472949650138617,2748.1156463623047
0.070575705147348344,2743.6513061523438
0.070678385556675494,2739.2027282714844
0.07078103069216013,2734.7635955810547
0.070883689215406775,2730.3245391845703
0.07098638394381851,2725.8835144042969
0.071089067962020636,2721.4468536376953
0.071191701572388411,2717.0208892822266
0.071294268476776779,2712.6091461181641
0.07139676867518574,2708.2116241455078
0.071499241981655359,2703.8224182128906
0.071601720061153173,2699.4368286132812
0.071704210829921067,2695.0523223876953
0.071806659223511815,2690.6770172119141
0.071909034275449812,2686.3139801025391
0.07201131887268275,2681.9689331054688
0.07211350544821471,2677.6418151855469
0.072215632768347859,2673.3287963867188
0.072317844140343368,2669.0059509277344
0.072420124430209398,2664.6742553710938
0.072522386442869902,2660.3478240966797
0.072624637046828866,2656.0276641845703
0.072726853424683213,2651.7156219482422
0.072829003795050085,2647.4162445068359
0.072931111440993845,2643.1279296875
0.073033192660659552,2638.846435546875
0.073135262937285006,2634.5706939697266
0.073237290722317994,2630.3044281005859
0.073339260648936033,2626.0496520996094
0.073441195767372847,2621.8043212890625
0.07354314299300313,2617.5623931884766
0.073645056108944118,2613.3284912109375
0.073746888083405793,2609.1081085205078
0.07384862971957773,2604.9060668945312
0.07395032059866935,2600.7161865234375
0.074051969684660435,2596.5344696044922
0.074153592577204108,2592.3595428466797
0.074255188810639083,2588.1927185058594
0.074356758617796004,2584.0328063964844
0.074458294198848307,2579.8810272216797
0.074559810920618474,2575.7365570068359
0.074661286198534071,2571.6003265380859
0.074762679170817137,2567.4805221557617
0.074863982852548361,2563.3768768310547
0.074965197127312422,2559.2901611328125
0.075066376943141222,2555.21240234375
0.075167561648413539,2551.138557434082
0.075268751592375338,2547.0669937133789
0.075369899859651923,2543.0038757324219
0.075471037067472935,2538.9473037719727
0.075572179164737463,2534.8948059082031
0.075673302926588804,2530.8481216430664
0.07577440032036975,2526.8082122802734
0.075875471869949251,2522.7739868164062
0.07597654004348442,2518.7446670532227
0.076077566714957356,2514.7235488891602
0.076178519811946899,2510.7159423828125
0.076279439614154398,2506.7152633666992
0.076380222104489803,2502.7383422851562
0.076480922987684608,2498.7773895263672
0.076581604778766632,2494.8246002197266
0.076682300365064293,2490.8720092773438
0.076782970456406474,2486.9251098632812
0.076883598114363849,2482.9887542724609
0.076984191488008946,2479.0607528686523
0.077084759424906224,2475.1382598876953
0.07718526991084218,2471.2267990112305
0.077285721839871258,2467.3292465209961
0.077386186923831701,2463.433837890625
0.077486673428211361,2459.538200378418
0.077587173553183675,2455.6429977416992
0.077687624027021229,2451.7577972412109
0.077788000868167728,2447.8874969482422
0.077888311352580786,2444.0324401855469
0.077988588076550514,2440.1852645874023
0.07808885449776426,2436.3430404663086
0.078189087042119354,2432.5086364746094
0.07828923809574917,2428.6892318725586
0.078389339614659548,2424.8796920776367
0.078489391598850489,2421.0804061889648
0.07858936267439276,2417.2952499389648
0.07868926867377013,2413.52197265625
0.078789092600345612,2409.7661361694336
0.078888866817578673,2406.0211486816406
0.078988646564539522,2402.2787246704102
0.079088408674579114,2398.5413589477539
0.079188144824001938,2394.8111953735352
0.079287831613328308,2391.090690612793
0.079387444944586605,2387.3842315673828
0.079486937844194472,2383.6979598999023
0.079586420964915305,2380.0153884887695
0.079685925331432372,2376.3335952758789
0.079785427020397037,2372.6566696166992
0.079884887556545436,2368.9877624511719
0.07998432929161936,2365.3268737792969
0.08008373761549592,2361.6736068725586
0.08018309623003006,2358.0312576293945
0.080282389186322689,2354.4027557373047
0.080381609383039176,2350.7867431640625
0.080480780103243887,2347.1810684204102
0.080579901172313839,2343.5860290527344
0.080678964906837791,2340.0020065307617
0.080777987197507173,2336.4268493652344
0.080876952095422894,2332.8630142211914
0.080975868506357074,2329.3071441650391
0.08107465592911467,2325.7743148803711
0.081173440616112202,2322.2470703125
0.081272270763292909,2318.715705871582
0.081371099222451448,2315.186637878418
0.081469878437928855,2311.6670837402344
0.081568600668106228,2308.1583709716797
0.081667217542417347,2304.6699829101562
0.081765769806224853,2301.1929779052734
0.081864288658834994,2297.7235565185547
0.081962789758108556,2294.2595748901367
0.082061265711672604,2290.8005905151367
0.082159700046759099,2287.3508071899414
0.082258108537644148,2283.9076919555664
0.082356515165884048,2280.4673156738281
0.082454895600676537,2277.0348739624023
0.082553226849995553,2273.6125946044922
0.082651493197772652,2270.2027816772461
0.082749709603376687,2266.8048629760742
0.082847924262750894,2263.4096908569336
0.082946121576242149,2260.018684387207
0.083044331986457109,2256.6300582885742
0.083142517250962555,2253.2465057373047
0.083240669104270637,2249.8703384399414
0.083338795753661543,2246.5001831054688
0.083436850167345256,2243.1413345336914
0.08353478362550959,2239.8042678833008
0.083632643742021173,2236.4820098876953
0.08373055758420378,2233.1535186767578
0.083828500937670469,2229.8238754272461
0.083926411694847047,2226.4999237060547
0.084024249052163213,2223.1910095214844
0.084122013940941542,2219.8949584960938
0.084219643205869943,2216.6214370727539
0.084317183413077146,2213.3649291992188
0.084414722223300487,2210.1102523803711
0.084512251545675099,2206.85888671875
0.084609740180894732,2203.6144790649414
0.084707195463124663,2200.3779754638672
0.084804618207272142,2197.1470794677734
0.084901982569135725,2193.9305038452148
0.084999345359392464,2190.7163925170898
0.085096721712034196,2187.5043182373047
0.085194103943649679,2184.2948913574219
0.085291453346144408,2181.0916976928711
0.085388745239470154,2177.9007568359375
0.085485964955296367,2174.7214126586914
0.085583135485649109,2171.5525817871094
0.085680202173534781,2168.4000091552734
0.085777227999642491,2165.2557601928711
0.085874243814032525,2162.1164779663086
0.085971281456295401,2158.9767532348633
0.086068372358568013,2155.8316955566406
0.086165548185817897,2152.676513671875
0.086262691591400653,2149.5269241333008
0.08635970699833706,2146.3987731933594
0.086456696561072022,2143.2785415649414
0.086553660570643842,2140.1655044555664
0.08665061549982056,2137.0551910400391
0.086747552966699004,2133.9498977661133
0.086844434204977006,2130.8529281616211
0.086941298155579716,2127.7609100341797
0.087038089346606284,2124.681884765625
0.087134792527649552,2121.6169738769531
0.08723147859564051,2118.5559997558594
0.087328147841617465,2115.4988021850586
0.087424768775235862,2112.4494476318359
0.087521308858413249,2109.4150924682617
0.087617808487266302,2106.3878402709961
0.087714235007297248,2103.3745803833008
0.087810722412541509,2100.356803894043
0.087907263194210827,2097.3340911865234
0.08800383354537189,2094.3102798461914
0.088100417167879641,2091.2896728515625
0.088196960394270718,2088.2755279541016
0.088293462351430207,2085.2706069946289
0.088389915530569851,2082.2749786376953
0.088486343622207642,2079.2849197387695
0.088582738710101694,2076.3018188476562
0.088679085311014205,2073.3267364501953
0.088775415148120373,2070.3554000854492
0.088871718849986792,2067.3918304443359
0.088968052645213902,2064.4262619018555
0.08906440093414858,2061.4595413208008
0.08916073216823861,2058.4975051879883
0.08925698307575658,2055.5490264892578
0.089353208430111408,2052.6079177856445
0.089449385355692357,2049.6753692626953
0.089545513619668782,2046.7518844604492
0.089641609170939773,2043.8349075317383
0.089737624570261687,2040.9310913085938
0.089833598874974996,2038.0357284545898
0.089929587615188211,2035.1401977539062
0.090025606623385102,2032.241584777832
0.090121624409221113,2029.3444671630859
0.090217617456801236,2026.4523696899414
0.0903135379194282,2023.5735626220703
0.090409410418942571,2020.7024765014648
0.090505226340610534,2017.841667175293
0.090600945870392025,2014.9978485107422
0.090696608880534768,2012.1644897460938
0.090792309842072427,2009.3279418945312
0.090888032806105912,2006.4909591674805
0.090983808564487845,2003.6508255004883
0.091079567326232791,2000.8147201538086
0.091175340057816356,1997.9800720214844
0.091271134850103408,1995.1447525024414
0.091366927896160632,1992.3123321533203
0.091462688462343067,1989.4858551025391
0.091558392799925059,1986.6686553955078
0.091654056741390377,1983.8588485717773
0.091749664046801627,1981.0594100952148
0.091845167218707502,1978.277702331543
0.091940716840326786,1975.4902114868164
0.092036304413340986,1972.699462890625
0.092131929472088814,1969.9061889648438
0.092227530141826719,1967.1172790527344
0.092323066084645689,1964.3407211303711
0.092418538057245314,1961.5746765136719
0.092513968877028674,1958.818000793457
0.09260939055820927,1956.0648422241211
0.092704795475583524,1953.3151473999023
0.092800160113256425,1950.5722808837891
0.092895476205740124,1947.8382415771484
0.092990681063383818,1945.1206359863281
0.093085892498493195,1942.404167175293
0.09318110259482637,1939.6903228759766
0.093276288534980267,1936.9801712036133
0.093371449096594006,1934.2767028808594
0.093466537888161838,1931.5844650268555
0.093561648565810174,1928.892204284668
0.093656750919762999,1926.2010040283203
0.093751835927832872,1923.5148544311523
0.09384689579019323,1920.8347930908203
0.093941954139154404,1918.1578369140625
0.094037018599919975,1915.4833755493164
0.094132081838324666,1912.8111419677734
0.094227166613563895,1910.1397705078125
0.094322281540371478,1907.4665145874023
0.094417379586957395,1904.7971725463867
0.094512452720664442,1902.1333999633789
0.094607516541145742,1899.4734344482422
0.09470257128123194,1896.8161163330078
0.094797609373927116,1894.16259765625
0.094892614288255572,1891.516487121582
0.094987603137269616,1888.8725280761719
0.095082559564616531,1886.2341766357422
0.09517746715573594,1883.6053009033203
0.095272396982181817,1880.9749603271484
0.095367365109268576,1878.3402404785156
0.095462355413474143,1875.7047805786133
0.095557352295145392,1873.0700836181641
0.095652332529425621,1870.439208984375
0.095747256011236459,1867.8192749023438
0.095842154929414392,1865.2043380737305
0.095937021484132856,1862.5951538085938
0.096031894499901682,1859.9873962402344
0.096126789750996977,1857.3786315917969
0.09622167656198144,1854.7709121704102
0.09631656197598204,1852.1657028198242
0.096411423000972718,1849.5648651123047
0.096506266738288105,1846.9691848754883
0.096601101453416049,1844.3768463134766
0.096695904096122831,1841.7892150878906
0.096790674491785467,1839.2068481445312
0.096885412116535008,1836.6304550170898
0.096980156609788537,1834.0544281005859
0.097074923512991518,1831.476806640625
0.097169751999899745,1828.8923416137695
0.097264602605719119,1826.3073120117188
0.097359451581723988,1823.7254867553711
0.097454307018779218,1821.1454620361328
0.097549192083533853,1818.5651931762695
0.09764406830072403,1815.987419128418
0.097738920361734927,1813.4134826660156
0.0978337466949597,1810.8474807739258
0.097928642644546926,1808.2731246948242
0.098023553029634058,1805.6988296508789
0.098118446825537831,1803.1278076171875
0.098213323391973972,1800.5617294311523
0.0983081761514768,1797.9984512329102
0.098403027339372784,1795.4380645751953
0.098497854312881827,1792.8816375732422
0.098592703696340322,1790.3239440917969
0.098687575198709965,1787.7654418945312
0.098782438028138131,1785.2094497680664
0.098877291777171195,1782.6569366455078
0.098972120671533048,1780.1101303100586
0.099066908936947584,1777.5712814331055
0.099161696271039546,1775.0338897705078
0.099256513698492199,1772.4945602416992
0.099351368902716786,1769.9527587890625
0.099446223408449441,1767.4116058349609
0.099541053816210479,1764.8742904663086
0.099635843944270164,1762.3440551757812
0.099730562069453299,1759.8260955810547
0.099825295154005289,1757.3069305419922
0.099920027307234704,1754.7894248962402
0.10001474269665778,1752.2759323120117
0.1001094258390367,1749.7679862976074
0.1002040765597485,1747.2656631469727
0.10029874218162149,1744.762264251709
0.10039342980599031,1742.2588882446289
0.10048817133065313,1739.7494697570801
0.10058290441520512,1737.2417068481445
0.10067761258687824,1734.7396545410156
0.10077231167815626,1732.2411117553711
0.10086701746331528,1729.7434959411621
0.10096172179328278,1727.2490386962891
0.10105640924302861,1724.7590293884277
0.10115111857885495,1722.269775390625
0.10124582704156637,1719.7820472717285
0.1013405189733021,1717.2977561950684
0.10143518581753597,1714.8195152282715
0.10152992984512821,1712.3331604003906
0.10162475076504052,1709.8393173217773
0.10171955538680777,1707.3482971191406
0.10181432007811964,1704.8635673522949
0.10190904425689951,1702.3868789672852
0.10200367367360741,1699.9234466552734
0.10209830233361572,1697.4612998962402
0.1021929377457127,1694.9999198913574
0.10228761116741225,1692.5355987548828
0.10238229180686176,1690.0708618164062
0.10247702547349036,1687.6030349731445
0.1025717583252117,1685.136360168457
0.10266649781260639,1682.6713409423828
0.10276121291099116,1680.210865020752
0.10285588790429756,1677.7575416564941
0.1029505308251828,1675.309497833252
0.10304514889139682,1672.8673095703125
0.10313974251039326,1670.4299430847168
0.10323433496523649,1667.9951171875
0.10332891118014231,1665.5629348754883
0.10342350212158635,1663.1303176879883
0.10351808427367359,1660.7006607055664
0.1036126422113739,1658.2751884460449
0.10370712837902829,1655.8614959716797
0.10380158270709217,1653.4527816772461
0.10389600496273488,1651.0495948791504
0.103990379255265,1648.6543045043945
0.10408467426896095,1646.2712249755859
0.10417893744306639,1643.89306640625
0.10427321522729471,1641.5148277282715
0.10436753887915984,1639.1324157714844
0.10446185374166816,1636.7526321411133
0.10455618257401511,1634.3751106262207
0.10465052572544664,1631.9984817504883
0.1047448602039367,1629.6242942810059
0.10483920871047303,1627.2520980834961
0.10493357916129753,1624.880298614502
0.10502792580518872,1622.5116996765137
0.1051222556270659,1620.1473731994629
0.10521657654317096,1617.7862892150879
0.10531088075367734,1615.429557800293
0.10540519887581468,1613.075080871582
0.10549952433211729,1610.7203903198242
0.10559384094085544,1608.3687400817871
0.10568813345162198,1606.0210952758789
0.10578239371534437,1603.6794319152832
0.10587659804150462,1601.3471183776855
0.10597080166917294,1599.0160713195801
0.10606501990696415,1596.6851806640625
0.10615922196302563,1594.3570594787598
0.10625339893158525,1592.0357360839844
0.10634754435159266,1589.7187843322754
0.10644165653502569,1587.4106979370117
0.10653575259493664,1585.1054573059082
0.10662983247311786,1582.803092956543
0.10672388726379722,1580.5074462890625
0.10681791044771671,1578.2161483764648
0.10691192431841046,1575.9292373657227
0.10700591432396322,1573.6455841064453
0.10709988785674796,1571.3657341003418
0.10719380580121651,1569.0945014953613
0.10728767584078014,1566.8316497802734
0.10738152923295274,1564.573112487793
0.10747537371935323,1562.3180389404297
0.10756918671540916,1560.0668258666992
0.10766296746442094,1557.8216819763184
0.1077567080501467,1555.5839309692383
0.10785038582980633,1553.3541488647461
0.10794399201404303,1551.1362686157227
0.10803755873348564,1548.9241371154785
0.10813111660536379,1546.7151794433594
0.10822464275406674,1544.5108947753906
0.10831812117248774,1542.3142166137695
0.1084115986013785,1540.1198081970215
0.1085050668916665,1537.9293060302734
0.10859853454167023,1535.7403106689453
0.10869203921174631,1533.5513305664062
0.10878557385876775,1531.3613433837891
0.10887912282487378,1529.1723899841309
0.10897265520179644,1526.9876518249512
0.10906614776467904,1524.8094787597656
0.10915961646242067,1522.6348648071289
0.10925304447300732,1520.4691925048828
0.109346448618453,1518.3069763183594
0.10943980474257842,1516.1533164978027
0.10953315201913938,1514.0031852722168
0.10962647543055937,1511.8563652038574
0.10971976612927392,1509.7172470092773
0.10981304052984342,1507.5814933776855
0.10990632977336645,1505.4455032348633
0.10999961046036333,1503.3120231628418
0.11009286699118093,1501.1827774047852
0.1101860836497508,1499.0601806640625
0.11027926841052249,1496.9428787231445
0.11037242843303829,1494.8316497802734
0.11046557209920138,1492.724006652832
0.11055866803508252,1490.6240577697754
0.11065173160750419,1488.5308685302734
0.11074477119836956,1486.4416236877441
0.1108377943164669,1484.3559951782227
0.11093077715486288,1482.2783241271973
0.11102373589528725,1480.2051734924316
0.11111667094519362,1478.1350440979004
0.11120957403909415,1476.0701599121094
0.11130243720253929,1474.0120048522949
0.1113952134619467,1471.9671859741211
0.11148797324858606,1469.9262580871582
0.11158074007835239,1467.8862152099609
0.11167350591858849,1465.8482131958008
0.11176624015206471,1463.8145027160645
0.11185894231311977,1461.7866554260254
0.11195158952614293,1459.7658538818359
0.11204411863582209,1457.7619934082031
0.11213666253024712,1455.7581672668457
0.11222919053398073,1453.7562789916992
0.11232170212315395,1451.7582054138184
0.11241417372366413,1449.7672653198242
0.1125066370004788,1447.7783889770508
0.11259907577186823,1445.7948036193848
0.11269149044528604,1443.8156547546387
0.11278388096252456,1441.8411331176758
0.11287626280682161,1439.8693237304688
0.11296862817835063,1437.9014511108398
0.11306097672786564,1435.9383087158203
0.11315330892102793,1433.9788093566895
0.11324564722599462,1432.0225524902344
0.11333799239946529,1430.0677909851074
0.11343032884178683,1428.1162147521973
0.11352262593572959,1426.1698265075684
0.11361487489193678,1424.2325630187988
0.11370709986658767,1422.2992935180664
0.11379930836847052,1420.3698768615723
0.11389148479793221,1418.4460868835449
0.11398358270525932,1416.5332565307617
0.11407567939022556,1414.6234588623047
0.11416776030091569,1412.7154998779297
0.11425982479704544,1410.8112182617188
0.11435185716254637,1408.9131469726562
0.11444388906238601,1407.0160293579102
0.11453590489691123,1405.1215705871582
0.11462788848439232,1403.2336082458496
0.11471983219962567,1401.3523731231689
0.11481175950029865,1399.4749622344971
0.11490367841906846,1397.5998001098633
0.11499558057403192,1395.7293300628662
0.11508745100582018,1393.8636264801025
0.11517929780529812,1392.001070022583
0.11527111212490126,1390.1453380584717
0.11536290211370215,1388.2950210571289
0.11545465263770893,1386.4502468109131
0.115546386805363,1384.6089038848877
0.11563811230007559,1382.7706680297852
0.11572982143843547,1380.936014175415
0.11582150700269267,1379.1042079925537
0.1159131524618715,1377.279935836792
0.11600477428874001,1375.4590072631836
0.1160963875008747,1373.6407470703125
0.11618796864058822,1371.8283405303955
0.11627952550770715,1370.0213088989258
0.1163710585096851,1368.2179298400879
0.11646257521351799,1366.4180107116699
0.11655405262717977,1364.6232795715332
0.11664549034321681,1362.8347682952881
0.11673688073642552,1361.0530757904053
0.11682819266570732,1359.281810760498
0.1169194804970175,1357.515209197998
0.11701079859631136,1355.7469158172607
0.11710210877936333,1353.9793491363525
0.11719341034768149,1352.2144527435303
0.11728467221837491,1350.4560279846191
0.11737589427502826,1348.7042903900146
0.11746711528394371,1346.9549236297607
0.1175583204603754,1345.2079029083252
0.1176495008985512,1343.4669818878174
0.11774065752979368,1341.729564666748
0.11783179768826813,1339.9962940216064
0.11792292166501284,1338.2660636901855
0.11801399831892923,1336.542724609375
0.11810504295863211,1334.8251361846924
0.11819607100915164,1333.1121234893799
0.11828711413545534,1331.3986110687256
0.11837817175546661,1329.685791015625
0.11846921342657879,1327.9753189086914
0.11856024601729587,1326.2689647674561
0.11865125491749495,1324.5659275054932
0.11874222446931526,1322.8681507110596
0.1188331384328194,1321.1797370910645
0.11892402084777132,1319.4956245422363
0.11901486350689083,1317.8183174133301
0.11910572819761001,1316.1418361663818
0.11919658517581411,1314.4656181335449
0.1192874411935918,1312.7914199829102
0.11937825838685967,1311.1212539672852
0.11946905113290995,1309.4563903808594
0.11955978939658962,1307.7976207733154
0.11965048790443689,1306.1453285217285
0.11974111519521102,1304.5044460296631
0.11983173433691263,1302.8652744293213
0.11992236075457186,1301.2262134552002
0.12001299401163124,1299.5884761810303
0.1201036112906877,1297.95339012146
0.12019420473370701,1296.3220405578613
0.12028476654086262,1294.6954154968262
0.12037528827204369,1293.0762748718262
0.12046581687172875,1291.4587802886963
0.12055635286378674,1289.8409004211426
0.12064688844839111,1288.2237586975098
0.12073743095970713,1286.6075191497803
0.1208279573766049,1284.9942035675049
0.12091846755356528,1283.3843231201172
0.1210089924861677,1281.7746925354004
0.12109950921148993,1280.1667747497559
0.12119000981329009,1278.561918258667
0.12128048646263778,1276.9611511230469
0.12137092390912585,1275.3654842376709
0.12146132939960808,1273.7754001617432
0.12155166440061294,1272.1947212219238
0.12164199870312586,1270.615550994873
0.12173231720225886,1269.0386161804199
0.1218226196069736,1267.4645938873291
0.12191289820475504,1265.8942108154297
0.12200314493384212,1264.3292484283447
0.12209338383399881,1262.7648525238037
0.12218361438135616,1261.2026557922363
0.12227381335105747,1259.6449661254883
0.12236400321125984,1258.0913639068604
0.12245417735539377,1256.5397300720215
0.1225443581934087,1254.989839553833
0.12263452296610922,1253.442756652832
0.1227246792986989,1251.8980808258057
0.12281484258710407,1250.3542556762695
0.12290500500239432,1248.8124876022339
0.12299514393089339,1247.273494720459
0.12308525142725557,1245.7386817932129
0.12317533473833464,1244.2086410522461
0.12326537896296941,1242.6833963394165
0.12335539923515171,1241.1624441146851
0.12344539526384324,1239.6463327407837
0.12353539082687348,1238.1312818527222
0.12362539328751154,1236.6173820495605
0.12371537985745817,1235.1057577133179
0.1238053580163978,1233.5964946746826
0.12389532764791511,1232.0898447036743
0.12398526558536105,1230.5884418487549
0.12407520285341889,1229.0886163711548
0.12416510868933983,1227.5929670333862
0.12425500611425377,1226.0997428894043
0.12434487970313057,1224.6102695465088
0.12443471432197839,1223.1252193450928
0.1245245243771933,1221.6461763381958
0.12461431894917041,1220.1685667037964
0.12470412053517066,1218.6920042037964
0.12479393693502061,1217.2155542373657
0.12488376843975857,1215.7382326126099
0.12497358443215489,1214.2622852325439
0.12506339937681332,1212.7888164520264
0.12515318286023103,1211.3196306228638
0.12524291969020851,1209.8554954528809
0.12533263966906816,1208.3965654373169
0.12542229742393829,1206.9445581436157
0.12551193925901316,1205.4952335357666
0.12560159541317262,1204.0472812652588
0.12569125107256696,1202.6005706787109
0.12578090670285746,1201.1537599563599
0.12587057668133639,1199.7080907821655
0.12596021572244354,1198.2652711868286
0.12604983820347115,1196.8268165588379
0.12613947517820634,1195.3894100189209
0.12622909678611904,1193.9529409408569
0.12631870261975564,1192.5185527801514
0.1264083071728237,1191.0876331329346
0.12649791175499558,1189.6566257476807
0.12658753094729036,1188.2262582778931
0.12667713442351669,1186.7978086471558
0.12676670675864443,1185.3728685379028
0.12685624719597399,1183.9534692764282
0.12694578676018864,1182.5362310409546
0.12703531022998504,1181.1220598220825
0.12712481818743981,1179.709273815155
0.12721435594721697,1178.2961955070496
0.12730387836927548,1176.884006023407
0.12739338507526554,1175.4739151000977
0.12748287516296841,1174.0684289932251
0.12757236449397169,1172.6648545265198
0.12766182256746106,1171.265007019043
0.12775126495398581,1169.8671627044678
0.12784070670022629,1168.4706320762634
0.12793014728231356,1167.0770363807678
0.12801955730537884,1165.6851825714111
0.12810896613518707,1164.2963886260986
0.12819834327092394,1162.9126291275024
0.12828770483611152,1161.5303483009338
0.12837706541176885,1160.1505246162415
0.12846639458439313,1158.774863243103
0.12855572305852547,1157.4007921218872
0.12864503590390086,1156.028491973877
0.12873433262575418,1154.6592626571655
0.12882362882373855,1153.2912187576294
0.12891290930565447,1151.9250674247742
0.12900215873378329,1150.5621666908264
0.12909139168914407,1149.2034492492676
0.12918057752540335,1147.8511381149292
0.12926974715082906,1146.5021367073059
0.12935891607776284,1145.1548655033112
0.12944806923042051,1143.8097047805786
0.12953722215024754,1142.4649820327759
0.12962638950557448,1141.1211936473846
0.12971555613330565,1139.7791261672974
0.12980470663751476,1138.4403834342957
0.12989382643718272,1137.1037981510162
0.129982944810763,1135.7712135314941
0.13007204773020931,1134.4400169849396
0.13016113499179482,1133.1106736660004
0.13025022114743479,1131.7841238975525
0.130339260911569,1130.4621026515961
0.13042830015183426,1129.141326546669
0.13051732370513491,1127.8225055932999
0.1306063462398015,1126.5062552690506
0.13069533760426566,1125.1936529874802
0.13078434354974888,1123.8820829391479
0.1308733646874316,1122.5697303414345
0.13096240116283298,1121.2560288310051
0.13105145213194191,1119.9432654380798
0.13114045737893321,1118.6330362856388
0.1312294612871483,1117.3261494040489
0.13131843399605714,1116.0228922218084
0.13140737556386739,1114.7230617357418
0.13149630071711726,1113.4272793829441
0.13158521047444083,1112.1326457560062
0.13167413457995281,1110.8392226994038
0.13176305845263414,1109.5463294535875
0.13185198188875802,1108.2544789984822
0.13194090459728613,1106.9642923474312
0.13202981126960367,1105.6771451234818
0.13211870231316425,1104.391700387001
0.13220759245450608,1103.1086084842682
0.13229648198466748,1101.8273351788521
0.13238538624136709,1100.5462976694107
0.13247427533497103,1099.2657907009125
0.13256317900959402,1097.9858074188232
0.13265211274847388,1096.7049376964569
0.13274103149888106,1095.4243820905685
0.1328299495507963,1094.1456278562546
0.13291886672959663,1092.8689659833908
0.13300773795344867,1091.5956819057465
0.13309659238439053,1090.3273386955261
0.13318543115747161,1089.0608904361725
0.13327425415627658,1087.7966389656067
0.13336309138685465,1086.5341665744781
0.13345191342523322,1085.2721574306488
0.13354071992216632,1084.0117697715759
0.13362951026647352,1082.7547743320465
0.13371829997049645,1081.4993269443512
0.13380707381293178,1080.2463250160217
0.13389583170646802,1078.996148109436
0.13398455851711333,1077.7494337558746
0.13407329976325855,1076.5037667751312
0.13416204051463865,1075.2592530250549
0.13425078056752682,1074.0164914131165
0.1343394897703547,1072.7762715816498
0.13442819766351022,1071.5393958091736
0.13451689021894708,1070.3034300804138
0.13460559732629918,1069.0681793689728
0.13469430388067849,1067.8342583179474
0.13478297938127071,1066.6035807132721
0.13487162400269881,1065.3756589889526
0.13496028282679617,1064.1494188308716
0.13504891085904092,1062.9257128238678
0.13513752282597125,1061.7050400972366
0.1352261186693795,1060.4875717163086
0.13531468345900066,1059.2732807397842
0.13540323218330741,1058.0620710849762
0.13549174999934621,1056.8537586927414
0.13558026673854329,1055.6482232809067
0.13566875262768008,1054.4452954530716
0.13575722245150246,1053.2453706860542
0.13584570697275922,1052.0457108020782
0.13593419108656235,1050.8469345569611
0.13602265957160853,1049.6499890089035
0.1361111274745781,1048.4544161856174
0.13619959421339445,1047.2619293630123
0.13628803036408499,1046.0714989751577
0.13637645012931898,1044.8850032389164
0.13646485409117304,1043.7010874301195
0.1365532576746773,1042.5180384516716
0.13664164583315141,1041.3363742232323
0.13673003306030296,1040.1570556759834
0.13681838937918656,1038.9805380105972
0.13690672934171744,1037.8079610466957
0.13699508411809802,1036.6356426477432
0.13708343892358243,1035.4632855653763
0.13717180854291655,1034.2911441326141
0.1372601778130047,1033.1199429631233
0.13734854629728943,1031.9506897330284
0.13743688393151388,1030.7841334342957
0.13752519054105505,1029.6207256317139
0.1376134809688665,1028.460716098547
0.13770175524405204,1027.3039827812463
0.13779002940282226,1026.1472969502211
0.13787830318324268,1024.9914954006672
0.13796656133490615,1023.8376133739948
0.13805481878807768,1022.6854551434517
0.13814306032145396,1021.5360113382339
0.1382312708592508,1020.3897147774696
0.13831946524442174,1019.2467695474625
0.13840764344786294,1018.1070885658264
0.1384957906557247,1016.9706050157547
0.13858390695531853,1015.8369882106781
0.13867203719564714,1014.7057542800903
0.13876016778522171,1013.5734974145889
0.13884832835174166,1012.4405001401901
0.13893648853991181,1011.308450460434
0.13902463289559819,1010.1787800788879
0.13911277664010413,1009.0509791374207
0.13920091994805261,1007.9243590831757
0.13928906319779344,1006.7979457378387
0.13937722097034566,1005.6722934246063
0.13946536328876391,1004.5481641292572
0.13955350485048257,1003.4258720874786
0.13964163057971746,1002.3058998584747
0.1397297405928839,1001.1881039142609
0.13981786544900388,1000.0703887939453
0.13990597493830137,998.9538562297821
0.13999408355448395,997.83947086334229
0.14008214621571824,996.72867584228516
0.14017022310872562,995.61957454681396
0.14025826929719187,994.51278591156006
0.14034629959496669,993.40870523452759
0.14043429898447357,992.30736827850342
0.14052229735534638,991.2088475227356
0.14061026484705508,990.11303377151489
0.14069821647717617,989.01980924606323
0.1407861522748135,987.92892694473267
0.14087407197803259,986.84114503860474
0.14096199133200571,985.75423812866211
0.14104991022031754,984.66850996017456
0.14113782843924128,983.58448696136475
0.14122574595967308,982.50238275527954
0.14131367861409672,981.41947937011719
0.14140162573312409,980.33762645721436
0.14148954223492183,979.2578010559082
0.14157744284602813,978.18064022064209
0.1416653269843664,977.10757446289062
0.14175319584319368,976.03530788421631
0.14184106420725584,974.96416282653809
0.14192891694256105,973.89497566223145
0.14201676871743985,972.82820320129395
0.14210458970046602,971.76415681838989
0.14219237980432808,970.70289278030396
0.14228015395929106,969.64444351196289
0.14236791213625111,968.5887131690979
0.14245565442251973,967.53569984436035
0.14254338087630458,966.48515176773071
0.14263107659644447,965.43694639205933
0.14271875633858144,964.39159297943115
0.14280645051621832,963.34730529785156
0.14289411425124854,962.30461883544922
0.14298177722957917,961.26393127441406
0.14306940950336866,960.22557640075684
0.14315702550811693,959.19083499908447
0.1432446411345154,958.15698909759521
0.14333225614973344,957.12458419799805
0.14341985559440218,956.09417152404785
0.14350750009180047,955.06287097930908
0.14359514461830258,954.03143978118896
0.14368277374887839,953.00125789642334
0.14377040188992396,951.97372531890869
0.14385801457683556,950.9476203918457
0.14394561148947105,949.92394828796387
0.1440331777848769,948.9023962020874
0.14412075825384818,947.88266372680664
0.14420830801827833,946.86534690856934
0.14429584192112088,945.8506383895874
0.1443833596422337,944.83944511413574
0.14447086185100488,943.8297643661499
0.14455834840191528,942.82206726074219
0.14464581909123808,941.81714630126953
0.14473328966414556,940.81273746490479
0.14482077502179891,939.80859851837158
0.14490826014662161,938.80513000488281
0.14499572981731035,937.80308723449707
0.14508319855667651,936.80337238311768
0.14517062154482119,935.80651378631592
0.14525804342702031,934.81264972686768
0.1453454194997903,933.82168579101562
0.14543279455392621,932.83343982696533
0.1455201538046822,931.84750080108643
0.14560748229268938,930.86417675018311
0.14569482550723478,929.88122797012329
0.14578215361689217,928.89867544174194
0.1458694961911533,927.91733837127686
0.14595680829370394,926.93764066696167
0.14604415014036931,925.95783758163452
0.14613149175420403,924.9783878326416
0.14621881791390479,924.00037527084351
0.14630614317138679,923.02476644515991
0.14639342229929753,922.05285501480103
0.14648071568808518,921.08272933959961
0.14656799388467334,920.11315202713013
0.14665528674959205,919.14427280426025
0.14674257938168012,918.17583465576172
0.14682988682761788,917.2077784538269
0.146917178935837,916.2408504486084
0.14700445541529916,915.27590084075928
0.14709173078881577,914.31378793716431
0.14717899082461372,913.35285234451294
0.14726625024923123,912.39345788955688
0.14735349424881861,911.4355320930481
0.14744075259659439,910.4790563583374
0.14752798064728267,909.52401065826416
0.14761522298795171,908.57046175003052
0.1477024347987026,907.61877393722534
0.14778963089338504,906.66921806335449
0.14787681118468754,905.7220458984375
0.1479639756726101,904.77726602554321
0.14805110945599154,903.83473539352417
0.14813822755240835,902.8944091796875
0.14822534477571025,901.95623540878296
0.14831244686502032,901.01858973503113
0.14839956344803795,900.08195662498474
0.14848666457692161,899.1467399597168
0.14857374998973683,898.21350359916687
0.14866083493689075,897.28147602081299
0.14874790445901453,896.35081100463867
0.14883497316623107,895.42240762710571
0.14892204146599397,894.49506330490112
0.14900914003374055,893.56673073768616
0.14909626913140528,892.63629364967346
0.14918339799623936,891.70636773109436
0.14927051146514714,890.77771472930908
0.14935762420645915,889.85099339485168
0.14944472117349505,888.92652606964111
0.14953180233715102,888.00444459915161
0.14961885253433138,887.0854856967926
0.14970591760356911,886.16652536392212
0.14979299748665653,885.24787676334381
0.14988006209023297,884.33015429973602
0.14996712608262897,883.41409862041473
0.15005417441716418,882.50000703334808
0.15014119210536592,881.58818733692169
0.1502282089786604,880.67850434780121
0.15031519523472525,879.77093088626862
0.15040216586203314,878.86533832550049
0.15048913581995293,877.96148037910461
0.15057609023642726,877.05921202898026
0.15066302916966379,876.1584592461586
0.15074995261966251,875.25927504897118
0.15083687545848079,874.36168950796127
0.15092378275585361,873.46572768688202
0.1510106744535733,872.57161624729633
